other,0.2917303,0.1648243,0.2981748,-0.2080978,-0.7082776,-0.6640428,-0.1186812,0.1828599,-0.8308674,0.3886112,34.20908
other,-0.1297348,-0.05666323,-0.09272213,-0.1794709,-0.7341533,-0.6489075,-0.08790943,-0.2341367,-1.04632,0.05042722,34.32502
other,0.02090088,-0.2914434,0.01871589,-0.1533447,-0.7582653,-0.6269749,-0.09176943,-0.03259277,-1.277387,0.2170802,34.42523
other,-0.0001880163,0.01196176,-0.002061335,-0.1496297,-0.7605834,-0.6257713,-0.08679909,-0.05577195,-0.9721442,0.200976,34.52542
other,-0.02564069,0.02704789,-0.02622168,-0.1467432,-0.7631234,-0.6236407,-0.08474243,-0.079684,-0.95604,0.1829191,34.60893
other,-0.01038519,-0.02679048,-0.06024788,-0.1460319,-0.7651523,-0.6209211,-0.08759826,-0.05796897,-1.008499,0.1546161,34.72491
other,-0.06862596,-0.02358675,-0.07764017,-0.1483246,-0.7620383,-0.6225425,-0.09868309,-0.1031075,-1.007524,0.1289956,34.82491
other,-0.0225836,-0.0173771,0.02648222,-0.1517968,-0.7600503,-0.6241568,-0.09853664,-0.06260419,-1.003864,0.2295233,34.9249
other,-0.006745405,-0.02621195,0.06940813,-0.1494666,-0.7606347,-0.6240966,-0.09796914,-0.04454879,-1.012159,0.2727121,35.02481
other,0.04949198,0.075384,0.07032745,-0.137534,-0.7568738,-0.63146,-0.09738955,0.02303915,-0.914071,0.2551438,35.12503
other,0.1265771,0.0287507,0.06914174,-0.1245369,-0.755574,-0.6347932,-0.1031309,0.1242997,-0.961895,0.2429435,35.22512
other,0.05606837,-0.009915863,0.06377639,-0.1118179,-0.7534204,-0.6391426,-0.1065418,0.07379156,-1.003375,0.2251308,35.3252
other,-0.003250474,0.06939656,0.003699595,-0.09165519,-0.7522609,-0.6431599,-0.1097642,0.04426716,-0.9240758,0.1531519,35.42529
other,0.02472434,0.009784287,-0.02779047,-0.0688405,-0.755149,-0.6435494,-0.1041881,0.0937997,-0.9811718,0.1228962,35.52538
other,0.005074155,0.01416462,-0.06058727,-0.05847144,-0.7572821,-0.6435568,-0.0945487,0.07330455,-0.9758038,0.09385882,35.60877
other,0.0673076,-0.004451222,-0.08955032,-0.04541454,-0.7636497,-0.6399499,-0.07239306,0.1199072,-0.9914194,0.08141579,35.70885
other,0.02352415,-0.06723989,-0.1284744,-0.02735806,-0.76536,-0.6409816,-0.0511688,0.06695933,-1.055348,0.04530343,35.80893
other,0.1148069,-0.1239779,0.1208294,0.01015365,-0.7640883,-0.6439486,-0.0373652,0.185544,-1.115128,0.2900363,35.92493
other,-0.005966779,0.1209068,0.1881136,0.02023041,-0.7636104,-0.644552,-0.03228882,0.06988765,-0.8681996,0.35616,36.02485
other,-0.07659575,0.05897889,0.1481033,0.01913029,-0.7651159,-0.6434284,-0.01521534,-0.02844457,-0.9301752,0.3205363,36.12495
other,-0.06243879,-0.003580855,0.07917989,0.008297235,-0.7664981,-0.6421644,-0.006057024,-0.04235177,-0.995079,0.2556308,36.22504
other,-0.06501297,0.07755709,0.02455298,-0.003728747,-0.768008,-0.6404263,0.001969337,-0.07285176,-0.9108999,0.2051242,36.32482
other,-0.01734611,-0.004021874,0.04825816,-0.002721369,-0.7717545,-0.6358846,0.006178111,-0.03039575,-0.9894667,0.2402594,36.42488
other,-0.06160235,-0.006382076,-0.008095616,-0.004134178,-0.7731162,-0.6342236,0.005891562,-0.07602438,-0.9916637,0.1882871,36.52502
other,-0.03974914,0.06916899,0.004846729,-0.008438706,-0.7732161,-0.6340716,0.004344732,-0.05723611,-0.9150481,0.201463,36.62531
other,-0.04741104,0.01144051,-0.02719594,-0.01006797,-0.7747649,-0.632138,-0.006288946,-0.05040388,-0.971167,0.1741356,36.70879
other,-0.08668178,-0.1188068,0.03518235,-0.009848952,-0.7762411,-0.6300757,-0.01890498,-0.06968071,-1.100975,0.241235,36.80896
other,-0.08383427,-0.03715864,0.03715942,-0.01949471,-0.7781506,-0.6273803,-0.02226296,-0.07358462,-1.020455,0.2502643,36.92491
other,-0.02749689,-0.002917529,0.04370582,-0.01987362,-0.7778416,-0.6278087,-0.02058432,-0.02039246,-0.98532,0.2556308,37.02488
other,0.01873907,0.06085334,0.06593547,-0.008780122,-0.7742174,-0.6326857,-0.0148007,0.03060425,-0.9238315,0.2658799,37.12495
other,0.08947051,0.03540711,0.0745342,0.006661862,-0.7679275,-0.6403815,-0.01242921,0.1172232,-0.9526231,0.2548995,37.22497
other,0.08885676,0.001561798,0.02307545,0.01359692,-0.7615786,-0.6477822,-0.0138371,0.127715,-0.9889797,0.1841389,37.32499
other,0.04590552,0.03942296,0.04812068,0.03179687,-0.7567423,-0.6527241,-0.01676515,0.1130765,-0.9516475,0.196095,37.425
other,0.01810764,0.008947373,-0.002182713,0.05184925,-0.7543778,-0.6542951,-0.01112413,0.1030717,-0.9809276,0.1419272,37.52501
other,-0.02401803,0.02923334,0.005455937,0.07258865,-0.7516302,-0.6555457,0.006533951,0.06159126,-0.9601882,0.1463197,37.62502
other,0.01554936,0.02595999,-0.04547894,0.09778616,-0.752105,-0.6507113,0.03675136,0.08770032,-0.9623836,0.1053278,37.72503
other,0.0559091,-0.04289704,-0.03012393,0.1269737,-0.7525935,-0.6426625,0.06682587,0.1186873,-1.029727,0.1353393,37.82505
other,0.01859516,-0.01119185,-0.0378536,0.1623588,-0.7460225,-0.6382283,0.098766,0.07867107,-0.9987387,0.128507,37.92505
other,0.05506838,0.01418445,0.08895551,0.2176919,-0.7366626,-0.6258209,0.1352278,0.1286922,-0.9718999,0.2700281,38.02505
other,-0.05530037,-0.02205053,0.08511886,0.2552831,-0.7326312,-0.6094896,0.1631085,0.01718406,-1.0024,0.289792,38.12507
other,-0.03014438,0.1095918,0.1063085,0.2850047,-0.7242793,-0.5961842,0.196866,0.0247476,-0.8703951,0.3188278,38.22508
other,-0.05495057,-0.02126282,0.05560318,0.3105062,-0.7197687,-0.57755,0.2279362,-0.02429637,-0.9977631,0.2853995,38.32508
other,-0.05740139,-0.0001746569,0.05869965,0.3380777,-0.7104258,-0.5594435,0.2608093,-0.04967258,-0.975071,0.2975998,38.42509
other,-0.08377078,0.007204208,0.037706,0.3720488,-0.6963983,-0.5364001,0.2981341,-0.09993642,-0.9653119,0.2853995,38.5251
other,-0.06720061,-0.007295913,0.03005876,0.4186014,-0.6696773,-0.507813,0.3441383,-0.1031075,-0.9789748,0.278323,38.62511
other,-0.03054062,0.04962512,0.01816193,0.4573748,-0.6410902,-0.4829929,0.3827917,-0.079684,-0.9228559,0.259292,38.72513
other,-0.05279113,-0.02390621,0.005649193,0.4961398,-0.6129749,-0.4579158,0.4103904,-0.1016449,-0.9948348,0.25002,38.82513
other,-0.03449198,-0.03775837,0.004212625,0.5263601,-0.5847482,-0.440102,0.4328103,-0.07748853,-1.011183,0.2429435,38.92513
other,-0.06534361,0.07066184,-0.01151987,-0.5482001,0.5616434,0.4309705,-0.4453063,-0.09310418,-0.9040676,0.2209841,39.02514
other,-0.04901274,-0.09850007,-0.09865863,-0.5670568,0.5417899,0.4269347,-0.4501524,-0.0526009,-1.074379,0.1321682,39.12515
other,-0.09172786,0.08309817,-0.01772109,-0.5713979,0.5282253,0.428683,-0.4590351,-0.08676052,-0.898211,0.1941438,39.22517
other,-0.07671341,-0.04428758,0.01693294,-0.5757816,0.5198132,0.4293461,-0.4625276,-0.06309276,-1.027287,0.2212269,39.32517
other,0.06040615,0.06428453,0.06065118,-0.5758188,0.5019623,0.4295348,-0.4816289,0.0715961,-0.9250514,0.2283034,39.42519
other,0.1321371,-0.06519098,0.07418343,-0.5863959,0.4835482,0.4235926,-0.492839,0.1523599,-1.055835,0.2300119,39.5252
other,0.04320741,0.1000848,0.04648001,-0.6051124,0.4505587,0.4169126,-0.5069711,0.09111566,-0.8930872,0.1853588,39.62521
other,0.0836986,-0.0003457156,0.02872642,-0.6282141,0.4213396,0.4006845,-0.5169836,0.1516271,-0.989711,0.1734028,39.72521
other,0.01403269,0.001555963,0.01974484,-0.6504201,0.3890813,0.3788452,-0.5310798,0.0937997,-0.9867842,0.1690119,39.82522
other,0.05762002,0.03998447,-0.01710364,-0.6702516,0.3547028,0.3553523,-0.5465102,0.1465033,-0.947255,0.1333881,39.92522
other,-0.001243975,-0.01196633,-0.02406207,-0.6886309,0.3228283,0.3302253,-0.5590354,0.09282411,-0.9972761,0.1331438,40.02523
other,-0.01777466,0.01653445,-0.03713895,-0.704986,0.295422,0.3010121,-0.5701862,0.06988765,-0.9667761,0.1316796,40.12524
other,0.02886114,-0.0171048,-0.04507311,-0.7234626,0.2637864,0.2648507,-0.5804074,0.106,-0.9982517,0.1411959,40.22526
other,0.06197549,-0.07121664,-0.08051588,-0.7354542,0.2289722,0.2321597,-0.5939534,0.1316205,-1.053395,0.1065477,40.32525
other,0.01982276,-0.1079468,-0.004246334,-0.7478878,0.1942079,0.2035805,-0.6012503,0.09111566,-1.090727,0.1907269,40.42527
other,-0.01597911,0.07208506,0.05080757,-0.7538198,0.1715602,0.1857512,-0.6064811,0.05622318,-0.9094357,0.2468474,40.52528
other,-0.02680431,0.03029791,0.0924335,-0.7587733,0.1584876,0.1656701,-0.6096705,0.03157983,-0.9511589,0.2949158,40.62528
other,-0.05109594,0.01526264,0.07218479,-0.7608975,0.1509584,0.1434699,-0.6145429,-0.01819544,-0.9665318,0.2763718,40.72528
other,-0.0967264,0.0203981,0.01353525,-0.7609078,0.1510551,0.127613,-0.617994,-0.08920027,-0.961895,0.2178115,40.82529
other,-0.03455143,0.06276124,0.01874479,-0.7627248,0.1487003,0.1110576,-0.6195202,-0.04942829,-0.9182191,0.2270835,40.90863
other,-0.01727113,0.006632586,-0.008001323,-0.766005,0.1415776,0.09720659,-0.6194699,-0.04381593,-0.9721442,0.2060998,41.00864
other,-0.04355502,-0.01183991,0.00655029,-0.7674542,0.1377725,0.09460178,-0.6189371,-0.06894785,-0.9899552,0.2229353,41.10866
other,-0.05114146,0.03167805,-0.04002057,-0.7664682,0.1378607,0.09671468,-0.6198123,-0.07382891,-0.947255,0.1734028,41.20867
other,-0.03736982,-0.02284397,-0.08053703,-0.7643462,0.1380974,0.103727,-0.6212445,-0.05040388,-1.0024,0.1263116,41.30869
other,-0.1278779,-0.08715301,0.0298412,-0.7612319,0.13664,0.1170304,-0.6230243,-0.1199446,-1.069988,0.226595,41.40869
other,-0.0557065,-0.003990949,0.03302977,-0.7589242,0.1341311,0.1133431,-0.6270535,-0.05186804,-0.9901996,0.2217155,41.5087
other,-0.05968788,0.03060512,0.03913682,-0.7594936,0.1267788,0.1066161,-0.6290703,-0.05723611,-0.9555514,0.2256194,41.6087
other,0.1007553,0.03621865,0.05777969,-0.7592646,0.1114729,0.09681803,-0.6338117,0.106487,-0.9506719,0.2361112,41.70871
other,0.08975963,0.02436503,0.08838946,-0.7582145,0.1000062,0.09883305,-0.6366644,0.1123437,-0.9631149,0.2585591,41.80872
other,0.09165546,-0.03269468,0.04299242,-0.759594,0.08644816,0.0980916,-0.6371199,0.1306434,-1.0207,0.2124435,41.90873
other,0.04128391,0.03738552,0.0008084567,-0.7602985,0.06430864,0.09777847,-0.6389444,0.1079512,-0.9492077,0.165595,42.00873
other,0.005247389,0.02882938,0.01549168,-0.7602512,0.04637244,0.09560886,-0.6408796,0.09135995,-0.9565269,0.1760868,42.10874
other,-0.000446209,0.02377016,-0.03464258,-0.761062,0.02771273,0.08521244,-0.6424605,0.0937997,-0.9604309,0.1255803,42.20875
other,0.06301688,0.005483993,-0.04962219,-0.7660211,0.01549867,0.06832415,-0.638986,0.1479675,-0.9765351,0.1246031,42.30877
other,0.06121915,0.007184369,-0.07317003,-0.7687919,0.007428616,0.05062535,-0.6374488,0.1296678,-0.9748266,0.1092317,42.40877
other,0.0539311,-0.1127342,-0.06491437,-0.7706288,-0.001158774,0.03387687,-0.6363821,0.1077085,-1.09512,0.1231389,42.50877
other,0.09014103,-0.1209293,0.02015262,-0.767837,-0.02126518,0.01886967,-0.6400141,0.1465033,-1.105856,0.2007317,42.60878
other,-0.002516722,0.1028367,0.0319162,-0.7645284,-0.03540361,0.0234091,-0.6431912,0.07915964,-0.8830839,0.2041471,42.70879
other,-0.02179605,0.1158264,0.1366496,-0.761871,-0.03156403,0.01179484,-0.6468518,0.03719219,-0.8721035,0.3000395,42.80877
other,0.0147462,-0.06695817,0.06804351,-0.7639946,-0.03492871,-0.00174427,-0.6442741,0.05720033,-1.054128,0.2383083,42.9088
other,-0.07462309,0.06276387,0.02792957,-0.7647515,-0.01954395,-0.01132956,-0.6439292,-0.06675239,-0.9262713,0.1990233,43.02478
other,-0.01410128,0.03235324,-0.002658363,-0.7696319,-0.0026429,-0.0165506,-0.6382679,-0.03625239,-0.9523787,0.182432,43.12509
other,-0.01413591,0.05521433,0.01644335,-0.7719594,0.009546995,-0.01322696,-0.6354624,-0.04674425,-0.9272468,0.2087838,43.2252
other,-0.03839837,0.0274507,-0.06549679,-0.7751978,0.01557899,-0.006050736,-0.6314974,-0.06748369,-0.9523787,0.1370477,43.30863
other,-0.01131874,-0.046527,-0.05150465,-0.7780645,0.01866549,0.008768767,-0.6278458,-0.02112376,-1.025092,0.1602269,43.40873
other,-0.06967159,-0.02800258,-0.1074505,-0.7743862,0.02728698,0.02382582,-0.6316754,-0.06724096,-1.008744,0.0936161,43.50883
other,-0.1011616,-0.05565885,0.06279143,-0.7711623,0.0411303,0.03887209,-0.6341182,-0.09334847,-1.039732,0.2561194,43.60894
other,-0.09850519,0.1164683,0.01356521,-0.7696717,0.04638821,0.04068801,-0.6354511,-0.09481263,-0.8694195,0.2034158,43.70861
other,0.1565419,0.09574125,0.07094745,-0.7657606,0.04089779,0.05322811,-0.639613,0.1857883,-0.8896719,0.2473359,43.8247
other,0.01052624,-0.07813465,0.08124006,-0.7650304,0.04648218,0.06305301,-0.6392123,0.04768405,-1.064864,0.2566079,43.92479
other,0.06680693,0.08197244,0.0001874936,-0.7620878,0.03270352,0.0709348,-0.6427449,0.1330831,-0.9052875,0.1643751,44.02526
other,-0.005193648,0.0447639,-0.01532862,-0.762359,0.0222353,0.0784463,-0.6419972,0.08599187,-0.9389601,0.1482709,44.10875
other,0.01219253,0.01363131,-0.0544361,-0.7645247,0.01799497,0.07207125,-0.6402997,0.09941206,-0.9687273,0.1153311,44.22494
other,0.08652506,-0.001420011,-0.05296249,-0.7680942,0.01568273,0.05617851,-0.6376749,0.1528485,-0.9831231,0.1275314,44.32494
other,0.03123241,-0.03807355,-0.1273045,-0.768672,0.009952337,0.03861201,-0.6383991,0.07793976,-1.021431,0.0548197,44.425
other,0.1191109,-0.007311764,-0.002358682,-0.7645174,-0.007885933,0.02111158,-0.644209,0.1616319,-0.9938592,0.1670591,44.52513
other,0.1558622,0.0440537,0.09751692,-0.7631216,-0.02330497,0.02524516,-0.645341,0.2248274,-0.9448152,0.2641715,44.62511
other,-0.047235,0.05656471,0.1109065,-0.7651677,-0.01507765,0.01898107,-0.6433746,0.001324125,-0.9296882,0.2827154,44.72515
other,-0.02601671,-0.08365492,0.1235479,-0.7682065,-0.01602498,0.01471934,-0.6398323,0.01718406,-1.068035,0.3046763,44.8252
other,-0.08870059,-0.0189492,0.02190754,-0.7730072,-0.002101153,0.01147044,-0.6342901,-0.06821655,-1.00362,0.2178115,44.92521
other,-0.003437037,0.09879561,-0.003460268,-0.7758982,0.01263267,0.004540682,-0.6307153,-0.01234035,-0.8816198,0.2012203,45.02523
other,-0.0474594,0.0007366514,-0.007982943,-0.7808679,0.0155254,0.0060049,-0.6244744,-0.0574804,-0.9755595,0.2121992,45.10859
other,-0.0437633,-0.02255884,-0.02379265,-0.7837432,0.0154413,0.009090722,-0.6208265,-0.04869543,-0.9977631,0.2056112,45.20862
other,-0.03993065,0.01597265,-0.03236642,-0.7845282,0.01781112,0.01454571,-0.6196666,-0.03918071,-0.9579911,0.1995119,45.30865
other,-0.04703789,-0.03321447,-0.04457239,-0.7842197,0.02131599,0.02867961,-0.6194534,-0.02844457,-1.007035,0.1865802,45.40869
other,-0.08206171,-0.04760013,0.03258737,-0.782971,0.0296298,0.04501653,-0.6197192,-0.04820842,-1.023139,0.2609989,45.5087
other,-0.03320769,-0.02788666,0.01667232,-0.7838396,0.0383715,0.05295032,-0.6175105,0.002544,-1.00362,0.2492871,45.60872
other,-0.02295647,0.04144523,0.004655272,-0.7816311,0.04347369,0.05524945,-0.6197664,0.009620522,-0.9350547,0.2309874,45.70874
other,-0.01979658,0.01750741,0.02759076,-0.7798999,0.03809285,0.04751825,-0.6229342,0.006936485,-0.9604309,0.2475802,45.80877
other,0.06327073,0.02730278,0.05555062,-0.7757269,0.02515388,0.04458314,-0.6289891,0.1008762,-0.9528673,0.2607561,45.90879
other,0.07757489,-0.01147212,0.003094726,-0.7736252,0.01960635,0.04646605,-0.6316332,0.1247883,-0.992395,0.2012203,46.00881
other,0.04954934,0.02085934,0.04831241,-0.7707694,0.006436855,0.04671764,-0.6353666,0.1135635,-0.961895,0.2370868,46.10883
other,-0.0005885249,0.01234667,-0.003548289,-0.7693568,-0.01268414,0.04390806,-0.6371822,0.08330784,-0.9689716,0.1809679,46.20885
other,-0.05674453,0.0105718,-0.005816787,-0.7650819,-0.03742656,0.03065041,-0.6421133,0.03841207,-0.9716556,0.1680363,46.32479
other,0.009584595,0.01618163,-0.03311342,-0.7626848,-0.06500635,0.006981313,-0.6434572,0.1040473,-0.9660432,0.1389989,46.42527
other,0.02743454,-0.003744134,-0.0512008,-0.7617308,-0.0924848,-0.02309006,-0.6408428,0.1108795,-0.98532,0.1265558,46.50891
other,0.069782,-0.002349796,-0.09054461,-0.7576485,-0.1243304,-0.06039515,-0.6378582,0.1369886,-0.9855628,0.08873504,46.62503
other,0.07290161,-0.1737763,0.01729207,-0.7519915,-0.1638941,-0.09451964,-0.6314377,0.1379642,-1.158071,0.2026829,46.72459
other,-0.01695242,0.1163876,0.03245855,-0.7404919,-0.2020495,-0.1150478,-0.6305646,0.06769219,-0.8664911,0.2112236,46.8246
other,-0.02194886,-0.01276454,0.07018492,-0.7347324,-0.2343509,-0.1451588,-0.61982,0.05549188,-0.9945921,0.2602676,46.92504
other,-0.03224414,-0.01653532,0.05680277,-0.7295758,-0.2592713,-0.1734957,-0.6086023,0.03035996,-0.9972761,0.2563637,47.02505
other,-0.03656782,0.04834126,0.06476367,-0.7210369,-0.2810034,-0.204229,-0.5995277,0.00595934,-0.9333478,0.2629516,47.12506
other,-0.05845647,0.02419076,0.08010849,-0.7104458,-0.3137547,-0.2438324,-0.5808359,-0.04040059,-0.95604,0.2868637,47.22507
other,-0.07143582,-0.01120459,0.04553422,-0.698644,-0.345776,-0.2789305,-0.5608326,-0.07334033,-0.9894667,0.2612431,47.32508
other,-0.01104361,-0.0217901,0.0445829,-0.6850595,-0.3786862,-0.3135555,-0.5375622,-0.03356836,-0.9980074,0.2705151,47.42509
other,-0.03480132,0.005707468,0.02122728,-0.6711159,-0.4086263,-0.3451663,-0.513311,-0.07870841,-0.9679959,0.2566079,47.5251
other,-0.01683194,0.05217972,0.01798181,-0.6536353,-0.4392572,-0.3765817,-0.4878526,-0.08065959,-0.9182191,0.2588034,47.6251
other,-0.0167667,-0.01422608,0.007436508,-0.628831,-0.4731469,-0.4090732,-0.4619121,-0.09432406,-0.9845872,0.2466031,47.72511
other,-0.04585993,-0.002449281,-0.008153637,-0.5950868,-0.5095763,-0.4430393,-0.435798,-0.1292165,-0.975071,0.220007,47.82511
other,-0.04506326,0.03906995,0.006082042,-0.5663351,-0.5364143,-0.4649631,-0.4187284,-0.1226286,-0.9357875,0.2234239,47.92511
other,-0.05144313,0.004211118,-0.02882011,-0.5381991,-0.5651332,-0.4757731,-0.4057167,-0.1050602,-0.9714113,0.189507,48.02512
other,-0.03024136,-0.03315748,-0.04708406,-0.5151035,-0.5837729,-0.483061,-0.4006616,-0.06016444,-1.011916,0.165595,48.12512
other,-0.07329344,-0.04572587,0.03017694,-0.5047712,-0.5895835,-0.4836623,-0.4045591,-0.0845635,-1.027532,0.2356242,48.22512
other,-0.0466941,0.0119638,0.01487819,-0.4945914,-0.5895073,-0.4909957,-0.4083917,-0.05089245,-0.9740953,0.1997561,48.32513
other,0.03971919,0.04562493,0.06860651,-0.4715362,-0.5960567,-0.5107216,-0.4019124,0.03719219,-0.9440839,0.2241552,48.42513
other,0.1595966,-0.009597474,0.05800769,-0.4445728,-0.6119009,-0.5271089,-0.3874124,0.1650473,-1.00118,0.2024402,48.52514
other,0.114742,0.01307719,0.04660705,-0.408717,-0.6335641,-0.5396188,-0.3746445,0.148456,-0.9797077,0.1838962,48.62514
other,-0.01054361,0.01568139,0.02505901,-0.3682349,-0.6570797,-0.5521048,-0.3575326,0.05280784,-0.9748266,0.1599842,48.72515
other,0.1077471,0.01178234,0.01375909,-0.3297285,-0.6777952,-0.5661826,-0.3336318,0.1867639,-0.9772679,0.1502236,48.82515
other,0.03142846,0.02953316,-0.003982501,-0.2949765,-0.6947209,-0.5787182,-0.3089287,0.1194202,-0.958724,0.1355835,48.92516
other,-0.0114965,0.0389022,-0.02413315,-0.2650023,-0.70496,-0.5949559,-0.2807714,0.06915635,-0.9501833,0.1104516,49.02516
other,0.06138369,-0.004913927,-0.05560737,-0.2263991,-0.7194859,-0.6108821,-0.2406377,0.1311319,-0.9941035,0.08239137,49.12516
other,0.06579802,0.001808321,-0.0746694,-0.2003423,-0.7296225,-0.6174486,-0.2151078,0.1323518,-0.9862956,0.07043535,49.20851
other,0.08025507,-0.08402835,-0.03228269,-0.1664278,-0.7430043,-0.6211756,-0.1854374,0.1491873,-1.070719,0.1275314,49.30852
other,0.05502453,-0.02764461,0.043726,-0.1299939,-0.7514206,-0.6256986,-0.1642249,0.1394283,-1.013867,0.2073197,49.40853
other,0.0138278,-0.03359072,0.03299881,-0.1013465,-0.7619448,-0.6244673,-0.1385987,0.0986792,-1.01582,0.2151275,49.50852
other,-0.005400524,0.05233279,0.09992311,-0.0787251,-0.765226,-0.6288358,-0.1131241,0.06891207,-0.9304194,0.2839353,49.60853
other,-0.02585912,0.02231981,0.09903829,-0.066733,-0.7692703,-0.6294101,-0.08725134,0.02450331,-0.9601882,0.2919874,49.70853
other,-0.07321043,-0.0140696,0.0439063,-0.05925748,-0.7726469,-0.6290296,-0.06186301,-0.05211233,-0.9958119,0.2453832,49.80855
other,-0.05812285,0.01783154,0.01440287,-0.05572113,-0.7751683,-0.6279454,-0.04115635,-0.06431264,-0.9628721,0.2229353,49.90855
other,-0.008231721,0.04525977,-0.0212777,-0.04600233,-0.7776945,-0.6266322,-0.0201776,-0.03454394,-0.9328592,0.1929239,50.00856
other,-0.04166154,0.002900899,-0.02075176,-0.03527033,-0.7791845,-0.6257576,-0.007404506,-0.07431593,-0.9743396,0.1963392,50.10856
other,-0.06044953,0.02673165,-0.02374823,-0.03228167,-0.778901,-0.6262741,-0.007207245,-0.08968884,-0.9504276,0.1919483,50.20856
other,-0.05883637,-0.02637426,-0.05179707,-0.02453327,-0.7789581,-0.6264811,-0.0119943,-0.07090058,-1.003864,0.1631552,50.30857
other,-0.05615995,-0.07020419,-0.07433441,-0.0177969,-0.7766268,-0.6294834,-0.01687002,-0.05235661,-1.04998,0.1328995,50.40858
other,-0.07122728,-0.1349744,0.08996117,-0.02156091,-0.773973,-0.6323737,-0.02458465,-0.06040872,-1.117812,0.2895477,50.50857
other,-0.0734807,0.1301009,0.02661895,-0.0286068,-0.768348,-0.6391687,-0.01692247,-0.08407649,-0.8559993,0.2095151,50.60858
other,0.07176052,0.0532016,0.0674577,-0.01902944,-0.7653872,-0.6432033,-0.01047865,0.0632997,-0.9343234,0.2402594,50.70858
other,0.06811201,-0.01985254,0.05491491,-0.009714037,-0.7626051,-0.6466749,-0.01227388,0.07428014,-1.008255,0.2185428,50.80859
other,0.1020914,0.02513902,0.05022752,0.003561497,-0.7590287,-0.6508619,-0.01554143,0.1303991,-0.9655547,0.2029272,50.90854
other,0.0306452,0.009421066,0.01821029,0.0196102,-0.7590947,-0.6503128,-0.02199873,0.0896515,-0.9787321,0.1716959,51.00859
other,0.008600138,0.01139831,-0.007684259,0.02926901,-0.7579266,-0.6512502,-0.02374336,0.08281927,-0.9758038,0.1431471,51.1086
other,0.0363944,0.002694345,-0.03478541,0.04175431,-0.7587994,-0.6497376,-0.01792148,0.117956,-0.9831231,0.1204549,51.20861
other,0.02897465,0.02777084,-0.07076699,0.04922193,-0.7612515,-0.646559,-0.005888313,0.1016075,-0.9562842,0.09312753,51.30861
other,0.02535263,-0.02601065,-0.078398,0.05443448,-0.7664099,-0.6399354,0.01164052,0.07720846,-1.008744,0.1023995,51.40862
other,0.0876067,-0.1011995,-0.06585294,0.0620881,-0.7625201,-0.6435688,0.02296296,0.1325961,-1.087555,0.1050835,51.50862
other,0.08726916,-0.02520729,0.04950058,0.07512972,-0.7533799,-0.6529828,0.0196856,0.1560196,-1.016307,0.1965835,51.60864
other,0.02377105,0.02004402,0.08070832,0.06637153,-0.7570909,-0.6496955,0.01743251,0.08379641,-0.9689716,0.2363555,51.70864
other,-0.1150739,0.1027602,0.1443768,0.05915129,-0.7561843,-0.6513627,0.02032286,-0.06870356,-0.8857679,0.29516,51.80864
other,0.02158257,-0.1147626,0.03995223,0.05356815,-0.7620068,-0.6449618,0.02236721,0.05671176,-1.103416,0.207564,51.90864
other,-0.0646916,0.08888305,0.02444223,0.02431381,-0.7637637,-0.6446724,0.02170908,-0.0665081,-0.8991882,0.1926796,52.00865
other,-0.004175668,0.0006620624,0.03317355,0.01168168,-0.7689025,-0.638908,0.02118951,-0.02185662,-0.9836116,0.2161031,52.10866
other,-0.01834378,0.003049883,-0.005260919,0.0004183054,-0.7724106,-0.6349732,0.0138104,-0.03918071,-0.9794634,0.1882871,52.20867
other,-0.01711784,0.01323055,-0.03151961,-0.01024982,-0.7753507,-0.6314443,0.002094209,-0.03332407,-0.9667761,0.1712073,52.30866
other,-0.04336714,-0.01229921,-0.02348158,-0.02022043,-0.7769365,-0.6291622,-0.01075393,-0.05211233,-0.9916637,0.1848718,52.40866
other,-0.02918115,-0.01515917,-0.05555791,-0.02963746,-0.7762915,-0.6292421,-0.02339911,-0.03015146,-0.9945921,0.1516878,52.50866
other,-0.02823769,-0.115833,0.01291469,-0.04173568,-0.7770581,-0.6270171,-0.03589222,-0.02478494,-1.096095,0.2246438,52.60867
other,-0.01710611,0.05801351,0.02269501,-0.05001229,-0.7768121,-0.6265781,-0.03823039,-0.02039246,-0.9218788,0.2351356,52.70867
other,-0.03826989,0.03242404,0.02555663,-0.05459267,-0.7760397,-0.6270174,-0.04038933,-0.04406022,-0.9479879,0.2365998,52.80869
other,0.02557031,0.02727487,0.08201217,-0.04885736,-0.7721881,-0.6321511,-0.04151511,0.02792021,-0.9553071,0.2797871,52.9087
other,0.07613523,-0.003572298,0.08610857,-0.03479388,-0.7695085,-0.6362425,-0.04291227,0.0979479,-0.9877598,0.2731992,53.00869
other,0.1023628,-0.004895644,0.004402745,-0.02014497,-0.7681255,-0.6382424,-0.04715863,0.1491873,-0.989224,0.1856031,53.10871
other,0.05776302,0.02286313,-0.02435698,-0.006284565,-0.7680509,-0.6382855,-0.05147696,0.1294235,-0.9579911,0.1568116,53.20871
other,0.02202605,-0.002362341,-0.05869773,0.005110145,-0.7692006,-0.6370035,-0.05030757,0.106,-0.982636,0.1248474,53.30872
other,0.07494351,0.005202266,-0.09446207,0.008868426,-0.7704369,-0.6361847,-0.04021615,0.1482117,-0.9745839,0.09288324,53.40874
other,0.08560605,-0.005562666,-0.04291561,0.01016614,-0.7712566,-0.6361033,-0.02079937,0.1306434,-0.9867842,0.147051,53.50875
other,0.02288502,-0.1387263,-0.1054855,0.01704389,-0.7643226,-0.6445416,-0.009299368,0.0591515,-1.125864,0.0638474,53.60876
other,0.1472039,-0.09635955,0.08458196,0.04318717,-0.7557735,-0.6533558,-0.008203834,0.2162883,-1.086823,0.2312317,53.70876
other,-0.007229638,0.005921608,0.1594778,0.04696202,-0.7551382,-0.65379,-0.01093438,0.07086324,-0.982636,0.3046763,53.80877
other,-0.1127722,0.005059021,0.1148393,0.03303772,-0.7583942,-0.6509233,-0.006755322,-0.05943158,-0.9833673,0.2675868,53.90878
other,-0.0186141,-0.004774279,0.05686093,0.01834077,-0.7625364,-0.6466812,-0.002261281,0.008643377,-0.9941035,0.2209841,54.00879
other,-0.08278162,0.06391596,0.0272041,-0.001867712,-0.7655727,-0.643344,-0.001839131,-0.08236804,-0.9231002,0.1997561,54.10879
other,-0.0121855,-0.001863947,0.02745366,-0.01019877,-0.7691994,-0.6389203,-0.002984613,-0.02063674,-0.9860514,0.2112236,54.20879
other,-0.01526914,-0.003081586,-0.002839038,-0.01599374,-0.7714587,-0.6360395,-0.007029146,-0.02478494,-0.9862956,0.1882871,54.3088
other,-0.06658417,0.02631329,0.02087442,-0.0230256,-0.7718515,-0.6352558,-0.01284221,-0.07602438,-0.95604,0.2136633,54.40881
other,-0.009561067,0.005191083,-0.0455904,-0.02817395,-0.7722842,-0.6341914,-0.02417973,-0.007947861,-0.9765351,0.1490037,54.50882
other,-0.08141261,-0.1071858,-0.01691124,-0.03599808,-0.7728137,-0.6323555,-0.03987092,-0.06528822,-1.089019,0.1804793,54.60882
other,-0.0256771,-0.02859336,0.003701418,-0.04879466,-0.7720864,-0.6315308,-0.05167741,-0.007460845,-1.011428,0.2012203,54.72507
other,-0.03514832,-0.02796475,0.01063401,-0.05851462,-0.77139,-0.6311173,-0.05678436,-0.02136805,-1.010695,0.208051,54.82462
other,-0.02205061,0.03922117,0.01947243,-0.06231692,-0.7683961,-0.6344094,-0.05664542,-0.01404879,-0.9450595,0.2085396,54.92489
other,-0.003701115,0.01112883,0.0570339,-0.05790257,-0.767265,-0.6364778,-0.05336374,0.004495178,-0.9736068,0.2414793,55.02476
other,0.07073013,0.05435058,0.05880489,-0.04711109,-0.7641101,-0.6416105,-0.04745707,0.08281927,-0.9321279,0.2312317,55.12492
other,0.06587956,-0.02495172,0.03075835,-0.03730467,-0.7613529,-0.6456427,-0.04577786,0.08745603,-1.013379,0.1931682,55.20848
other,0.06340881,-0.01920049,0.01124352,-0.02337584,-0.7599739,-0.6479157,-0.04580781,0.1028274,-1.008255,0.167792,55.30862
other,0.0220071,0.02882286,0.008952917,-0.009168535,-0.7601794,-0.6479843,-0.04647079,0.08086809,-0.958724,0.165108,55.40876
other,-0.0009886142,0.004760276,0.01781717,0.001330584,-0.7602053,-0.6481594,-0.04444703,0.06842349,-0.9821475,0.1738914,55.50891
other,0.03132013,0.01254437,-0.02371232,0.01498175,-0.7600687,-0.6486574,-0.03625777,0.106,-0.9740953,0.1324109,55.62507
other,0.002319832,-0.003830198,-0.02529633,0.02420244,-0.7601236,-0.6487488,-0.02741054,0.07550001,-0.9901996,0.1316796,55.70853
other,0.02422237,0.00207478,-0.05568931,0.03517395,-0.7610364,-0.6476145,-0.01348525,0.09038436,-0.9838559,0.1053278,55.80867
other,0.04574824,0.01304247,-0.05264042,0.04167482,-0.762849,-0.6452267,0.002660573,0.09550814,-0.9723869,0.1148441,55.90879
other,0.09500271,-0.07476385,-0.03600028,0.05237427,-0.7645893,-0.6420919,0.01944399,0.1325961,-1.060472,0.1389989,56.02497
other,0.03674336,0.05704036,0.008892623,0.06705323,-0.7611196,-0.6448905,0.01780564,0.09623945,-0.9289553,0.1768197,56.12502
other,0.0005978364,-0.07181501,-0.000374112,0.07314169,-0.7636684,-0.6412449,0.01630163,0.06964336,-1.055592,0.177064,56.22506
other,0.0273158,0.05548702,0.07520515,0.07087815,-0.7639717,-0.6411106,0.01733732,0.09184852,-0.928711,0.2529483,56.30842
other,-0.01219606,0.03879805,0.07384082,0.06474468,-0.7662383,-0.6388747,0.02293542,0.03548374,-0.9453038,0.2568522,56.42506
other,-0.04893348,-0.009726522,0.04816777,0.05873856,-0.7677221,-0.6374846,0.02767715,-0.01648854,-0.9933721,0.2341601,56.50847
other,-0.0406729,-0.01857188,0.01000127,0.04475096,-0.7713042,-0.6342046,0.02952299,-0.02942016,-1.0024,0.2043914,56.62481
other,-0.01042672,0.0371497,-0.001648592,0.02683884,-0.7733678,-0.6327385,0.02870446,-0.02087947,-0.9448152,0.1963392,56.72498
other,-0.06017795,-0.002015653,0.03041403,0.0133636,-0.7740809,-0.6325324,0.02286825,-0.07870841,-0.9836116,0.2295233,56.82495
other,-0.0304958,0.01889017,-0.05037431,-0.001254708,-0.7751536,-0.6316199,0.01384091,-0.05357649,-0.961895,0.1516878,56.92493
other,-0.03734837,0.0005214423,-0.03502024,-0.01233438,-0.7762966,-0.6302452,0.001529664,-0.05528494,-0.9787321,0.1707203,57.02491
other,-0.02738742,-0.01481647,-0.07750738,-0.0270991,-0.7763902,-0.6293359,-0.02050135,-0.02966444,-0.9941035,0.1297269,57.1249
other,-0.09041823,-0.09061717,0.05470465,-0.04850304,-0.7729616,-0.6310308,-0.04447478,-0.08285661,-1.073159,0.2548995,57.22491
other,-0.04113322,0.08614494,-0.01079657,-0.07109419,-0.7705581,-0.6309257,-0.05584317,-0.04479152,-0.8965041,0.1873115,57.3249
other,-0.0110226,-0.01144538,0.02550465,-0.08229527,-0.7712053,-0.6277705,-0.06613696,-0.01234035,-0.9928836,0.2290363,57.42489
other,0.06645521,0.003089074,0.0392245,-0.09284213,-0.7695405,-0.6275046,-0.07365969,0.0632997,-0.9782435,0.241235,57.5248
other,0.08544485,0.04730916,0.0671085,-0.100209,-0.7667739,-0.6277158,-0.08937955,0.09672802,-0.9350547,0.2634402,57.60844
other,0.04312162,-0.01643681,-0.001074016,-0.1115108,-0.7624512,-0.6269122,-0.1149553,0.07867107,-0.9999601,0.186823,57.70849
other,0.04646582,0.005705329,0.02693294,-0.1190732,-0.7572963,-0.6276991,-0.1353425,0.1020961,-0.9794634,0.2026829,57.80864
other,0.02946866,0.02467155,-0.01112329,-0.1233042,-0.7557672,-0.6248643,-0.1521734,0.1055114,-0.9589667,0.1619353,57.90878
other,-0.001246108,-0.01324582,0.01438289,-0.1296593,-0.7540232,-0.6227625,-0.1637204,0.08428343,-0.9962989,0.1853588,58.00891
other,0.02405577,0.002596611,-0.02663852,-0.1292648,-0.755076,-0.6215415,-0.16382,0.1108795,-0.9797077,0.1472953,58.125
other,0.02214799,0.005356112,-0.03921752,-0.1246226,-0.7586474,-0.6200471,-0.1564127,0.1050244,-0.9755595,0.1431471,58.20844
other,0.06900134,0.01101894,-0.0703982,-0.1195676,-0.7629207,-0.6198838,-0.1392825,0.1333274,-0.9687273,0.1224076,58.325
other,0.06868356,-0.06821956,-0.1043972,-0.1206976,-0.7630478,-0.6219239,-0.1280657,0.1140521,-1.049491,0.0894679,58.42492
other,0.02641184,-0.08053745,-0.04959472,-0.11445,-0.760689,-0.6264104,-0.1259506,0.07476716,-1.064864,0.1343637,58.50846
other,0.076617,0.03532426,0.01456923,-0.1021297,-0.7587835,-0.6295369,-0.1322888,0.148943,-0.9492077,0.1873115,58.62484
other,0.007156891,-0.01931456,0.05614384,-0.1111661,-0.7565568,-0.6290454,-0.139878,0.07915964,-1.005084,0.2261079,58.70839
other,-0.03425055,0.0731931,0.135815,-0.1328346,-0.7530857,-0.6280257,-0.1442238,0.01620847,-0.9126068,0.3056519,58.82477
other,-0.03059537,-0.0411987,0.046202,-0.1482235,-0.7529255,-0.6246067,-0.144912,-0.002579787,-0.991908,0.2248881,58.92483
other,-0.02540177,0.04819704,0.01407173,-0.1763778,-0.7478868,-0.6222721,-0.1494442,-0.02136805,-0.9374959,0.1953637,59.02521
other,-0.01012339,0.03700538,0.03398119,-0.1948492,-0.7451602,-0.6180307,-0.157506,-0.01624426,-0.9470122,0.2207399,59.10887
other,-0.02179454,-0.02574312,0.01775021,-0.2193336,-0.7411565,-0.6100491,-0.174413,-0.03088432,-1.008255,0.212932,59.20842
other,-0.03010263,0.04881359,-0.001920095,-0.254691,-0.73025,-0.600876,-0.2020282,-0.04113189,-0.9331035,0.1946308,59.32478
other,0.005759417,-0.02484582,-0.02160176,-0.2824523,-0.7222311,-0.5888489,-0.2277278,0.002055428,-1.005328,0.1814549,59.42469
other,-0.05568245,-0.0269737,-0.07566004,-0.3163152,-0.7077808,-0.57671,-0.2576751,-0.05577195,-1.008499,0.1268001,59.50891
other,0.03481608,-0.05046019,0.01957745,-0.354358,-0.6879141,-0.5596109,-0.2967157,0.04646418,-1.032656,0.2175673,59.60857
other,0.03567504,0.06876571,-0.00304919,-0.3989808,-0.6629766,-0.5383952,-0.3337765,0.04865965,-0.9138282,0.1948751,59.72463
other,0.01265042,0.03569983,0.01779351,-0.4301586,-0.6424945,-0.520161,-0.3627629,0.03133555,-0.9470122,0.2139076,59.82512
other,0.02228785,-0.004090822,0.02975374,-0.4540111,-0.6249939,-0.5038676,-0.3864893,0.04792834,-0.9870269,0.2236682,59.90842
other,-0.01211052,0.05881882,0.04332586,-0.4811083,-0.598884,-0.4823036,-0.4210179,0.02816449,-0.9257827,0.2239109,60.0084
other,0.06257454,0.002022072,0.05827001,-0.5143177,-0.5690233,-0.4517573,-0.455637,0.1164919,-0.9821475,0.2351356,60.10838
other,0.08051469,0.02429258,0.03218848,-0.5378809,-0.5424285,-0.4240772,-0.4864298,0.1521157,-0.9604309,0.1995119,60.20836
other,0.08768279,-0.001319749,0.04659563,-0.5641311,-0.5115146,-0.3907189,-0.5171533,0.1760277,-0.9858071,0.2065868,60.30834
other,0.05173763,0.01759921,0.01926439,-0.5881807,-0.4795876,-0.3511803,-0.5483717,0.1648045,-0.9660432,0.1714516,60.40836
other,0.01366622,0.02841432,0.009916179,-0.6177371,-0.4399383,-0.2967197,-0.5803556,0.1579723,-0.9514031,0.1604712,60.52487
other,0.02498013,-0.02791107,0.01007383,-0.6416422,-0.4049316,-0.2511767,-0.6010291,0.1896922,-1.004351,0.1616911,60.62495
other,0.009928955,-0.0008178533,0.02498284,-0.6604934,-0.3697726,-0.2188296,-0.6157357,0.1765163,-0.977755,0.1712073,60.70834
other,0.06253208,0.0007706881,0.01478081,-0.6748665,-0.3374181,-0.1930541,-0.6272435,0.2255602,-0.9779993,0.1536389,60.80836
other,0.00654223,0.004499165,0.003621201,-0.686273,-0.3084157,-0.1717821,-0.6359246,0.1633404,-0.9762908,0.1360721,60.90839
other,0.06851914,0.02556448,-0.003532596,-0.6962658,-0.282903,-0.159078,-0.640214,0.209456,-0.9575041,0.1263116,61.00838
other,0.0353341,-0.0107449,-0.01065735,-0.7074699,-0.25599,-0.1503742,-0.6413603,0.1511401,-0.9970318,0.1216748,61.10844
other,0.0753019,-0.03613696,0.006545245,-0.717689,-0.2338202,-0.1416754,-0.6404519,0.1716352,-1.023628,0.1463197,61.20846
other,-0.02186034,0.017006,0.03669753,-0.7265615,-0.2112694,-0.125219,-0.6417117,0.0674479,-0.9697028,0.1819435,61.30848
other,0.003145532,0.04260938,0.03944135,-0.7345233,-0.1894003,-0.1129894,-0.6417449,0.08037952,-0.944571,0.1904842,61.4085
other,-0.0440258,-0.004875125,0.0843192,-0.743189,-0.1624267,-0.1044585,-0.640606,0.008887663,-0.992395,0.2419679,61.50851
other,-0.07371975,-0.1037123,0.03025059,-0.7491146,-0.1307912,-0.09328425,-0.6426654,-0.04528009,-1.094144,0.1873115,61.60855
other,-0.04881376,0.0838886,0.01908379,-0.7537321,-0.08239219,-0.07651377,-0.6474915,-0.0574804,-0.9072403,0.1692562,61.70858
other,-0.05587652,0.01937865,0.06453676,-0.7599707,-0.0319126,-0.04715079,-0.6474589,-0.08627195,-0.9694601,0.2219597,61.80859
other,-0.03603987,0.0286802,0.04461606,-0.7619408,0.01683104,-0.014929,-0.6472558,-0.08065959,-0.9589667,0.2065868,61.90861
other,-0.02475095,-0.0008137689,0.0009487366,-0.7623637,0.04714462,0.007769734,-0.6453824,-0.07382891,-0.9870269,0.1680363,62.00863
other,-0.02609635,-0.008627428,-0.004358691,-0.7626424,0.07356331,0.02574125,-0.6421078,-0.08139244,-0.9933721,0.1699875,62.10867
other,-0.00990584,0.03345214,0.01235071,-0.7618879,0.0969646,0.04122072,-0.6390818,-0.07114487,-0.9501833,0.1924353,62.20867
other,-0.04705642,0.01630854,-0.01127294,-0.7600495,0.1144049,0.0601584,-0.6368809,-0.1014006,-0.9667761,0.170476,62.3087
other,0.01256306,0.01386986,-0.02211574,-0.759044,0.1257268,0.07802287,-0.6340011,-0.02844457,-0.9689716,0.1619353,62.40873
other,0.03494627,0.004130597,-0.05620848,-0.7578205,0.1440166,0.1054529,-0.6275722,0.01401145,-0.9775107,0.1338751,62.50875
other,-0.06175379,-0.07788064,-0.02195096,-0.7576567,0.1602549,0.1282274,-0.6195421,-0.06601953,-1.058032,0.177551,62.60877
other,-0.002128895,-0.02464277,-0.006637254,-0.7554927,0.1751082,0.1431842,-0.614871,-0.001115626,-1.005571,0.1965835,62.70879
other,-0.04839983,0.08432096,0.01135056,-0.7552025,0.1933135,0.1516554,-0.6077004,-0.05430779,-0.8947957,0.2273278,62.80882
other,-0.009878827,-0.04781806,-0.01952899,-0.7563256,0.2056271,0.1564687,-0.6010046,-0.02039246,-1.024115,0.2097594,62.90884
other,0.08126753,0.06018175,0.09671735,-0.7501802,0.2077273,0.1630536,-0.6062116,0.07403585,-0.919439,0.3090672,63.00887
other,0.07825354,-0.02055136,0.03199273,-0.7469445,0.2075297,0.1845832,-0.604098,0.103316,-1.001667,0.2344043,63.10886
other,0.03732654,0.03235772,0.03673215,-0.7423992,0.2065553,0.2033592,-0.6040061,0.08989578,-0.9511589,0.2248881,63.2089
other,0.01361218,0.04437656,-0.04674955,-0.7432411,0.2023687,0.219213,-0.5988199,0.09721504,-0.9357875,0.1402203,63.30831
other,-0.02291996,0.0009179212,-0.05630796,-0.744411,0.206374,0.2260009,-0.5934523,0.06866778,-0.9765351,0.137292,63.42436
other,0.02930475,0.02322227,-0.1337437,-0.7452514,0.209425,0.2204875,-0.5934027,0.1094153,-0.9538429,0.06482299,63.50849
other,0.06937347,-0.04166471,-0.07124983,-0.7435775,0.2140909,0.2102729,-0.5975307,0.1262524,-1.0207,0.1263116,63.60884
other,0.1092648,-0.04489236,-0.04712876,-0.7369961,0.2037739,0.2057136,-0.6107331,0.1950602,-1.03412,0.170963,63.70918
other,0.09747139,0.01291644,0.1614162,-0.7374543,0.1809366,0.2132822,-0.6147631,0.1899365,-0.9748266,0.3151682,63.80836
other,-0.1052031,-0.03294753,0.1180371,-0.7381661,0.1871278,0.2061328,-0.6144943,-0.03064003,-1.020211,0.278323,63.90861
other,-0.004358239,-0.07343136,0.08250971,-0.7353638,0.1983606,0.1992874,-0.6165855,0.04426716,-1.06218,0.2431877,64.00883
other,-0.08348396,0.1048308,0.03448172,-0.7337689,0.2163897,0.1857595,-0.6166458,-0.07773282,-0.8828396,0.2053669,64.12497
other,-0.0388841,0.04307724,0.0145469,-0.7375634,0.2201903,0.1768091,-0.6133963,-0.04820842,-0.9409113,0.1997561,64.20841
other,-0.05296892,-0.04909395,-0.02279747,-0.7465384,0.2168776,0.1655934,-0.606814,-0.06894785,-1.027776,0.1860917,64.30862
other,-0.06763699,0.04522388,-0.09183379,-0.74966,0.2158499,0.1679344,-0.6026747,-0.07602438,-0.930908,0.125336,64.40872
other,-0.07835677,-0.02685739,-0.07184474,-0.747645,0.2197412,0.1868395,-0.5981903,-0.06187288,-1.003375,0.1426601,64.50832
other,-0.07338183,-0.1293544,0.1449233,-0.7432835,0.2325742,0.2015807,-0.5939731,-0.04991686,-1.10976,0.3588441,64.60847
other,-0.05377245,0.1430518,0.02704751,-0.7398397,0.2392383,0.2016023,-0.5956162,-0.04040059,-0.8386752,0.2370868,64.70863
other,0.06962842,0.04151398,0.09613391,-0.7417977,0.2321905,0.2086122,-0.5935525,0.1035603,-0.937983,0.304919,64.80878
other,0.0562086,-0.04387292,0.09394,-0.7399418,0.231281,0.2116946,-0.5951307,0.09428827,-1.024603,0.2963799,64.90896
other,0.05945632,0.05466139,0.007790769,-0.7401707,0.211508,0.2134534,-0.6015393,0.1211271,-0.9284667,0.1934109,65.02483
other,0.00902894,0.03149834,0.01637114,-0.7421265,0.1998309,0.2133548,-0.6031547,0.084772,-0.9506719,0.1980477,65.10851
other,0.0437588,-0.01153348,0.01415752,-0.7453815,0.1844044,0.2065731,-0.6064066,0.1282036,-0.9933721,0.1936552,65.20877
other,-0.006339955,0.04012781,-0.05439434,-0.7497909,0.1678265,0.1925843,-0.6103762,0.07769547,-0.9411556,0.1265558,65.30901
other,0.02004168,-0.03992972,-0.05574061,-0.7553509,0.1545976,0.174748,-0.6123787,0.09477529,-1.020211,0.1333881,65.40846
other,0.04599639,0.00467849,-0.01246166,-0.7589428,0.1334438,0.1492354,-0.6196186,0.1072199,-0.9767794,0.1753555,65.50829
other,0.03163682,0.004242529,0.00808994,-0.7643627,0.1012866,0.1219526,-0.6249946,0.09160423,-0.9782435,0.1975591,65.60831
other,-0.004796537,0.08155077,0.04559599,-0.7671407,0.07508993,0.1098701,-0.6275231,0.06964336,-0.8991882,0.2341601,65.72481
other,0.04152746,-0.02051849,0.02526223,-0.7713681,0.06134608,0.1009163,-0.6253349,0.1206401,-0.9994715,0.2231796,65.80827
other,-0.04764827,0.01362509,0.06239146,-0.7728264,0.05214185,0.09259191,-0.6256576,0.03035996,-0.9648234,0.2627073,65.90833
other,0.004321299,0.007622665,0.03831591,-0.7758551,0.04835346,0.07933033,-0.6240334,0.06720362,-0.9704357,0.2473359,66.00832
other,-0.05700339,0.004222107,0.06332567,-0.7764277,0.04447815,0.06015289,-0.6257501,-0.01917258,-0.975071,0.2734435,66.12489
other,-0.04614676,-0.03312062,-0.01469564,-0.776865,0.03742263,0.04033101,-0.6272588,-0.03039575,-1.012892,0.1956079,66.22514
other,-0.06208499,0.05795176,0.01878113,-0.7763239,0.03353816,0.02339032,-0.6290065,-0.06797227,-0.9223673,0.2268392,66.30879
other,-0.02317664,0.01538819,-0.005251279,-0.7782747,0.02295738,0.00527069,-0.6274821,-0.04381593,-0.9631149,0.207564,66.40917
other,-0.000663977,-0.02403458,-0.0215191,-0.779878,0.01257473,-0.006908238,-0.6257671,-0.02722469,-1.001667,0.1956079,66.50868
other,-0.02227679,0.0297083,-0.05155899,-0.7794222,0.008809626,-0.01219079,-0.6263185,-0.05235661,-0.9477435,0.1638881,66.60825
other,-0.04800479,-0.001173391,-0.05291929,-0.7790766,0.005374134,-0.007856429,-0.6268564,-0.06699667,-0.9784878,0.161204,66.70857
other,-0.08107657,-0.04439329,-0.0323691,-0.7765316,-0.002224833,0.0001890659,-0.6300743,-0.07797555,-1.024115,0.1738914,66.80872
other,-0.05291229,-0.03016206,0.0008521817,-0.7731823,-0.004259735,0.001270026,-0.6341683,-0.04552438,-1.013623,0.1970721,66.90891
other,-0.0682499,-0.01243604,0.04141948,-0.7716797,0.001504064,0.002364993,-0.6360052,-0.0665081,-0.9967875,0.2329402,67.02482
other,-0.03195778,0.03988596,0.01351921,-0.7686543,-0.0004142523,-0.002973258,-0.6396573,-0.0360081,-0.9457908,0.1956079,67.10835
other,0.01804969,0.02512472,0.1188648,-0.7656657,-0.01167774,-0.007192612,-0.6430925,0.02206356,-0.961895,0.2919874,67.2087
other,0.1215972,-0.001848971,0.04791137,-0.7643353,-0.02434564,-0.01078951,-0.6442689,0.1365,-0.9889797,0.2178115,67.30904
other,0.05598003,-0.01542183,0.03574804,-0.7614604,-0.03446466,-0.007863045,-0.6472468,0.08867591,-1.003375,0.1980477,67.40841
other,0.03049191,0.00202003,0.0194118,-0.760394,-0.05943799,-0.01011378,-0.6466573,0.09209125,-0.9843429,0.1831633,67.50852
other,0.008860744,0.01479721,0.01506829,-0.7577861,-0.08507556,-0.02209848,-0.6465555,0.0855033,-0.9704357,0.1782838,67.60865
other,0.02570536,0.01289252,-0.004967887,-0.7537414,-0.1151308,-0.04315853,-0.6455665,0.1094153,-0.9716556,0.1580314,67.70877
other,0.02058177,0.004614501,-0.03005478,-0.7505307,-0.1461726,-0.06973204,-0.6406829,0.103316,-0.9787321,0.1394875,67.8089
other,-0.007387921,0.003922097,-0.06820673,-0.7444686,-0.1776767,-0.1017964,-0.6354801,0.06695933,-0.9797077,0.1036194,67.90829
other,0.005024151,0.02752003,-0.08782162,-0.734754,-0.2127578,-0.1346513,-0.6298729,0.07525573,-0.9565269,0.08263566,68.00848
other,0.01250916,-0.01706921,0.0404577,-0.7223769,-0.2586501,-0.1806902,-0.6153232,0.06988765,-1.001667,0.2183001,68.10871
other,0.09231906,0.08043426,0.0353899,-0.708913,-0.2949533,-0.208725,-0.6057052,0.1538241,-0.9035791,0.2148832,68.20894
other,-0.03174776,-0.02805704,0.07243421,-0.6965057,-0.3280271,-0.2412836,-0.5908132,0.0198681,-1.011672,0.2583148,68.3084
other,-0.04120233,-0.03116848,0.04805255,-0.6787604,-0.3670396,-0.2799155,-0.5711511,-0.001848485,-1.013867,0.2392838,68.42494
other,-0.01159041,0.04562698,0.04958569,-0.661948,-0.3955225,-0.3145743,-0.5535609,0.009863252,-0.9372517,0.2390396,68.52505
other,-0.09354074,-0.02801055,0.06463685,-0.6517975,-0.4174403,-0.3380564,-0.5353703,-0.0838322,-1.0024,0.2558751,68.60849
other,-0.04016297,0.04354325,-0.006352415,-0.6335732,-0.4489603,-0.3779858,-0.5041293,-0.0665081,-0.9365188,0.1999989,68.70863
other,-0.0442922,0.01892693,0.01097166,-0.6133195,-0.4777156,-0.4079026,-0.4787926,-0.08724754,-0.9594553,0.220007,68.80878
other,-0.009293812,-0.01649195,-0.01816548,-0.5897187,-0.5065973,-0.4342986,-0.4549459,-0.06065146,-0.9945921,0.1909712,68.90893
other,-0.1030061,0.02159891,0.004155832,-0.568783,-0.5287964,-0.4541624,-0.436574,-0.1580081,-0.9567713,0.210735,69.00906
other,-0.0336807,0.007195845,-0.01981886,-0.5470922,-0.5525105,-0.4668215,-0.4213075,-0.07895269,-0.9704357,0.189507,69.10846
other,-0.03089338,-0.03838387,-0.05583762,-0.5229591,-0.5744684,-0.4756365,-0.4126374,-0.05430779,-1.017771,0.1514435,69.22482
other,-0.06792176,-0.0006331799,0.00724769,-0.5144928,-0.5802891,-0.4796187,-0.4105211,-0.08505207,-0.982636,0.210735,69.32513
other,-0.06187341,-0.007757256,0.0001434525,-0.5053725,-0.5867374,-0.4853037,-0.4059779,-0.07602438,-0.9901996,0.1999989,69.42474
other,0.009144668,0.02737377,0.01926254,-0.4964187,-0.5929981,-0.4915391,-0.4003885,-0.004043949,-0.9553071,0.2158588,69.50829
other,0.009160009,0.01648767,0.05241683,-0.4788836,-0.6052498,-0.4985814,-0.3946641,0.009376235,-0.9672631,0.2441633,69.60883
other,0.1513512,0.07897711,0.02380019,-0.4559073,-0.6186353,-0.5057214,-0.3920264,0.1752964,-0.9052875,0.2051242,69.70819
other,0.1805884,-0.1143741,0.04386195,-0.4426371,-0.6325719,-0.502452,-0.3891877,0.2282443,-1.09634,0.2363555,69.80833
other,0.04721124,0.08280769,-0.002074756,-0.4202477,-0.6464656,-0.4997792,-0.3945818,0.1374756,-0.8967468,0.1873115,69.90833
other,0.02991636,0.01229843,-0.03517886,-0.4008725,-0.6629165,-0.5004009,-0.386577,0.1413795,-0.9621393,0.1653522,70.00833
other,0.0006961599,-0.02550633,-0.05746805,-0.3821138,-0.6765791,-0.5098644,-0.369145,0.1106352,-0.9982517,0.1502236,70.10835
other,0.07750656,-0.03852828,-0.08225333,-0.361193,-0.6874478,-0.5279624,-0.3438177,0.1689512,-1.014112,0.1241161,70.20834
other,0.06447467,-0.03716166,-0.08023142,-0.3331499,-0.6943436,-0.5521907,-0.3193485,0.1401596,-1.018504,0.1063034,70.30833
other,0.05358899,-0.0284647,0.09995651,-0.2974396,-0.7041357,-0.5700762,-0.3012238,0.1389398,-1.013623,0.269051,70.40834
other,0.01079157,-0.1209668,0.08151916,-0.2722485,-0.7174149,-0.5784617,-0.2767283,0.0930684,-1.103903,0.2595363,70.50834
other,-0.06071381,0.1000212,0.1489388,-0.267674,-0.7183444,-0.5873318,-0.2595635,-0.002092771,-0.8850351,0.3246829,70.60835
other,-0.06577184,-0.02102748,0.03897415,-0.2641852,-0.7243232,-0.5926928,-0.2329752,-0.04137618,-1.005084,0.2283034,70.70834
other,-0.06529415,-0.02805665,0.00636868,-0.2592291,-0.7284004,-0.5989689,-0.2084929,-0.07212046,-1.011428,0.2024402,70.80833
other,-0.03950096,0.04409678,-0.003624799,-0.2535449,-0.7308629,-0.6051542,-0.1879969,-0.07163189,-0.9377387,0.1936552,70.90834
other,-0.02037001,0.02044867,0.01486268,-0.2443638,-0.7302253,-0.6144936,-0.171624,-0.07016773,-0.9633592,0.2012203,71.00835
other,-0.007839916,0.01434025,0.0004739975,-0.2310158,-0.7305292,-0.6236917,-0.154814,-0.06992344,-0.9701914,0.1748669,71.10829
other,-0.03565833,0.02549971,0.03942641,-0.2206558,-0.7335281,-0.6266756,-0.143266,-0.1021319,-0.9584797,0.2131763,71.20847
other,-0.03296498,0.01537652,-0.000213325,-0.2086375,-0.7377384,-0.6275516,-0.1356156,-0.09481263,-0.968483,0.1755998,71.30856
other,-0.05281608,0.02314078,-0.01900551,-0.1975439,-0.742295,-0.6267529,-0.1309787,-0.1060358,-0.9599438,0.161204,71.40866
other,-0.07203098,-0.01126187,-0.02555739,-0.1911233,-0.7470995,-0.6230031,-0.1310777,-0.1143322,-0.9926393,0.1638881,71.50875
other,-0.05215041,-0.02174128,-0.05639503,-0.1766187,-0.7510757,-0.622488,-0.1311483,-0.07504878,-1.003864,0.1343637,71.60885
other,-0.03578877,0.02328246,-0.007744808,-0.1702015,-0.7524904,-0.6226621,-0.1306962,-0.05162375,-0.9609194,0.1821878,71.70893
other,-0.0390395,-0.04147255,0.04848818,-0.1642542,-0.7519236,-0.6254091,-0.1284319,-0.05137947,-1.026556,0.2336715,71.80903
other,0.03082307,0.06223416,0.08140536,-0.1520966,-0.7484441,-0.6337066,-0.1229388,0.02206356,-0.92554,0.2483115,71.90823
other,0.1137695,0.0192037,0.07082374,-0.132446,-0.7506939,-0.6370528,-0.1143698,0.1167362,-0.9687273,0.2331829,72.00839
other,0.09702131,-0.001854611,0.04517525,-0.1139068,-0.7526593,-0.639335,-0.1085356,0.1147834,-0.9906881,0.2043914,72.10849
other,0.04590878,0.03417508,0.03483532,-0.08906329,-0.7545663,-0.6416718,-0.1046653,0.0896515,-0.95482,0.1897513,72.20857
other,0.0027772,0.006781764,0.01740842,-0.05342677,-0.7568588,-0.6452361,-0.08933431,0.06915635,-0.9809276,0.1690119,72.30867
other,0.04144779,0.001733343,-0.006448265,-0.02431229,-0.7578561,-0.6479988,-0.07183698,0.1189316,-0.98532,0.1436356,72.40876
other,0.01410423,0.01943816,-0.05313705,0.001250744,-0.7603828,-0.6473424,-0.05257428,0.09575243,-0.9657989,0.1033751,72.50886
other,0.02921271,0.003490512,-0.04765445,0.02210793,-0.7633379,-0.6450577,-0.02696431,0.09892349,-0.980439,0.118748,72.60831
other,0.05611637,-0.03017081,-0.09348014,0.04226944,-0.7650119,-0.6426257,0.001489252,0.1081955,-1.014112,0.08068293,72.7086
other,0.04969642,-0.07671386,-0.08266968,0.06417543,-0.7620462,-0.6437852,0.0266037,0.09184852,-1.062911,0.08727088,72.80879
other,0.1058918,-0.09181459,0.01670901,0.09361929,-0.7571962,-0.6450605,0.04226214,0.1628518,-1.079747,0.1814549,72.90899
other,-0.00629141,-0.04012431,0.0168168,0.1105129,-0.7567705,-0.6423137,0.05018425,0.05988437,-1.025823,0.1870673,73.00828
other,-0.01698262,0.06735785,0.1378739,0.1113725,-0.7548809,-0.6435801,0.0596295,0.03645933,-0.9196833,0.3027236,73.10899
other,-0.04661024,-2.75211E-05,0.08831662,0.1118664,-0.7566137,-0.6401807,0.07204273,-0.01234035,-0.98654,0.2585591,73.20866
other,-0.03752169,-0.03414669,0.05791787,0.1052936,-0.7584179,-0.6381841,0.08022854,-0.02478494,-1.021919,0.2309874,73.3083
other,-0.026365,0.07055788,0.01625139,0.09353667,-0.7616088,-0.6350075,0.0892655,-0.04357164,-0.9150481,0.1941438,73.4083
other,-0.01748346,0.009456951,-0.002672343,0.08905154,-0.7658197,-0.6301955,0.09188905,-0.04601295,-0.9731197,0.186336,73.50829
other,0.003436196,0.02013533,-0.06414893,0.08171281,-0.7700585,-0.6271305,0.08390629,-0.02332078,-0.9601882,0.1353393,73.60828
other,-0.04346811,-0.0282172,-0.0379195,0.07100454,-0.7724948,-0.6273825,0.0678328,-0.05918885,-1.008011,0.1658393,73.70831
other,-0.006903358,-0.003320815,-0.07696318,0.0576174,-0.772117,-0.6309857,0.04870906,-0.009412022,-0.9841002,0.1221634,73.80833
other,-0.1453291,-0.02948317,0.05876559,0.03663781,-0.7720284,-0.6340615,0.02440763,-0.1365358,-1.012403,0.2539239,73.90833
other,-0.0535867,0.01346297,0.03329978,0.01924676,-0.7731558,-0.6338221,0.0113683,-0.04674425,-0.9704357,0.2302561,74.00832
other,-0.0009919768,-0.02346967,0.03658685,0.006650567,-0.774666,-0.6323355,0.0003225505,0.006936485,-1.005328,0.2373311,74.10831
other,0.08984289,0.08200219,0.1138077,0.002551168,-0.7713053,-0.6363589,-0.01135263,0.1106352,-0.9011393,0.3039435,74.20831
other,0.06845471,-0.05024274,0.02180142,-0.001982212,-0.7729629,-0.6337099,-0.03059754,0.1133193,-1.03168,0.2170802,74.3083
other,0.07265547,0.003431386,0.01270778,-0.006023645,-0.7700173,-0.6362038,-0.04776931,0.1386955,-0.9789748,0.1990233,74.40842
other,0.04251744,0.01215013,-0.01365541,-0.007704496,-0.7686051,-0.6367087,-0.06155437,0.1274723,-0.9692158,0.168279,74.50819
other,-0.00810381,-0.009400839,0.002028344,-0.01325291,-0.7664568,-0.6379279,-0.07359442,0.08794305,-0.9906881,0.177551,74.62469
other,0.00252635,0.03045896,-0.004317227,-0.01194653,-0.764743,-0.6400266,-0.07342583,0.09965634,-0.9514031,0.1658393,74.7087
other,0.05726954,0.008065045,-0.005357109,-0.00653702,-0.7668344,-0.638796,-0.06214431,0.1443078,-0.9733641,0.170963,74.80907
other,0.07186308,0.01351053,-0.05716605,-0.004550576,-0.7675924,-0.6391163,-0.04807743,0.1399153,-0.9689716,0.1214321,74.90873
other,0.0730656,-0.05611738,-0.09819159,-0.00556764,-0.7667395,-0.64112,-0.03232121,0.1155163,-1.040219,0.07775616,75.02462
other,0.0608933,-0.08020642,-0.03272017,-0.001524687,-0.7630681,-0.6457337,-0.02743542,0.1008762,-1.067791,0.1321682,75.10862
other,0.1186418,0.07444186,0.01116172,0.009080529,-0.7572963,-0.6522138,-0.03220272,0.179443,-0.9157794,0.1587643,75.20881
other,0.05796626,-0.07172564,-0.001007863,0.001242757,-0.7602502,-0.6483932,-0.04005608,0.1206401,-1.059983,0.1553474,75.30898
other,-0.04107673,0.0133278,0.1329411,-0.02844763,-0.7595394,-0.6477861,-0.05161184,0.0005912661,-0.9765351,0.2888148,75.40916
other,-0.07562346,0.04905622,0.049229,-0.04734239,-0.7594351,-0.6466331,-0.0536904,-0.05528494,-0.9389601,0.2073197,75.50857
other,0.01754199,-0.0496505,0.0476609,-0.06336084,-0.7609456,-0.6431086,-0.0579524,0.02425903,-1.038024,0.2141519,75.60923
other,-0.08309828,0.06481093,0.05065805,-0.0935117,-0.7602985,-0.6390083,-0.06978723,-0.09651952,-0.9221231,0.2246438,75.70839
other,0.02678178,0.01856352,0.01601258,-0.1157572,-0.7600375,-0.6343759,-0.08068779,0.002544,-0.9653119,0.198292,75.80857
other,0.01863932,-0.03341898,0.01146974,-0.1389743,-0.758941,-0.6287169,-0.09700373,-0.00892345,-1.016551,0.2024402,75.90877
other,-0.02629977,0.04329488,0.002004142,-0.1772737,-0.7518513,-0.6216252,-0.1299064,-0.05137947,-0.9384716,0.1956079,76.00895
other,-0.05593524,-0.02229268,0.002039601,-0.2024482,-0.7475857,-0.6129023,-0.1564648,-0.07016773,-1.002887,0.2019516,76.10851
other,-0.004234166,-0.00284294,-0.04178248,-0.2220644,-0.7422899,-0.6051559,-0.1829737,-0.001359912,-0.9833673,0.159007,76.20827
other,-0.01865049,-0.06313632,-0.02446146,-0.2440517,-0.7354022,-0.5951163,-0.213211,0.004495178,-1.043879,0.1765754,76.30824
other,-0.03823569,0.003313619,0.01833951,-0.2750308,-0.7255845,-0.5842028,-0.2378911,-0.01429152,-0.9782435,0.2231796,76.4082
other,-0.02583533,-0.007845654,0.005677249,-0.3062382,-0.7168595,-0.5687582,-0.2623826,0.002055428,-0.9860514,0.2214712,76.5082
other,0.04788024,0.02781178,0.01991074,-0.3371234,-0.7031891,-0.5551046,-0.2893641,0.0806238,-0.949939,0.2365998,76.60918
other,0.02996241,0.05328066,0.05566821,-0.3776051,-0.6822071,-0.53176,-0.3305135,0.07940392,-0.9233429,0.2719793,76.70892
other,0.05372745,-0.001216666,0.05419693,-0.4085837,-0.6649563,-0.5083919,-0.3639097,0.1223485,-0.9760481,0.2727121,76.8091
other,0.073305,0.05426811,0.02909075,-0.4375415,-0.6432765,-0.4853907,-0.3989344,0.1618762,-0.9201719,0.2397708,76.9085
other,0.05977114,0.001554018,0.05277998,-0.4657695,-0.619665,-0.4598005,-0.4331946,0.1684642,-0.9731197,0.2548995,77.00855
other,0.05357049,-0.02026769,-0.01040479,-0.4905986,-0.5965986,-0.4341627,-0.4635579,0.1809072,-0.9948348,0.1831633,77.10873
other,0.03466436,0.01909089,0.009798521,-0.5129985,-0.5711266,-0.4101279,-0.492384,0.1765163,-0.95604,0.1887757,77.20887
other,-0.0084619,0.000806767,0.02486304,-0.5367682,-0.5427248,-0.3847069,-0.5189704,0.1421124,-0.9755595,0.1904842,77.30907
other,0.003477408,0.009828146,0.005254027,-0.5515339,-0.521966,-0.3663825,-0.537704,0.1608991,-0.9672631,0.1587643,77.42471
other,0.002471162,-0.002778075,0.004488723,-0.5582196,-0.5124472,-0.3574861,-0.5458869,0.1630961,-0.9801947,0.1531519,77.50844
other,0.004019856,-0.007628986,-0.009325728,-0.5647137,-0.50434,-0.3513328,-0.5507312,0.1630961,-0.9862956,0.1375363,77.60836
other,0.01035956,0.03109369,-0.005887291,-0.5694818,-0.4978755,-0.3504526,-0.5522621,0.1611433,-0.9470122,0.1385119,77.72466
other,0.01345716,-0.009933951,-0.01155591,-0.5741795,-0.4949539,-0.3550773,-0.5470454,0.1472362,-0.989711,0.137779,77.82455
other,0.0447466,-0.03063556,0.0146175,-0.5759068,-0.4959362,-0.3607444,-0.5405943,0.1655358,-1.011916,0.1699875,77.9089
other,0.04698837,0.01280704,0.0007696305,-0.5733913,-0.5005106,-0.3713465,-0.5318019,0.1535798,-0.9697028,0.1594956,78.00845
other,0.02197246,-0.01077155,0.004392521,-0.5704646,-0.5057893,-0.3793052,-0.5242851,0.1196645,-0.9936149,0.1670591,78.10806
other,-0.002249704,0.005115522,0.01289096,-0.5668574,-0.510701,-0.3858341,-0.5186417,0.09014007,-0.977755,0.1773083,78.22521
other,-0.01258682,0.003130793,0.01547837,-0.5670994,-0.5109648,-0.389906,-0.5150598,0.0715961,-0.9801947,0.1809679,78.3088
other,-0.02265484,0.01585887,0.04653626,-0.5699407,-0.5087526,-0.392099,-0.5124418,0.05183225,-0.9675074,0.2139076,78.40882
other,-0.05060967,-0.01305969,0.06375982,-0.5725805,-0.5074294,-0.3958256,-0.5079261,0.0115717,-0.9962989,0.2344043,78.50822
other,-0.09927238,-0.06996672,0.02162375,-0.5774325,-0.5077277,-0.3999228,-0.4988447,-0.05455208,-1.052664,0.2041471,78.60842
other,-0.05331692,0.04856531,-0.001393013,-0.5836942,-0.5046222,-0.4087034,-0.4874617,-0.03844786,-0.9340791,0.189507,78.72487
other,-0.0618033,0.001671688,-0.04287902,-0.5876898,-0.5045094,-0.4112053,-0.4806257,-0.06016444,-0.9787321,0.1570558,78.80848
other,-0.05359696,0.01417988,0.05442007,-0.5893042,-0.5043215,-0.4088221,-0.4808792,-0.05040388,-0.964579,0.2575835,78.90878
other,-0.02751388,0.02935354,0.08404573,-0.589654,-0.5051227,-0.4044641,-0.4832889,-0.01624426,-0.9506719,0.2900363,79.00907
other,-0.03630159,-0.007348621,0.03022901,-0.5896659,-0.5053995,-0.4062355,-0.4814957,-0.01160749,-0.9426197,0.2453832,79.10827
other,-0.01931141,-0.04343579,-0.02285841,-0.5896938,-0.5105814,-0.4049065,-0.477094,-0.009656309,-1.020211,0.1941438,79.20831
other,-0.01381936,-0.03023499,-0.003780529,-0.5913306,-0.5095128,-0.4050479,-0.4760893,-0.007703575,-1.006548,0.2148832,79.30834
other,-0.02762863,-0.04777693,0.0124576,-0.5943112,-0.5101399,-0.4010815,-0.4750633,-0.0196596,-1.022408,0.2395281,79.40837
other,0.01343646,-0.02842259,0.03325743,-0.5930436,-0.5117702,-0.3996693,-0.476083,0.02670033,-1.003375,0.2607561,79.50839
other,-0.02457802,-0.02088015,0.01493069,-0.5851156,-0.5117211,-0.4066539,-0.4800145,-0.009167736,-1.000203,0.2236682,79.60842
other,-0.01292752,-0.04497853,0.01253731,-0.5804379,-0.513383,-0.4104049,-0.4807261,0.004252448,-1.025335,0.2136633,79.70845
other,-0.07102787,-0.09625092,-0.1097353,-0.5826895,-0.5153583,-0.4116592,-0.4747793,-0.06138431,-1.075843,0.1009353,79.80849
other,0.07656635,0.01157316,-0.05743987,-0.5870203,-0.5037836,-0.4205801,-0.474048,0.06037138,-0.9718999,0.139976,79.9085
other,-0.06657057,0.09761687,0.1803885,-0.5872355,-0.4560526,-0.4457087,-0.4985121,-0.1355602,-0.8974797,0.2863751,80.00851
other,-0.06660298,-0.005287455,-0.04894242,-0.5778958,-0.4353803,-0.4584251,-0.5160687,-0.1472719,-1.003375,-0.001787802,80.10856
other,0.02408454,-0.002164442,0.06076061,-0.5489096,-0.4042011,-0.4894176,-0.5438659,-0.07382891,-0.9977631,-0.0100842,80.20861
other,0.07638397,0.1184016,0.005042999,-0.5015441,-0.3627934,-0.5300345,-0.579567,-0.03503252,-0.8498999,-0.2291965,80.30862
other,-0.02308035,0.05249918,0.01468628,-0.4501166,-0.3347324,-0.5619528,-0.607913,-0.12214,-0.8723478,-0.3565646,80.40867
other,-0.03962792,0.0006157725,-0.02662599,-0.4331467,-0.3305013,-0.5687361,-0.6161915,-0.1250683,-0.90968,-0.4331802,80.5087
other,-0.01456415,0.007767856,0.01394552,-0.4345832,-0.3243908,-0.5665941,-0.6203862,-0.1045716,-0.8994309,-0.398045,80.60872
other,-0.0295852,-0.008977617,-0.001978796,-0.4410685,-0.3223965,-0.5634196,-0.6197397,-0.1270195,-0.9191947,-0.40512,80.70873
other,-0.01657005,-0.00707516,-0.01213053,-0.4413277,-0.3213238,-0.5668249,-0.6170012,-0.1204316,-0.9165107,-0.4163447,80.80878
other,-0.006643113,0.009944552,-0.00421705,-0.441693,-0.3229237,-0.5675342,-0.61525,-0.1106726,-0.900408,-0.4056085,80.90881
other,0.002900522,-0.0003660404,-0.003665072,-0.4424123,-0.3217679,-0.5670511,-0.6157839,-0.1026205,-0.9106556,-0.4053642,81.00885
other,-0.004819402,-0.03149708,-0.03748651,-0.4457894,-0.3257191,-0.5657109,-0.6124949,-0.110184,-0.9460351,-0.4278121,81.10831
