other,0,0,0,0,0,0,0,-0.09554394,-1.004107,0.04554772,119.8459
other,0,0,0,0,0,0,0,-0.1846042,-1.294224,0.4410721,119.9466
other,0,0,0,0,0,0,0,-0.1755765,-0.8733234,0.2112236,120.0459
other,0,0,0,0,0,0,0,0.04426716,-0.9701914,0.3737268,120.1459
other,0,0,0,0,0,0,0,-0.1172605,-1.010695,0.3981275,120.2461
other,0,0,0,0,0,0,0,0.0674479,-0.9323722,0.2446519,120.3462
other,0,0,0,0,0,0,0,0.007667788,-0.9667761,0.2119549,120.4463
other,0,0,0,0,0,0,0,-0.01209606,-0.9399357,0.1446112,120.5461
other,0,0,0,0,0,0,0,-0.05040388,-0.9021149,0.1499793,120.6478
other,0,0,0,0,0,0,0,-0.0574804,-0.971167,0.12802,120.7468
other,0,0,0,0,0,0,0,0.09843647,-0.9384716,0.4103278,120.8469
other,0,0,0,0,0,0,0,-0.1653289,-0.9733641,0.2763718,120.9469
other,0,0,0,0,0,0,0,-0.2112003,-1.003375,0.3620151,121.0473
other,0,0,0,0,0,0,0,-0.1667915,-0.9492077,0.3485949,121.147
other,0,0,0,0,0,0,0,-0.2294999,-0.9357875,0.2766161,121.2477
other,0,0,0,0,0,0,0,-0.24414,-0.9265155,0.2893034,121.3478
other,0,0,0,0,0,0,0,-0.2302328,-0.94018,0.2834483,121.448
other,0,0,0,0,0,0,0,-0.2172996,-0.9506719,0.2502643,121.5471
other,0,0,0,0,0,0,0,-0.2495081,-0.92432,0.2607561,121.6474
other,0,0,0,0,0,0,0,-0.2417002,-0.9411556,0.2700281,121.7475
other,0,0,0,0,0,0,0,-0.1819201,-0.9455481,0.2024402,121.8477
other,0,0,0,0,0,0,0,-0.1807003,-0.916755,0.2387953,121.9471
other,0,0,0,0,0,0,0,-0.185824,-1.049491,0.2241552,122.0473
other,0,0,0,0,0,0,0,-0.01917258,-0.8408722,0.1943881,122.147
other,0,0,0,0,0,0,0,0.1630961,-1.028507,0.2302561,122.2471
other,0,0,0,0,0,0,0,0.08648045,-0.8979667,0.1641308,122.347
other,0,0,0,0,0,0,0,0.1372313,-0.9594553,0.170963,122.4469
other,0,0,0,0,0,0,0,0.07525573,-0.9916637,0.2175673,122.5472
other,0,0,0,0,0,0,0,0.09819219,-0.9850758,0.1799923,122.647
other,0,0,0,0,0,0,0,0.06500815,-0.9938592,0.156323,122.7471
other,0,0,0,0,0,0,0,0.06964336,-0.9775107,0.1568116,122.8471
other,0,0,0,0,0,0,0,0.07940392,-0.9899552,0.1568116,122.947
other,0,0,0,0,0,0,0,0.05768734,-0.98532,0.1633995,123.0469
other,0,0,0,0,0,0,0,0.06793647,-1.003375,0.1243588,123.1474
other,0,0,0,0,0,0,0,0.2150684,-1.162708,0.4540037,123.2475
other,0,0,0,0,0,0,0,-0.03796084,-0.9958119,0.2666112,123.3476
other,0,0,0,0,0,0,0,0.1074642,-0.8145189,0.304432,123.4476
other,0,0,0,0,0,0,0,0.03255542,-0.9235872,0.2612431,123.5477
other,0,0,0,0,0,0,0,-0.08139244,-1.171004,0.3232203,123.6478
other,0,0,0,0,0,0,0,-0.1131123,-0.8059797,0.2339158,123.7472
other,0,0,0,0,0,0,0,-0.1179918,-0.919439,0.04164381,123.8471
other,0,0,0,0,0,0,0,-0.0221009,-1.050955,-0.01130407,123.9472
other,0,0,0,0,0,0,0,-0.3019689,-1.152703,0.3537203,124.0473
other,0,0,0,0,0,0,0,-0.08090387,-0.7371719,0.2724679,124.1474
other,0,0,0,0,0,0,0,-0.02112376,-0.9916637,0.3368832,124.2474
other,0,0,0,0,0,0,0,0.06866778,-0.9028478,0.2402594,124.3475
other,0,0,0,0,0,0,0,0.03548374,-0.9413999,0.1673034,124.4476
other,0,0,0,0,0,0,0,0.01693977,-0.9701914,0.1721829,124.5476
other,0,0,0,0,0,0,0,0.08403914,-1.0451,0.186336,124.6477
other,0,0,0,0,0,0,0,0.1977443,-1.122203,0.3493278,124.7478
other,0,0,0,0,0,0,0,0.03694791,-0.7949993,0.285888,124.8478
other,0,0,0,0,0,0,0,-0.1509316,-1.037291,0.3488392,124.9469
other,0,0,0,0,0,0,0,-0.1497117,-0.9662875,0.326147,125.0472
other,0,0,0,0,0,0,0,-0.100912,-0.8857679,0.1934109,125.1475
other,0,0,0,0,0,0,0,-0.1599608,-0.9567713,0.1736471,125.2472
other,0,0,0,0,0,0,0,-0.09554394,-0.952136,0.217323,125.3469
other,0,0,0,0,0,0,0,-0.01526867,-0.9928836,0.05091579,125.4473
other,0,0,0,0,0,0,0,-0.1338518,-1.013379,0.2980868,125.547
other,0,0,0,0,0,0,0,0.145772,-0.961895,0.423748,125.6471
other,0,0,0,0,0,0,0,0.03987623,-0.8611231,0.4339955,125.7472
other,0,0,0,0,0,0,0,0.06622802,-0.9087029,0.3869043,125.8467
other,0,0,0,0,0,0,0,0.08867591,-0.9289553,0.302235,125.947
other,0,0,0,0,0,0,0,0.1665114,-0.9148038,0.3793392,126.0472
other,0,0,0,0,0,0,0,0.1508958,-0.9050432,0.2419679,126.1465
other,0,0,0,0,0,0,0,0.1077085,-1.010208,0.2590477,126.2472
other,0,0,0,0,0,0,0,0.06622802,-0.9509162,0.2753962,126.3469
other,0,0,0,0,0,0,0,0.1447964,-1.032167,0.2341601,126.4473
other,0,0,0,0,0,0,0,0.084772,-0.9367631,0.2793001,126.5473
other,0,0,0,0,0,0,0,0.1704153,-0.9775107,0.2346471,126.6474
other,0,0,0,0,0,0,0,0.0979479,-0.9628721,0.2878392,126.7474
other,0,0,0,0,0,0,0,-0.05162375,-1.010452,0.2361112,126.8475
other,0,0,0,0,0,0,0,0.2499593,-0.9184634,0.31102,126.9475
other,0,0,0,0,0,0,0,-0.1384885,-0.8679553,0.2036601,127.0475
other,0,0,0,0,0,0,0,-0.2670765,-1.087555,0.1773083,127.1476
other,0,0,0,0,0,0,0,-0.1214087,-0.9733641,0.1938995,127.2476
other,0,0,0,0,0,0,0,-0.1943647,-0.9174879,0.1604712,127.3477
other,0,0,0,0,0,0,0,-0.2302328,-0.9731197,0.1968278,127.4471
other,0,0,0,0,0,0,0,-0.2168126,-0.9943478,0.1624239,127.5474
other,0,0,0,0,0,0,0,-0.1872882,-0.9399357,0.1638881,127.6474
other,0,0,0,0,0,0,0,-0.1921677,-0.9365188,0.1758441,127.7469
other,0,0,0,0,0,0,0,-0.1726481,-0.9528673,0.1433914,127.8473
other,0,0,0,0,0,0,0,-0.2090048,-0.961895,0.1119158,127.9475
other,0,0,0,0,0,0,0,-0.2609755,-1.252255,0.3437154,128.0475
other,0,0,0,0,0,0,0,-0.1184804,-0.9470122,0.252704,128.147
other,0,0,0,0,0,0,0,-0.09383549,-0.9396914,0.28052,128.2471
other,0,0,0,0,0,0,0,-0.006240969,-0.9157794,0.3607952,128.347
other,0,0,0,0,0,0,0,-0.03576382,-0.9889797,0.3105314,128.4468
other,0,0,0,0,0,0,0,0.04402443,-0.9411556,0.2353799,128.5475
other,0,0,0,0,0,0,0,-0.000384323,-0.971167,0.2363555,128.6471
other,0,0,0,0,0,0,0,0.06793647,-0.9762908,0.2007317,128.7471
other,0,0,0,0,0,0,0,0.05036809,-0.9884911,0.1963392,128.8472
other,0,0,0,0,0,0,0,0.06451958,-0.9640921,0.2097594,128.9473
other,0,0,0,0,0,0,0,0.04012052,-0.9474993,0.177551,129.0475
other,0,0,0,0,0,0,0,0.1038045,-1.013379,0.125336,129.1478
other,0,0,0,0,0,0,0,0.006447912,-1.214191,0.2202513,129.247
other,0,0,0,0,0,0,0,-0.01526867,-1.004107,0.2946715,129.3475
other,0,0,0,0,0,0,0,-0.1472719,-0.8926002,0.2949158,129.4473
other,0,0,0,0,0,0,0,-0.08822468,-0.9662875,0.262463,129.5472
other,0,0,0,0,0,0,0,-0.1904608,-0.928711,0.2309874,129.6475
other,0,0,0,0,0,0,0,-0.1933876,-0.9457908,0.2466031,129.7468
other,0,0,0,0,0,0,0,-0.1660602,-0.9755595,0.2441633,129.8467
other,0,0,0,0,0,0,0,-0.1677686,-0.9423755,0.2068311,129.9469
other,0,0,0,0,0,0,0,-0.1670358,-0.9636035,0.1973148,130.0471
other,0,0,0,0,0,0,0,-0.173868,-1.000203,0.1660835,130.1472
other,0,0,0,0,0,0,0,-0.1704527,-0.9450595,0.170963,130.2469
other,0,0,0,0,0,0,0,-0.1755765,-0.9531116,0.1541275,130.3469
other,0,0,0,0,0,0,0,-0.1114039,-0.9875155,0.0506715,130.4469
other,0,0,0,0,0,0,0,-0.118969,-1.152947,0.1814549,130.5473
other,0,0,0,0,0,0,0,-0.07504878,-0.9338348,0.2136633,130.6473
other,0,0,0,0,0,0,0,-0.03893643,-0.9655547,0.1731601,130.7475
other,0,0,0,0,0,0,0,-0.03576382,-0.9352989,0.2922317,130.8476
other,0,0,0,0,0,0,0,-0.06724096,-1.00362,0.2907676,130.9477
other,0,0,0,0,0,0,0,0.02694306,-0.9584797,0.1741356,131.0478
other,0,0,0,0,0,0,0,0.03084853,-0.982636,0.170963,131.1479
other,0,0,0,0,0,0,0,0.03572803,-1.00606,0.1865802,131.2477
other,0,0,0,0,0,0,0,0.05353915,-0.975071,0.1658393,131.3469
other,0,0,0,0,0,0,0,0.08013523,-0.9872712,0.146564,131.4472
other,0,0,0,0,0,0,0,0.01791536,-0.9753152,0.1338751,131.5473
other,0,0,0,0,0,0,0,0.02206356,-0.9921507,0.0853197,131.6476
other,0,0,0,0,0,0,0,0.03523946,-1.065595,0.2705151,131.7478
other,0,0,0,0,0,0,0,-0.09383549,-0.8660041,0.3876356,131.8481
other,0,0,0,0,0,0,0,-0.1104283,-0.8828396,0.2771031,131.9471
other,0,0,0,0,0,0,0,-0.189728,-0.961408,0.210248,132.0477
other,0,0,0,0,0,0,0,-0.2143729,-0.9836116,0.2397708,132.1468
other,0,0,0,0,0,0,0,-0.1724039,-0.937983,0.1609598,132.2469
other,0,0,0,0,0,0,0,-0.1675244,-0.9579911,0.1965835,132.3465
other,0,0,0,0,0,0,0,-0.2082719,-0.9770237,0.21952,132.4466
other,0,0,0,0,0,0,0,-0.1658159,-0.9775107,0.2021959,132.5467
other,0,0,0,0,0,0,0,-0.161912,-0.971167,0.2544109,132.6465
other,0,0,0,0,0,0,0,-0.1358045,-0.9440839,0.2073197,132.7472
other,0,0,0,0,0,0,0,-0.1528843,-0.9794634,0.2092708,132.8469
other,0,0,0,0,0,0,0,-0.1382442,-0.9767794,0.2536796,132.9474
other,0,0,0,0,0,0,0,-0.05479636,-0.9079716,0.2331829,133.0477
other,0,0,0,0,0,0,0,-0.0755358,-1.138063,0.3005281,133.148
other,0,0,0,0,0,0,0,-0.06187288,-1.035095,0.1721829,133.2474
other,0,0,0,0,0,0,0,-0.03210419,-0.989711,0.1838962,133.3473
other,0,0,0,0,0,0,0,0.06817921,-0.9679959,0.1699875,133.4473
other,0,0,0,0,0,0,0,-0.002824074,-1.058519,0.2217155,133.5475
other,0,0,0,0,0,0,0,0.05305213,-0.9653119,0.1633995,133.6472
other,0,0,0,0,0,0,0,0.01108313,-0.9811718,0.1821878,133.7473
other,0,0,0,0,0,0,0,0.03279971,-0.9850758,0.2053669,133.847
other,0,0,0,0,0,0,0,0.02548046,-0.9699472,0.1985363,133.9473
other,0,0,0,0,0,0,0,0.03597232,-0.9933721,0.165595,134.0468
other,0,0,0,0,0,0,0,0.04378014,-0.9801947,0.1873115,134.1472
other,0,0,0,0,0,0,0,0.06037138,-0.9731197,0.2136633,134.2473
other,0,0,0,0,0,0,0,0.03914337,-0.9965432,0.2034158,134.3469
other,0,0,0,0,0,0,0,0.0003485358,-0.961408,0.2397708,134.447
other,0,0,0,0,0,0,0,-0.08724754,-0.9328592,0.2280591,134.5471
other,0,0,0,0,0,0,0,-0.1443436,-0.961895,0.2348914,134.6469
other,0,0,0,0,0,0,0,-0.1199446,-0.9841002,0.2231796,134.7473
other,0,0,0,0,0,0,0,-0.1948517,-1.007524,0.1816992,134.847
other,0,0,0,0,0,0,0,-0.1516644,-1.012403,0.1394875,134.9475
other,0,0,0,0,0,0,0,-0.1257996,-0.9606752,0.116064,135.0479
other,0,0,0,0,0,0,0,-0.2082719,-0.9731197,0.1675477,135.1477
other,0,0,0,0,0,0,0,-0.2197409,-0.952136,0.1999989,135.2478
other,0,0,0,0,0,0,0,-0.1985129,-0.9631149,0.1816992,135.3473
other,0,0,0,0,0,0,0,-0.2090048,-0.9640921,0.2073197,135.4473
other,0,0,0,0,0,0,0,-0.2068078,-0.9518917,0.192191,135.5474
other,0,0,0,0,0,0,0,-0.1792361,-0.9792191,0.1724272,135.6472
other,0,0,0,0,0,0,0,-0.1682557,-1.006791,0.1999989,135.7475
other,0,0,0,0,0,0,0,-0.1319006,-0.900408,0.228792,135.8475
other,0,0,0,0,0,0,0,-0.07334033,-0.9704357,0.2090281,135.9469
other,0,0,0,0,0,0,0,0.001811141,-1.059496,0.2466031,136.0469
other,0,0,0,0,0,0,0,0.1235684,-0.940667,0.1841389,136.1468
other,0,0,0,0,0,0,0,0.05158797,-0.9758038,0.2043914,136.2468
other,0,0,0,0,0,0,0,0.03011567,-0.9872712,0.1836519,136.3469
other,0,0,0,0,0,0,0,0.07598703,-0.9531116,0.137292,136.4473
other,0,0,0,0,0,0,0,0.06134852,-0.9758038,0.1319239,136.5473
other,0,0,0,0,0,0,0,0.1394283,-1.006791,0.09825131,136.6475
other,0,0,0,0,0,0,0,0.1150277,-1.003375,0.1063034,136.7472
other,0,0,0,0,0,0,0,0.0674479,-1.300568,0.2609989,136.8473
other,0,0,0,0,0,0,0,-0.06968071,-0.8247679,0.2370868,136.9474
other,0,0,0,0,0,0,0,-0.1409283,-0.8850351,0.3388359,137.0479
other,0,0,0,0,0,0,0,-0.1057915,-1.018016,0.299064,137.147
other,0,0,0,0,0,0,0,-0.1575195,-0.9072403,0.2165917,137.2468
other,0,0,0,0,0,0,0,-0.1114039,-0.9057761,0.222204,137.3466
other,0,0,0,0,0,0,0,-0.07895269,-0.992395,0.1414402,137.4467
other,0,0,0,0,0,0,0,-0.08627195,-1.003375,0.1668148,137.5471
other,0,0,0,0,0,0,0,-0.1604478,-1.121227,0.2375754,137.6471
other,0,0,0,0,0,0,0,-0.2829364,-0.8777158,0.3105314,137.7474
other,0,0,0,0,0,0,0,-0.03454394,-0.9482321,0.3683588,137.847
other,0,0,0,0,0,0,0,0.0452443,-0.9628721,0.2971112,137.9476
other,0,0,0,0,0,0,0,0.02767592,-0.92554,0.3295639,138.0474
other,0,0,0,0,0,0,0,0.08037952,-0.9765351,0.344691,138.1476
other,0,0,0,0,0,0,0,0.07281598,-0.8930872,0.32566,138.2477
other,0,0,0,0,0,0,0,0.1608991,-0.7742599,0.384463,138.3479
other,0,0,0,0,0,0,0,0.1887166,-0.6071198,0.398616,138.4475
other,0,0,0,0,0,0,0,0.09526386,-0.7984162,0.4723034,138.5475
other,0,0,0,0,0,0,0,-0.08065959,-0.6115108,0.4674239,138.6474
other,0,0,0,0,0,0,0,-0.1545928,-0.380931,0.8283,138.7472
other,0,0,0,0,0,0,0,-0.06748369,-0.4219228,0.868072,138.8472
other,0,0,0,0,0,0,0,0.1511401,-0.1227795,0.8763669,138.9475
other,0,0,0,0,0,0,0,0.09477529,-0.001023824,0.8073163,139.0473
other,0,0,0,0,0,0,0,0.2216563,0.1187807,1.051072,139.1471
other,0,0,0,0,0,0,0,0.3236482,0.3388686,1.019595,139.2468
other,0,0,0,0,0,0,0,0.2726515,0.344481,1.045948,139.347
other,0,0,0,0,0,0,0,0.432228,0.1814891,1.067907,139.4469
other,0,0,0,0,0,0,0,0.1828599,0.1934451,0.8907642,139.5471
other,0,0,0,0,0,0,0,0.4566286,-0.4224114,0.9471274,139.647
other,0,0,0,0,0,0,0,0.05012381,-0.2457551,1.063515,139.747
other,0,0,0,0,0,0,0,0.1372313,-0.07519972,0.9034515,139.8474
other,0,0,0,0,0,0,0,-0.1016449,-0.1732876,0.8673391,139.9475
other,0,0,0,0,0,0,0,-0.1392198,-0.2113512,1.037896,140.0476
other,0,0,0,0,0,0,0,-0.00892345,0.1424485,0.9571322,140.1477
other,0,0,0,0,0,0,0,-0.07529151,0.4379321,0.9237039,140.2478
other,0,0,0,0,0,0,0,-0.03674097,0.3713213,0.9407837,140.348
other,0,0,0,0,0,0,0,-0.04601295,0.4528165,0.9400508,140.4472
other,0,0,0,0,0,0,0,0.004008162,0.302512,0.8941795,140.5472
other,0,0,0,0,0,0,0,-0.002092771,0.5313848,0.9095508,140.6473
other,0,0,0,0,0,0,0,0.09721504,0.4667252,1.086696,140.7474
other,0,0,0,0,0,0,0,0.200184,0.222968,1.025696,140.8476
other,0,0,0,0,0,0,0,0.05231927,0.2532253,0.9698195,140.947
other,0,0,0,0,0,0,0,-0.09871654,0.4411047,0.9649401,141.0469
other,0,0,0,0,0,0,0,-0.02673612,0.3391129,1.036432,141.1467
other,0,0,0,0,0,0,0,-0.1265325,0.2427319,0.7963359,141.2627
other,0,0,0,0,0,0,0,-0.2258403,0.04094518,0.8609955,141.3467
other,0,0,0,0,0,0,0,0.0379235,0.1322009,1.154039,141.4467
other,0,0,0,0,0,0,0,-0.2619527,0.1041406,0.826103,141.5466
other,0,0,0,0,0,0,0,-0.03966773,0.08852498,1.176243,141.6467
other,0,0,0,0,0,0,0,-0.1411726,0.1207319,1.161116,141.7475
other,0,0,0,0,0,0,0,-0.1794804,0.1019452,0.8570915,141.8468
other,0,0,0,0,0,0,0,-0.1753322,-0.03152382,0.8519678,141.9469
other,0,0,0,0,0,0,0,-0.1746009,-0.02664276,0.7987756,142.0475
other,0,0,0,0,0,0,0,-0.01746413,0.1256129,1.01252,142.1476
other,0,0,0,0,0,0,0,-0.09017586,0.08998915,0.9993439,142.2477
other,0,0,0,0,0,0,0,-0.09042015,-0.00126811,0.9393196,142.3477
other,0,0,0,0,0,0,0,0.0632997,0.08486535,0.9888521,142.4478
other,0,0,0,0,0,0,0,-0.09383549,0.02801201,0.9598163,142.5472
other,0,0,0,0,0,0,0,-0.03039575,0.00654127,1.032772,142.6471
other,0,0,0,0,0,0,0,-0.03649668,-0.009807237,1.05888,142.7469
other,0,0,0,0,0,0,0,-0.02478494,0.002148785,1.094504,142.8474
other,0,0,0,0,0,0,0,-0.04820842,0.04362921,0.990559,142.9469
other,0,0,0,0,0,0,0,-0.07236475,0.03118462,0.9795801,143.0472
other,0,0,0,0,0,0,0,-0.01721985,0.001415927,1.010811,143.1469
other,0,0,0,0,0,0,0,-0.02673612,-0.02005481,1.054976,143.2476
other,0,0,0,0,0,0,0,-0.03747227,0.005077109,1.022523,143.348
other,0,0,0,0,0,0,0,-0.01331593,0.01898431,0.9695753,143.4475
other,0,0,0,0,0,0,0,-0.0352768,0.02288822,0.9598163,143.5474
other,0,0,0,0,0,0,0,-0.04113189,0.007272573,0.9542039,143.6477
other,0,0,0,0,0,0,0,-0.03942344,0.00654127,0.9461518,143.7471
other,0,0,0,0,0,0,0,-0.03747227,0.01117649,0.9729922,143.8473
other,0,0,0,0,0,0,0,-0.03747227,-0.03469487,1.081816,143.9471
other,0,0,0,0,0,0,0,-0.02893158,0.005077109,1.067176,144.0472
other,0,0,0,0,0,0,0,-0.02698041,0.01874002,0.9664042,144.1634
other,0,0,0,0,0,0,0,-0.04162047,0.008003876,0.9376111,144.2469
other,0,0,0,0,0,0,0,-0.03869214,0.0006846239,0.9146762,144.3633
other,0,0,0,0,0,0,0,-0.04381593,0.001415927,1.022036,144.447
other,0,0,0,0,0,0,0,-0.04454879,-0.01517531,1.088404,144.5469
other,0,0,0,0,0,0,0,-0.04357164,-0.02810692,1.094504,144.6472
other,0,0,0,0,0,0,0,-0.03307978,-0.03420785,1.115243,144.7473
other,0,0,0,0,0,0,0,-0.04113189,0.005808412,0.9881192,144.8475
other,0,0,0,0,0,0,0,-0.02551624,0.005564125,0.9642072,144.9477
other,0,0,0,0,0,0,0,-0.0189283,0.005077109,0.993243,145.0479
other,0,0,0,0,0,0,0,-0.06528822,-0.0161509,1.001539,145.1481
other,0,0,0,0,0,0,0,-0.02820028,-0.03249941,1.041067,145.247
other,0,0,0,0,0,0,0,-0.04137618,0.001415927,1.048388,145.3472
other,0,0,0,0,0,0,0,-0.04406022,-0.005659039,1.002515,145.4472
other,0,0,0,0,0,0,0,-0.03966773,-0.006147611,0.9015003,145.5475
other,0,0,0,0,0,0,0,-0.03210419,-0.02273885,0.941028,145.6476
other,0,0,0,0,0,0,0,-0.03820357,-0.0112714,1.016668,145.7469
other,0,0,0,0,0,0,0,-0.0443045,-0.002975002,1.114756,145.8471
other,0,0,0,0,0,0,0,-0.03991202,-0.0244473,1.013495,145.9469
other,0,0,0,0,0,0,0,-0.02746742,-0.02005481,0.9707952,146.0471
other,0,0,0,0,0,0,0,-0.04771984,-0.02786264,0.9683554,146.1469
other,0,0,0,0,0,0,0,-0.05967586,-0.005903325,0.947616,146.2474
other,0,0,0,0,0,0,0,-0.05382077,-0.009807237,0.9895834,146.3475
other,0,0,0,0,0,0,0,-0.04064488,-0.02395872,1.030331,146.4475
other,0,0,0,0,0,0,0,-0.0443045,-0.04079581,1.077668,146.547
other,0,0,0,0,0,0,0,-0.06992344,-0.02420301,1.076935,146.6475
other,0,0,0,0,0,0,0,-0.02429637,0.001904499,0.9473717,146.7471
other,0,0,0,0,0,0,0,-0.04601295,-0.01224699,0.9746991,146.847
other,0,0,0,0,0,0,0,-0.04064488,-0.03640332,1.084743,146.9635
other,0,0,0,0,0,0,0,-0.04528009,-0.01907922,1.055463,147.0639
other,0,0,0,0,0,0,0,-0.0401563,0.002880088,0.9795801,147.147
other,0,0,0,0,0,0,0,-0.0443045,-0.02054339,0.9871436,147.247
other,0,0,0,0,0,0,0,-0.05528494,-0.02225183,0.9215069,147.347
other,0,0,0,0,0,0,0,-0.02234364,0.01142077,0.952984,147.4481
other,0,0,0,0,0,0,0,-0.04381593,-0.02883978,1.020328,147.5634
other,0,0,0,0,0,0,0,-0.04991686,-0.04152711,1.066932,147.6471
other,0,0,0,0,0,0,0,-0.04796413,-0.006391898,1.125979,147.7472
other,0,0,0,0,0,0,0,-0.03429966,-0.006634628,1.051559,147.8477
other,0,0,0,0,0,0,0,-0.03649668,-0.01883494,0.9883635,147.9476
other,0,0,0,0,0,0,0,-0.04284034,-0.03445214,0.9561551,148.0476
other,0,0,0,0,0,0,0,-0.03551953,-0.02225183,0.9183359,148.1471
other,0,0,0,0,0,0,0,-0.03234848,-0.01834792,1.024232,148.2472
other,0,0,0,0,0,0,0,-0.05284363,-0.02469158,1.070592,148.347
other,0,0,0,0,0,0,0,-0.04454879,-0.0202991,1.054243,148.447
other,0,0,0,0,0,0,0,-0.02063674,-0.02273885,1.032528,148.5473
other,0,0,0,0,0,0,0,-0.04991686,-0.01834792,0.9825069,148.6471
other,0,0,0,0,0,0,0,-0.03015146,-0.03005966,1.078399,148.7637
other,0,0,0,0,0,0,0,-0.03064003,-0.01883494,0.9888521,148.8471
other,0,0,0,0,0,0,0,-0.03015146,-0.01493102,0.9951957,148.964
other,0,0,0,0,0,0,0,-0.05235661,-0.01785935,1.113292,149.0473
other,0,0,0,0,0,0,0,-0.02942016,-0.03201083,1.007883,149.1472
other,0,0,0,0,0,0,0,-0.05772469,-0.02127469,0.9390753,149.2471
other,0,0,0,0,0,0,0,-0.01526867,-0.003463575,1.006176,149.3644
other,0,0,0,0,0,0,0,-0.04357164,-0.02127469,0.9664042,149.4639
other,0,0,0,0,0,0,0,-0.04381593,-0.02640003,1.020816,149.5632
other,0,0,0,0,0,0,0,-0.04893972,-0.01761506,1.117927,149.6633
other,0,0,0,0,0,0,0,-0.01697556,-0.01517531,0.9937316,149.7634
other,0,0,0,0,0,0,0,-0.04747556,-0.02737562,0.9215069,149.8635
other,0,0,0,0,0,0,0,-0.04796413,-0.02810692,0.9822642,149.9472
other,0,0,0,0,0,0,0,-0.0238078,-0.01785935,0.9324873,150.0474
other,0,0,0,0,0,0,0,-0.05284363,-0.0154196,1.013251,150.1475
other,0,0,0,0,0,0,0,-0.04942829,-0.03615903,1.077424,150.2636
other,0,0,0,0,0,0,0,-0.05040388,-0.03981866,1.135007,150.3476
other,0,0,0,0,0,0,0,-0.02966444,-0.02664276,1.087427,150.448
other,0,0,0,0,0,0,0,-0.04113189,-0.02322742,0.9532283,150.5637
other,0,0,0,0,0,0,0,-0.03966773,-0.009807237,0.9271193,150.6471
other,0,0,0,0,0,0,0,-0.03381264,-0.01175997,0.990072,150.7473
other,0,0,0,0,0,0,0,-0.04796413,-0.03201083,1.052048,150.8475
other,0,0,0,0,0,0,0,-0.02673612,-0.02078767,1.071567,150.9479
other,0,0,0,0,0,0,0,-0.04576866,-0.04445543,1.060831,151.0474
other,0,0,0,0,0,0,0,-0.03307978,-0.02420301,1.002515,151.1474
other,0,0,0,0,0,0,0,-0.03503252,0.006052698,0.9673798,151.2473
other,0,0,0,0,0,0,0,-0.01502438,-0.01932351,1.017888,151.3635
other,0,0,0,0,0,0,0,-0.03234848,-0.02688705,0.9729922,151.4476
other,0,0,0,0,0,0,0,-0.03893643,-0.01273556,1.052292,151.5474
other,0,0,0,0,0,0,0,-0.03625239,-0.01761506,1.083523,151.6481
other,0,0,0,0,0,0,0,-0.04479152,-0.02322742,1.066443,151.7474
other,0,0,0,0,0,0,0,-0.03405693,-0.03591475,1.057171,151.8475
other,0,0,0,0,0,0,0,-0.02624755,-0.033475,1.010323,151.9474
other,0,0,0,0,0,0,0,-0.03137289,-0.003952147,0.9598163,152.0475
other,0,0,0,0,0,0,0,-0.02746742,0.005808412,1.003004,152.1472
other,0,0,0,0,0,0,0,-0.02454066,-0.05543587,1.040336,152.2636
other,0,0,0,0,0,0,0,-0.0311286,-0.03371928,1.003492,152.3637
other,0,0,0,0,0,0,0,-0.02429637,-0.005414753,0.9554238,152.4637
other,0,0,0,0,0,0,0,-0.03869214,-0.005659039,0.9344401,152.5636
other,0,0,0,0,0,0,0,0.0008355523,-0.03030394,0.9871436,152.6637
other,0,0,0,0,0,0,0,-0.03234848,-0.01663947,1.010811,152.7638
other,0,0,0,0,0,0,0,-0.07016773,-0.03493916,0.9856795,152.8636
other,0,0,0,0,0,0,0,-0.03796084,-0.04738376,0.9754319,152.9636
other,0,0,0,0,0,0,0,-0.01282892,-0.02103196,0.9710394,153.0639
other,0,0,0,0,0,0,0,-0.04820842,0.008248162,0.9605476,153.1474
other,0,0,0,0,0,0,0,-0.05137947,-0.006878914,0.9866551,153.2477
other,0,0,0,0,0,0,0,-0.02576053,-0.04347984,1.047655,153.348
other,0,0,0,0,0,0,0,-0.02087947,-0.02981537,1.052779,153.4639
other,0,0,0,0,0,0,0,-0.03869214,0.002393072,1.041556,153.5474
other,0,0,0,0,0,0,0,-0.03161562,-0.03567202,0.9786029,153.6477
other,0,0,0,0,0,0,0,-0.02332078,-0.02420301,0.950787,153.7479
other,0,0,0,0,0,0,0,-0.02405208,-0.02005481,0.9642072,153.8638
other,0,0,0,0,0,0,0,-0.02112376,-0.02469158,0.962743,153.9475
other,0,0,0,0,0,0,0,-0.04967258,-0.04104009,1.127932,154.0474
other,0,0,0,0,0,0,0,-0.04406022,-0.03615903,1.114267,154.164
other,0,0,0,0,0,0,0,-0.02429637,-0.02103196,1.065712,154.2473
other,0,0,0,0,0,0,0,0.0005912661,-0.03103525,1.108655,154.3474
other,0,0,0,0,0,0,0,-0.049184,-0.05226326,0.9417593,154.4474
other,0,0,0,0,0,0,0,-0.04503581,-0.02322742,0.9615232,154.5475
other,0,0,0,0,0,0,0,-0.02014817,0.001415927,1.015935,154.6475
other,0,0,0,0,0,0,0,-0.03137289,-0.03274369,1.021303,154.7476
other,0,0,0,0,0,0,0,-0.0352768,-0.04640817,1.046679,154.8476
other,0,0,0,0,0,0,0,-0.02820028,-0.02249612,1.013984,154.9477
other,0,0,0,0,0,0,0,-0.03185991,-0.009562952,0.9844596,155.0477
other,0,0,0,0,0,0,0,-0.01331593,-0.02395872,0.9620118,155.1477
other,0,0,0,0,0,0,0,-0.03332407,-0.01907922,0.9524955,155.2478
other,0,0,0,0,0,0,0,-0.04284034,-0.02127469,0.9585949,155.3477
other,0,0,0,0,0,0,0,-0.02454066,-0.03420785,1.040092,155.4639
other,0,0,0,0,0,0,0,0.006936485,-0.01419972,1.074251,155.564
other,0,0,0,0,0,0,0,-0.01038761,-0.003952147,0.9659156,155.6475
other,0,0,0,0,0,0,0,-0.08310089,-0.04299127,1.08694,155.7476
other,0,0,0,0,0,0,0,-0.08846897,-0.04616388,1.039847,155.8477
other,0,0,0,0,0,0,0,0.03938766,0.001660213,1.05644,155.964
other,0,0,0,0,0,0,0,-0.05162375,-0.02347171,1.011544,156.0635
other,0,0,0,0,0,0,0,-0.06528822,-0.0195678,0.9888521,156.1635
other,0,0,0,0,0,0,0,0.00595934,-0.0154196,1.006176,156.2639
other,0,0,0,0,0,0,0,-0.04113189,-0.02493587,0.972015,156.364
other,0,0,0,0,0,0,0,-0.04332891,-0.02713133,1.007639,156.4641
other,0,0,0,0,0,0,0,-0.01282892,-0.01224699,0.9100394,156.5476
other,0,0,0,0,0,0,0,-0.02185662,-0.02322742,0.956888,156.6477
other,0,0,0,0,0,0,0,-0.02698041,-0.03957593,1.025207,156.7478
other,0,0,0,0,0,0,0,-0.01843972,-0.02273885,1.080595,156.8475
other,0,0,0,0,0,0,0,-0.03551953,-0.01859065,1.005443,156.9479
other,0,0,0,0,0,0,0,-0.03454394,-0.04738376,0.9849482,157.064
other,0,0,0,0,0,0,0,-0.01331593,-0.0376232,0.9578635,157.1637
other,0,0,0,0,0,0,0,-0.03796084,-0.03054667,0.9632316,157.2638
other,0,0,0,0,0,0,0,-0.04649997,-0.02591146,1.067176,157.3639
other,0,0,0,0,0,0,0,-0.02356351,-0.04104009,1.092551,157.464
other,0,0,0,0,0,0,0,-0.03869214,-0.04152711,1.02594,157.5638
other,0,0,0,0,0,0,0,-0.04186475,-0.04933493,0.9420036,157.6641
other,0,0,0,0,0,0,0,-0.03722798,-0.04469972,0.9534711,157.7641
other,0,0,0,0,0,0,0,-0.02917587,-0.04055152,1.113779,157.864
other,0,0,0,0,0,0,0,-0.03332407,-0.04128282,1.050828,157.9639
other,0,0,0,0,0,0,0,-0.04723283,-0.05958406,1.023987,158.0641
other,0,0,0,0,0,0,0,-0.02527196,-0.05763133,1.037163,158.1638
other,0,0,0,0,0,0,0,-0.01112047,-0.05031208,1.0418,158.2642
other,0,0,0,0,0,0,0,-0.03844786,-0.02615575,0.9115036,158.3638
other,0,0,0,0,0,0,0,-0.02990873,-0.04006295,0.966647,158.4638
other,0,0,0,0,0,0,0,-0.02039246,-0.04079581,1.025451,158.564
other,0,0,0,0,0,0,0,-0.007947861,-0.03005966,0.9571322,158.6476
other,0,0,0,0,0,0,0,-0.01331593,-0.04860363,1.071323,158.764
other,0,0,0,0,0,0,0,-0.03478823,-0.04909065,1.019839,158.8639
other,0,0,0,0,0,0,0,-0.03234848,-0.01663947,1.049363,158.9642
other,0,0,0,0,0,0,0,-0.01038761,-0.05348313,0.9993439,159.048
other,0,0,0,0,0,0,0,-0.002824074,-0.05079909,0.9229711,159.1633
other,0,0,0,0,0,0,0,-0.0526009,-0.03054667,0.9488358,159.2631
other,0,0,0,0,0,0,0,-0.03454394,-0.02640003,1.006419,159.3477
other,0,0,0,0,0,0,0,0.003763875,-0.04713947,1.103776,159.4634
other,0,0,0,0,0,0,0,-0.05284363,-0.04591959,1.031795,159.5636
other,0,0,0,0,0,0,0,-0.03796084,-0.0376232,1.008127,159.6637
other,0,0,0,0,0,0,0,-0.01356022,-0.03737891,1.022523,159.7635
other,0,0,0,0,0,0,0,-0.04332891,-0.03518344,0.976896,159.864
other,0,0,0,0,0,0,0,-0.03625239,-0.03591475,0.9881192,159.9641
other,0,0,0,0,0,0,0,-0.0221009,-0.03396357,1.007639,160.064
other,0,0,0,0,0,0,0,-0.02820028,-0.03591475,1.049608,160.1641
other,0,0,0,0,0,0,0,-0.02136805,-0.04225997,0.9776274,160.2643
other,0,0,0,0,0,0,0,-0.02746742,-0.03811177,0.9920232,160.3644
other,0,0,0,0,0,0,0,-0.03210419,-0.02835121,0.9898277,160.4636
other,0,0,0,0,0,0,0,-0.05064816,-0.01517531,0.9808,160.5637
other,0,0,0,0,0,0,0,-0.02502767,-0.02664276,0.9046714,160.664
other,0,0,0,0,0,0,0,-0.009900595,-0.01688376,1.001784,160.764
other,0,0,0,0,0,0,0,-0.06772798,-0.02688705,1.022767,160.8637
other,0,0,0,0,0,0,0,-0.05186804,-0.04201568,1.047655,160.9635
other,0,0,0,0,0,0,0,-0.0238078,-0.04665089,1.042531,161.0643
other,0,0,0,0,0,0,0,-0.03551953,-0.01859065,1.024476,161.1642
other,0,0,0,0,0,0,0,-0.03064003,-0.02981537,0.9158961,161.2643
other,0,0,0,0,0,0,0,-0.01380451,-0.05055481,1.04058,161.3644
other,0,0,0,0,0,0,0,0.0003485358,-0.05933978,1.126956,161.4478
other,0,0,0,0,0,0,0,-0.06138431,-0.02713133,1.095968,161.5635
other,0,0,0,0,0,0,0,-0.0574804,-0.02518016,1.069127,161.6637
other,0,0,0,0,0,0,0,-0.01721985,-0.05055481,0.9861681,161.7634
other,0,0,0,0,0,0,0,-0.03332407,-0.02737562,0.9583521,161.8637
other,0,0,0,0,0,0,0,-0.03698369,-0.01322413,0.9895834,161.9637
other,0,0,0,0,0,0,0,-0.05406351,-0.03103525,1.031551,162.0638
other,0,0,0,0,0,0,0,0.01206027,-0.05006779,1.066688,162.1636
other,0,0,0,0,0,0,0,-0.02722469,-0.04225997,1.026671,162.2636
other,0,0,0,0,0,0,0,-0.09383549,-0.03371928,1.062539,162.3637
other,0,0,0,0,0,0,0,-0.03259277,-0.02640003,0.995927,162.4639
other,0,0,0,0,0,0,0,0.004983751,-0.03518344,0.9854352,162.5636
other,0,0,0,0,0,0,0,-0.04967258,-0.05275183,0.9356599,162.6637
other,0,0,0,0,0,0,0,-0.04747556,-0.03127953,1.032528,162.7638
other,0,0,0,0,0,0,0,-0.03356836,-0.02347171,1.005443,162.8638
other,0,0,0,0,0,0,0,-0.01721985,-0.04738376,1.026427,162.9639
other,0,0,0,0,0,0,0,-0.02405208,-0.05860692,1.055707,163.0641
other,0,0,0,0,0,0,0,-0.04113189,-0.04738376,1.085232,163.1642
other,0,0,0,0,0,0,0,-0.01038761,-0.04933493,0.9876322,163.2643
other,0,0,0,0,0,0,0,-0.02332078,-0.03664761,0.959572,163.3644
other,0,0,0,0,0,0,0,-0.00868072,-0.03933164,0.9444433,163.4645
other,0,0,0,0,0,0,0,0.02011238,-0.04104009,0.9678668,163.548
other,0,0,0,0,0,0,0,-0.01429152,-0.03005966,0.9659156,163.6645
other,0,0,0,0,0,0,0,-0.04357164,-0.02981537,1.048632,163.7639
other,0,0,0,0,0,0,0,-0.009656309,-0.04713947,1.133544,163.864
other,0,0,0,0,0,0,0,-0.0064837,-0.04762804,1.103044,163.9639
other,0,0,0,0,0,0,0,-0.01234035,-0.02322742,1.065223,164.0639
other,0,0,0,0,0,0,0,-0.01770842,-0.03274369,0.9868994,164.1637
other,0,0,0,0,0,0,0,-0.0189283,-0.04299127,1.140132,164.2635
other,0,0,0,0,0,0,0,0.01206027,0.01239636,1.227728,164.3639
other,0,0,0,0,0,0,0,-0.09603251,0.07632467,1.16746,164.4639
other,0,0,0,0,0,0,0,-0.08822468,0.07315207,1.0113,164.5639
other,0,0,0,0,0,0,0,-0.01624426,0.05948915,0.9588391,164.6639
other,0,0,0,0,0,0,0,-0.4937523,-0.4338788,0.9068668,164.7639
other,0,0,0,0,0,0,0,-0.2743957,0.2095494,0.9010118,164.8645
other,0,0,0,0,0,0,0,-0.2536563,0.3015364,0.6345639,164.9637
other,0,0,0,0,0,0,0,-0.002335501,0.3110527,0.9054042,165.0639
other,0,0,0,0,0,0,0,-0.2114445,0.3034891,1.132324,165.1639
other,0,0,0,0,0,0,0,0.03938766,-0.07715089,1.01008,165.2639
other,0,0,0,0,0,0,0,0.2716759,-0.1818268,0.9671355,165.3638
other,0,0,0,0,0,0,0,0.3197443,-0.230628,0.8717316,165.464
other,0,0,0,0,0,0,0,0.487127,-0.3843479,0.7782789,165.5641
other,0,0,0,0,0,0,0,0.3800114,-0.3309114,0.7602235,165.664
other,0,0,0,0,0,0,0,0.7923713,-0.5168397,0.7245997,165.7639
other,0,0,0,0,0,0,0,0.6149837,-0.3477469,0.6435916,165.864
other,0,0,0,0,0,0,0,0.5744804,-0.2169635,0.6609157,165.9639
other,0,0,0,0,0,0,0,0.7696791,-0.1003316,0.6794597,166.0637
other,0,0,0,0,0,0,0,0.4761482,-0.1937828,1.164287,166.1638
other,0,0,0,0,0,0,0,0.6679316,0.1453768,1.396819,166.2638
other,0,0,0,0,0,0,0,0.3639072,0.02362108,0.87466,166.3636
other,0,0,0,0,0,0,0,0.3187671,-0.006147611,0.9422479,166.4641
other,0,0,0,0,0,0,0,0.2580114,-0.2960189,0.9432235,166.5642
other,0,0,0,0,0,0,0,0.3229153,-0.3189554,0.8722202,166.664
other,0,0,0,0,0,0,0,0.249228,-0.5283071,0.7360672,166.7644
other,0,0,0,0,0,0,0,0.07964821,-0.4885352,0.704103,166.864
other,0,0,0,0,0,0,0,0.07208312,-0.6522599,0.6069922,166.9635
other,0,0,0,0,0,0,0,-0.0533322,-0.6654358,0.6440802,167.0639
other,0,0,0,0,0,0,0,-0.002579787,-0.6998397,0.5955232,167.1639
other,0,0,0,0,0,0,0,-0.01599997,-0.6744635,0.4452203,167.2639
other,0,0,0,0,0,0,0,-0.02039246,-0.8135433,0.704103,167.3639
other,0,0,0,0,0,0,0,0.1118551,-0.6781231,0.4642513,167.464
other,0,0,0,0,0,0,0,0.2599641,-1.171004,0.464007,167.5637
other,0,0,0,0,0,0,0,0.04378014,-0.9211475,0.4181356,167.6641
other,0,0,0,0,0,0,0,0.1040473,-0.9062631,0.3951991,167.764
other,0,0,0,0,0,0,0,0.194816,-0.8967468,0.4261877,167.8641
other,0,0,0,0,0,0,0,0.1687084,-0.8986996,0.4127675,167.9631
other,0,0,0,0,0,0,0,0.1191759,-0.8642957,0.4249679,168.0635
other,0,0,0,0,0,0,0,0.1208844,-0.92554,0.3742154,168.1633
other,0,0,0,0,0,0,0,0.1569951,-0.9426197,0.3259043,168.2633
other,0,0,0,0,0,0,0,-0.04235177,-1.089263,0.4571763,168.3633
other,0,0,0,0,0,0,0,-0.08822468,-0.8947957,0.4564434,168.4635
other,0,0,0,0,0,0,0,-0.09603251,-1.079991,0.46352,168.5639
other,0,0,0,0,0,0,0,-0.1631319,-0.7981719,0.4159401,168.6638
other,0,0,0,0,0,0,0,-0.1306807,-0.8930872,0.4205754,168.7637
other,0,0,0,0,0,0,0,-0.1067687,-0.9084601,0.44766,168.8638
other,0,0,0,0,0,0,0,-0.2299885,-0.8364797,0.35616,168.9637
other,0,0,0,0,0,0,0,-0.1145765,-0.9392028,0.2963799,169.0638
other,0,0,0,0,0,0,0,-0.06479965,-0.9453038,0.2578278,169.1635
other,0,0,0,0,0,0,0,-0.1470277,-1.146603,0.407888,169.2637
other,0,0,0,0,0,0,0,-0.1062801,-0.9477435,0.3903196,169.364
other,0,0,0,0,0,0,0,-0.003312646,-0.8347713,0.5408669,169.4637
other,0,0,0,0,0,0,0,-0.049184,-0.9694601,0.4820639,169.5639
other,0,0,0,0,0,0,0,0.0108404,-0.8435562,0.4098392,169.664
other,0,0,0,0,0,0,0,0.05549188,-0.9333478,0.3617708,169.7637
other,0,0,0,0,0,0,0,0.02840722,-0.9235872,0.3847073,169.8636
other,0,0,0,0,0,0,0,0.07647561,-0.958724,0.3424956,169.9636
other,0,0,0,0,0,0,0,0.01303586,-0.982636,0.3851959,170.064
other,0,0,0,0,0,0,0,0.09721504,-0.9062631,0.3749483,170.1639
other,0,0,0,0,0,0,0,0.03401959,-0.9550628,0.3620151,170.2641
other,0,0,0,0,0,0,0,-0.01721985,-0.9211475,0.393248,170.3642
other,0,0,0,0,0,0,0,-0.1375129,-0.8718592,0.4535151,170.4644
other,0,0,0,0,0,0,0,-0.2019283,-0.8716149,0.43302,170.5646
other,0,0,0,0,0,0,0,-0.1167719,-0.9226116,0.3849516,170.664
other,0,0,0,0,0,0,0,-0.1509316,-0.9482321,0.3922708,170.7639
other,0,0,0,0,0,0,0,-0.1079885,-0.9501833,0.3341992,170.8639
other,0,0,0,0,0,0,0,-0.1760635,-0.9450595,0.3271242,170.9636
other,0,0,0,0,0,0,0,-0.2285243,-0.9116312,0.3295639,171.0637
other,0,0,0,0,0,0,0,-0.2204722,-0.9372517,0.3371275,171.1635
other,0,0,0,0,0,0,0,-0.2004641,-0.9477435,0.3119956,171.2639
other,0,0,0,0,0,0,0,-0.1419039,-0.9665318,0.353476,171.3643
other,0,0,0,0,0,0,0,-0.1375129,-0.9165107,0.3359076,171.4639
other,0,0,0,0,0,0,0,-0.09359276,-0.9223673,0.3461552,171.5638
other,0,0,0,0,0,0,0,-0.1001807,-0.9699472,0.3378588,171.664
other,0,0,0,0,0,0,0,-0.09651952,-0.9213917,0.3407871,171.7639
other,0,0,0,0,0,0,0,-0.07334033,-0.9035791,0.3378588,171.864
other,0,0,0,0,0,0,0,0.03353257,-0.9921507,0.3603082,171.964
other,0,0,0,0,0,0,0,0.01401145,-1.013379,0.32566,172.0641
other,0,0,0,0,0,0,0,0.09355541,-0.9338348,0.3363962,172.1637
other,0,0,0,0,0,0,0,0.03060425,-0.9509162,0.353476,172.2636
other,0,0,0,0,0,0,0,0.07208312,-0.9536002,0.3729956,172.3637
other,0,0,0,0,0,0,0,0.02792021,-0.9321279,0.3093115,172.4636
other,0,0,0,0,0,0,0,0.0296271,-0.9584797,0.3076031,172.5637
other,0,0,0,0,0,0,0,0.08355212,-0.9831231,0.3995916,172.6639
other,0,0,0,0,0,0,0,0.084772,-0.9018706,0.3893441,172.764
other,0,0,0,0,0,0,0,-0.02258792,-0.9231002,0.3888555,172.864
other,0,0,0,0,0,0,0,-0.01770842,-0.9318836,0.3981275,172.964
other,0,0,0,0,0,0,0,0.01840394,-0.9228559,0.3732398,173.0638
other,0,0,0,0,0,0,0,-0.01746413,-0.9316393,0.3715314,173.1639
other,0,0,0,0,0,0,0,-0.02185662,-0.9121197,0.3615281,173.2639
other,0,0,0,0,0,0,0,-0.07626866,-0.879667,0.4256991,173.3635
other,0,0,0,0,0,0,0,-0.1192117,-0.9411556,0.3888555,173.4641
other,0,0,0,0,0,0,0,-0.07699996,-0.998983,0.365919,173.564
other,0,0,0,0,0,0,0,-0.1060358,-0.8762517,0.3293197,173.6638
other,0,0,0,0,0,0,0,-0.1116482,-0.9516475,0.4083751,173.764
other,0,0,0,0,0,0,0,-0.1055488,-0.9474993,0.3668962,173.8637
other,0,0,0,0,0,0,0,-0.1087198,-0.9011393,0.3615281,173.9639
other,0,0,0,0,0,0,0,-0.1179918,-0.9374959,0.3581112,174.0638
other,0,0,0,0,0,0,0,-0.1001807,-0.9296882,0.360551,174.1637
other,0,0,0,0,0,0,0,-0.08578493,-0.9274911,0.3578669,174.264
other,0,0,0,0,0,0,0,-0.06187288,-0.943351,0.40252,174.3637
other,0,0,0,0,0,0,0,-0.005019538,-0.8728348,0.3527431,174.464
other,0,0,0,0,0,0,0,0.01425574,-0.8794227,0.414963,174.5642
other,0,0,0,0,0,0,0,0.05256356,-0.865027,0.4020314,174.664
other,0,0,0,0,0,0,0,0.2892443,-1.195892,0.292476,174.7639
other,0,0,0,0,0,0,0,0.06500815,-0.989224,0.2856438,174.8641
other,0,0,0,0,0,0,0,0.02157654,-0.8911361,0.3032121,174.9641
other,0,0,0,0,0,0,0,0.09965634,-0.943351,0.3320037,175.0647
other,0,0,0,0,0,0,0,0.1169804,-0.9250514,0.3058962,175.1641
other,0,0,0,0,0,0,0,0.1057557,-0.9350547,0.335419,175.2641
other,0,0,0,0,0,0,0,0.04256027,-0.9650676,0.3063832,175.3635
other,0,0,0,0,0,0,0,0.09160423,-0.9421312,0.3254158,175.4634
other,0,0,0,0,0,0,0,0.0979479,-0.940667,0.3268799,175.5636
other,0,0,0,0,0,0,0,0.1138078,-0.9455481,0.2705151,175.6636
other,0,0,0,0,0,0,0,0.1672443,-0.9533559,0.2463588,175.7636
other,0,0,0,0,0,0,0,0.08403914,-1.016551,0.2558751,175.8637
other,0,0,0,0,0,0,0,0.03035996,-0.9760481,0.299551,175.9641
other,0,0,0,0,0,0,0,0.01498704,-0.9623836,0.3298082,176.0643
other,0,0,0,0,0,0,0,-0.02185662,-0.9231002,0.330051,176.1646
other,0,0,0,0,0,0,0,0.06183554,-0.9435953,0.3312708,176.2645
other,0,0,0,0,0,0,0,-0.01404879,-0.9148038,0.3461552,176.3643
other,0,0,0,0,0,0,0,-0.0616286,-0.9440839,0.3742154,176.464
other,0,0,0,0,0,0,0,-0.0574804,-1.007524,0.3478636,176.5641
other,0,0,0,0,0,0,0,-0.1450765,-0.9999601,0.2973555,176.6638
other,0,0,0,0,0,0,0,-0.1077442,-0.9177321,0.3224874,176.764
other,0,0,0,0,0,0,0,-0.1392198,-0.8882077,0.3083359,176.8639
other,0,0,0,0,0,0,0,-0.1136009,-0.9411556,0.3144353,176.9639
other,0,0,0,0,0,0,0,-0.1077442,-0.9206589,0.3154109,177.0643
other,0,0,0,0,0,0,0,-0.09164003,-0.9306637,0.2958913,177.1645
other,0,0,0,0,0,0,0,-0.02673612,-0.9555514,0.2378197,177.2645
other,0,0,0,0,0,0,0,-0.180456,-1.073892,0.5081714,177.3638
other,0,0,0,0,0,0,0,-0.05796897,-0.904312,0.3708001,177.4635
other,0,0,0,0,0,0,0,-0.07724424,-0.9518917,0.3324923,177.5638
other,0,0,0,0,0,0,0,-0.1245798,-0.8979667,0.3732398,177.6634
other,0,0,0,0,0,0,0,-0.05235661,-0.8896719,0.4374109,177.7636
other,0,0,0,0,0,0,0,0.05280784,-0.8947957,0.4252121,177.8636
other,0,0,0,0,0,0,0,-0.03966773,-0.919439,0.4110591,177.9637
other,0,0,0,0,0,0,0,0.04475573,-0.9431068,0.3332236,178.0639
other,0,0,0,0,0,0,0,0.05549188,-0.9479879,0.3422513,178.1635
other,0,0,0,0,0,0,0,0.06598374,-0.952136,0.3437154,178.2639
other,0,0,0,0,0,0,0,0.05768734,-0.9409113,0.3481079,178.3641
other,0,0,0,0,0,0,0,0.04621989,-0.9697028,0.2844239,178.4642
other,0,0,0,0,0,0,0,0.09721504,-0.9767794,0.2731992,178.564
other,0,0,0,0,0,0,0,0.06110424,-0.8701507,0.4015428,178.6647
other,0,0,0,0,0,0,0,-0.04698854,-1.054859,0.4347268,178.7641
other,0,0,0,0,0,0,0,-0.06455692,-0.9072403,0.4500998,178.8647
other,0,0,0,0,0,0,0,-0.09285989,-0.9006507,0.4559548,178.9637
other,0,0,0,0,0,0,0,-0.07212046,-0.919439,0.3881242,179.0641
other,0,0,0,0,0,0,0,-0.09944785,-0.918952,0.3510363,179.1635
other,0,0,0,0,0,0,0,-0.1236042,-0.9262713,0.3341992,179.2636
other,0,0,0,0,0,0,0,-0.1675244,-0.9487191,0.3546959,179.3642
other,0,0,0,0,0,0,0,-0.191925,-0.9209031,0.3754353,179.4644
other,0,0,0,0,0,0,0,-0.2063207,-0.9038234,0.3622594,179.5639
other,0,0,0,0,0,0,0,-0.1599608,-0.9257827,0.3195591,179.6641
other,0,0,0,0,0,0,0,-0.1028647,-0.9165107,0.3373718,179.7646
other,0,0,0,0,0,0,0,0.05256356,-1.132452,0.3280998,179.8641
other,0,0,0,0,0,0,0,0.02523617,-1.021431,0.2993082,179.9643
other,0,0,0,0,0,0,0,0.05329641,-1.014356,0.3227317,180.0647
other,0,0,0,0,0,0,0,0.04573132,-0.9850758,0.3320037,180.164
other,0,0,0,0,0,0,0,0.1321075,-0.9006507,0.2844239,180.2644
other,0,0,0,0,0,0,0,0.09501957,-0.9833673,0.2761275,180.3641
other,0,0,0,0,0,0,0,0.03279971,-0.9904438,0.2580721,180.4639
other,0,0,0,0,0,0,0,0.1172232,-0.9943478,0.1934109,180.5639
other,0,0,0,0,0,0,0,0.1733437,-0.9911752,0.4278962,180.6644
other,0,0,0,0,0,0,0,0.09965634,-0.8032957,0.4015428,180.764
other,0,0,0,0,0,0,0,0.01474431,-0.8728348,0.3551829,180.8636
other,0,0,0,0,0,0,0,-0.09529965,-0.8640514,0.4674239,180.9642
other,0,0,0,0,0,0,0,-0.09115145,-1.008255,0.412279,181.0646
other,0,0,0,0,0,0,0,-0.1279967,-0.839408,0.332248,181.1636
other,0,0,0,0,0,0,0,-0.143368,-0.9252957,0.3007708,181.2641
other,0,0,0,0,0,0,0,-0.1033518,-1.011672,0.2114679,181.364
other,0,0,0,0,0,0,0,-0.1650846,-0.9880041,0.2341601,181.4642
other,0,0,0,0,0,0,0,-0.1260439,-0.7884113,0.4205754,181.5644
other,0,0,0,0,0,0,0,-0.08432077,-0.9460351,0.4254549,181.6636
other,0,0,0,0,0,0,0,0.1374756,-0.9245628,0.3978832,181.7643
other,0,0,0,0,0,0,0,0.08623616,-0.906996,0.3644549,181.8643
other,0,0,0,0,0,0,0,0.09989908,-0.9087029,0.3537203,181.9639
other,0,0,0,0,0,0,0,0.09526386,-0.9372517,0.3410314,182.0641
other,0,0,0,0,0,0,0,0.118443,-0.9191947,0.3029679,182.1642
other,0,0,0,0,0,0,0,0.1118551,-0.9638478,0.3090672,182.2643
other,0,0,0,0,0,0,0,0.1591922,-0.9792191,0.250507,182.3639
other,0,0,0,0,0,0,0,0.2055521,-1.0329,0.4310672,182.464
other,0,0,0,0,0,0,0,0.0979479,-0.8752761,0.3478636,182.5638
other,0,0,0,0,0,0,0,0.07745119,-0.8808869,0.4191112,182.6639
other,0,0,0,0,0,0,0,0.02865151,-0.8474602,0.5025591,182.7641
other,0,0,0,0,0,0,0,-0.03576382,-0.9506719,0.4830395,182.8642
other,0,0,0,0,0,0,0,-0.07431593,-0.888939,0.4352154,182.9643
other,0,0,0,0,0,0,0,-0.0665081,-0.8974797,0.4120362,183.0644
other,0,0,0,0,0,0,0,-0.1182361,-0.9372517,0.4247236,183.1635
other,0,0,0,0,0,0,0,-0.0582117,-0.9609194,0.3149239,183.2639
other,0,0,0,0,0,0,0,-0.06846084,-0.8828396,0.316388,183.3641
other,0,0,0,0,0,0,0,-0.09529965,-0.9794634,0.4503441,183.4644
other,0,0,0,0,0,0,0,-0.1343403,-0.6668999,0.3529874,183.5639
other,0,0,0,0,0,0,0,0.04792834,-0.9343234,0.4593717,183.664
other,0,0,0,0,0,0,0,0.05671176,-0.9443282,0.4208196,183.7641
other,0,0,0,0,0,0,0,0.1038045,-0.9384716,0.3478636,183.864
other,0,0,0,0,0,0,0,0.08355212,-0.9094357,0.3463995,183.9642
other,0,0,0,0,0,0,0,0.09770361,-0.9636035,0.3683588,184.0636
other,0,0,0,0,0,0,0,0.1286922,-0.9323722,0.3495721,184.1639
other,0,0,0,0,0,0,0,0.1428437,-0.9316393,0.3505477,184.2635
other,0,0,0,0,0,0,0,0.1352801,-0.9511589,0.3444483,184.364
other,0,0,0,0,0,0,0,0.1094153,-0.9487191,0.3295639,184.464
other,0,0,0,0,0,0,0,0.09892349,-0.9482321,0.3146796,184.564
other,0,0,0,0,0,0,0,0.0855033,-0.9516475,0.3015037,184.6642
other,0,0,0,0,0,0,0,0.1101482,-0.959211,0.2602676,184.7643
other,0,0,0,0,0,0,0,0.09965634,-0.9504276,0.2736878,184.8644
other,0,0,0,0,0,0,0,0.09892349,-0.8847908,0.339323,184.9645
other,0,0,0,0,0,0,0,-0.005263824,-0.964579,0.335419,185.0646
other,0,0,0,0,0,0,0,-0.05699183,-1.016063,0.356647,185.1647
other,0,0,0,0,0,0,0,-0.05162375,-0.8874748,0.3227317,185.264
other,0,0,0,0,0,0,0,-0.1428795,-0.9626279,0.3298082,185.3646
other,0,0,0,0,0,0,0,-0.07407164,-0.9030921,0.346888,185.4645
other,0,0,0,0,0,0,0,-0.1472719,-0.9126068,0.320779,185.5635
other,0,0,0,0,0,0,0,-0.1663045,-0.9609194,0.3215118,185.6637
other,0,0,0,0,0,0,0,-0.1792361,-0.9126068,0.3198034,185.7637
other,0,0,0,0,0,0,0,-0.07821984,-0.9348119,0.2900363,185.8638
other,0,0,0,0,0,0,0,-0.1250683,-0.977755,0.3068718,185.9636
other,0,0,0,0,0,0,0,-0.09944785,-1.017284,0.4208196,186.0642
other,0,0,0,0,0,0,0,-0.06772798,-0.8203755,0.2873522,186.1644
other,0,0,0,0,0,0,0,-0.03405693,-0.9994715,0.3568913,186.2641
other,0,0,0,0,0,0,0,0.02377201,-0.9350547,0.3407871,186.3636
other,0,0,0,0,0,0,0,0.1008762,-0.8711279,0.3493278,186.4638
other,0,0,0,0,0,0,0,0.09623945,-1.101952,0.2922317,186.5639
other,0,0,0,0,0,0,0,0.1042916,-0.9213917,0.3219989,186.6638
other,0,0,0,0,0,0,0,0.1452834,-0.8882077,0.3007708,186.7642
other,0,0,0,0,0,0,0,0.06720362,-0.900408,0.3276112,186.8641
other,0,0,0,0,0,0,0,0.09575243,-0.9604309,0.3224874,186.9641
other,0,0,0,0,0,0,0,0.07842834,-0.9894667,0.3178522,187.0638
other,0,0,0,0,0,0,0,0.0108404,-0.9760481,0.271735,187.164
other,0,0,0,0,0,0,0,0.02596747,-0.9904438,0.2170802,187.264
other,0,0,0,0,0,0,0,0.03255542,-1.038511,0.3820232,187.3639
other,0,0,0,0,0,0,0,-0.03942344,-0.8298917,0.2934516,187.4639
other,0,0,0,0,0,0,0,0.004008162,-0.9431068,0.320292,187.5637
other,0,0,0,0,0,0,0,0.03889909,-0.949939,0.3127269,187.6638
other,0,0,0,0,0,0,0,-0.004532522,-0.9340791,0.3222431,187.7638
other,0,0,0,0,0,0,0,0.003275303,-0.9453038,0.3390802,187.864
other,0,0,0,0,0,0,0,0.01742835,-0.9572598,0.3205363,187.9639
other,0,0,0,0,0,0,0,0.01352443,-0.989224,0.2880835,188.0638
other,0,0,0,0,0,0,0,0.002544,-0.9279797,0.3010151,188.1639
other,0,0,0,0,0,0,0,-0.02551624,-0.9304194,0.3076031,188.2639
other,0,0,0,0,0,0,0,0.01937952,-0.9557956,0.3312708,188.3639
other,0,0,0,0,0,0,0,0.0115717,-0.9567713,0.292963,188.4639
other,0,0,0,0,0,0,0,0.03670362,-1.023872,0.2997952,188.564
other,0,0,0,0,0,0,0,0.01498704,-0.9577468,0.2856438,188.664
other,0,0,0,0,0,0,0,0.04500002,-0.9579911,0.2919874,188.764
other,0,0,0,0,0,0,0,0.00815636,-0.9492077,0.3483522,188.8639
other,0,0,0,0,0,0,0,0.05817592,-0.9553071,0.3063832,188.9639
other,0,0,0,0,0,0,0,0.06720362,-0.9550628,0.2768588,189.064
other,0,0,0,0,0,0,0,0.02279642,-0.9657989,0.2868637,189.1641
other,0,0,0,0,0,0,0,-0.007947861,-1.013623,0.2548995,189.2645
other,0,0,0,0,0,0,0,-0.09627679,-0.9352989,0.3158995,189.364
other,0,0,0,0,0,0,0,-0.1489804,-0.8801556,0.365432,189.4642
other,0,0,0,0,0,0,0,-0.2116888,-0.9628721,0.3463995,189.564
other,0,0,0,0,0,0,0,-0.1301921,-0.9977631,0.2954043,189.6638
other,0,0,0,0,0,0,0,-0.1970488,-0.8869879,0.2749076,189.7639
other,0,0,0,0,0,0,0,-0.1716726,-0.9428641,0.2983311,189.8634
other,0,0,0,0,0,0,0,-0.1977801,-0.961895,0.2753962,189.9639
other,0,0,0,0,0,0,0,-0.1946075,-0.900408,0.2773474,190.0636
other,0,0,0,0,0,0,0,-0.2329168,-0.9514031,0.3400558,190.1635
other,0,0,0,0,0,0,0,-0.2031481,-0.9011393,0.3198034,190.2636
other,0,0,0,0,0,0,0,-0.1497117,-0.9338348,0.365919,190.3634
other,0,0,0,0,0,0,0,-0.09700809,-0.9789748,0.3485949,190.4638
other,0,0,0,0,0,0,0,0.08257654,-0.9318836,0.2800314,190.5638
other,0,0,0,0,0,0,0,0.1042916,-0.9416442,0.281007,190.6639
other,0,0,0,0,0,0,0,0.0108404,-1.045831,0.2851552,190.7637
other,0,0,0,0,0,0,0,0.02011238,-1.025335,0.2512399,190.8635
other,0,0,0,0,0,0,0,-0.009167736,-0.9562842,0.2429435,190.9636
other,0,0,0,0,0,0,0,-0.02087947,-0.9789748,0.2658799,191.0638
other,0,0,0,0,0,0,0,0.07598703,-0.9572598,0.253191,191.1641
other,0,0,0,0,0,0,0,0.02767592,-0.9533559,0.2731992,191.2637
other,0,0,0,0,0,0,0,0.0005912661,-0.9970318,0.2941829,191.364
other,0,0,0,0,0,0,0,0.004252448,-0.9565269,0.2634402,191.4637
other,0,0,0,0,0,0,0,0.1001434,-0.9528673,0.2480672,191.5639
other,0,0,0,0,0,0,0,0.1069756,-0.9701914,0.2751519,191.6641
other,0,0,0,0,0,0,0,0.1433322,-1.038755,0.3637236,191.7638
other,0,0,0,0,0,0,0,0.1072199,-0.9948348,0.2997952,191.8639
other,0,0,0,0,0,0,0,0.09087138,-0.9623836,0.4120362,191.9634
other,0,0,0,0,0,0,0,0.01547561,-0.8935758,0.4598603,192.0636
other,0,0,0,0,0,0,0,0.01815965,-0.9545758,0.4764515,192.1639
other,0,0,0,0,0,0,0,-0.01038761,-0.898211,0.4191112,192.2633
other,0,0,0,0,0,0,0,-0.07016773,-0.9231002,0.3671389,192.3637
other,0,0,0,0,0,0,0,-0.08261232,-0.9355432,0.3498148,192.4635
other,0,0,0,0,0,0,0,-0.1702084,-0.9040676,0.3061389,192.564
other,0,0,0,0,0,0,0,-0.1167719,-0.8896719,0.2722236,192.664
other,0,0,0,0,0,0,0,-0.1238485,-1.053151,0.2495314,192.7638
other,0,0,0,0,0,0,0,-0.04771984,-1.2586,0.663844,192.8642
other,0,0,0,0,0,0,0,0.03353257,-0.8455074,0.4120362,192.9639
other,0,0,0,0,0,0,0,0.1330831,-0.8213511,0.4134988,193.0638
other,0,0,0,0,0,0,0,0.1189316,-0.9465237,0.3783636,193.164
other,0,0,0,0,0,0,0,0.129912,-0.9201719,0.3532317,193.2639
other,0,0,0,0,0,0,0,0.02914008,-0.9348119,0.3825118,193.3633
other,0,0,0,0,0,0,0,0.09160423,-0.949452,0.3559158,193.4639
other,0,0,0,0,0,0,0,0.1120994,-0.9462794,0.3210233,193.5636
other,0,0,0,0,0,0,0,0.1543111,-0.9518917,0.3271242,193.6636
other,0,0,0,0,0,0,0,0.07428014,-0.9831231,0.3176079,193.7636
other,0,0,0,0,0,0,0,0.07525573,-0.9418869,0.3149239,193.8639
other,0,0,0,0,0,0,0,-0.001115626,-0.9726312,0.339323,193.9641
other,0,0,0,0,0,0,0,-0.03405693,-0.9318836,0.3178522,194.0639
other,0,0,0,0,0,0,0,-0.07334033,-0.9413999,0.3168751,194.1635
other,0,0,0,0,0,0,0,-0.02990873,-0.9726312,0.2590477,194.2639
other,0,0,0,0,0,0,0,-0.004288235,-0.9609194,0.2507513,194.364
other,0,0,0,0,0,0,0,-0.0879804,-0.9496947,0.259779,194.4641
other,0,0,0,0,0,0,0,-0.06187288,-0.9848315,0.2978441,194.5641
other,0,0,0,0,0,0,0,-0.1096954,-0.9394472,0.2512399,194.6642
other,0,0,0,0,0,0,0,-0.1655716,-0.9392028,0.2470917,194.7642
other,0,0,0,0,0,0,0,-0.1370244,-0.9328592,0.2566079,194.8643
other,0,0,0,0,0,0,0,-0.00892345,-1.0024,0.247823,194.9644
other,0,0,0,0,0,0,0,-0.1236042,-0.9528673,0.3024793,195.0637
other,0,0,0,0,0,0,0,-0.07919542,-0.9636035,0.2502643,195.1641
other,0,0,0,0,0,0,0,-0.1358045,-0.9694601,0.247823,195.2646
other,0,0,0,0,0,0,0,-0.1267768,-0.9257827,0.2758832,195.3637
other,0,0,0,0,0,0,0,-0.1360488,-0.9623836,0.2771031,195.4637
other,0,0,0,0,0,0,0,-0.07846412,-0.9743396,0.2954043,195.5638
other,0,0,0,0,0,0,0,-0.0221009,-0.9689716,0.2492871,195.6639
other,0,0,0,0,0,0,0,-0.05211233,-0.9938592,0.2800314,195.7639
other,0,0,0,0,0,0,0,-0.07114487,-0.9409113,0.2797871,195.8639
other,0,0,0,0,0,0,0,-0.07943971,-0.9570155,0.3066275,195.9642
other,0,0,0,0,0,0,0,-0.1165277,-0.9526231,0.3151682,196.0637
other,0,0,0,0,0,0,0,-0.1236042,-0.9584797,0.3244402,196.1639
other,0,0,0,0,0,0,0,-0.05284363,-0.9704357,0.2917431,196.2639
other,0,0,0,0,0,0,0,-0.04040059,-0.9482321,0.3105314,196.3642
other,0,0,0,0,0,0,0,-0.04357164,-0.9474993,0.2946715,196.4638
other,0,0,0,0,0,0,0,-0.06333549,-0.9611637,0.2966242,196.5635
other,0,0,0,0,0,0,0,-0.06601953,-0.95482,0.3054076,196.6637
other,0,0,0,0,0,0,0,-0.0533322,-0.9523787,0.3071161,196.7636
other,0,0,0,0,0,0,0,-0.06406835,-0.9484748,0.3058962,196.8637
other,0,0,0,0,0,0,0,-0.07602438,-0.9570155,0.3151682,196.9637
other,0,0,0,0,0,0,0,-0.07407164,-0.9594553,0.3161438,197.0642
other,0,0,0,0,0,0,0,-0.04771984,-0.9543315,0.3139483,197.1643
other,0,0,0,0,0,0,0,-0.04601295,-0.9550628,0.3176079,197.2644
other,0,0,0,0,0,0,0,-0.07358462,-0.9572598,0.3210233,197.3645
other,0,0,0,0,0,0,0,-0.1106726,-0.9599438,0.3295639,197.4646
other,0,0,0,0,0,0,0,-0.1516644,-0.9211475,0.3227317,197.5639
other,0,0,0,0,0,0,0,-0.08944456,-0.9797077,0.2900363,197.6635
other,0,0,0,0,0,0,0,-0.1243355,-0.9404227,0.2939402,197.7642
other,0,0,0,0,0,0,0,-0.1360488,-0.9392028,0.3056519,197.8634
other,0,0,0,0,0,0,0,-0.1267768,-0.9474993,0.299064,197.9642
other,0,0,0,0,0,0,0,-0.1175048,-0.9404227,0.2705151,198.0635
other,0,0,0,0,0,0,0,-0.1309234,-0.9606752,0.2763718,198.1636
other,0,0,0,0,0,0,0,-0.0623599,-1.052664,0.3361519,198.2639
other,0,0,0,0,0,0,0,-0.07895269,-1.040952,0.313704,198.364
other,0,0,0,0,0,0,0,-0.05406351,-0.9367631,0.2871079,198.464
other,0,0,0,0,0,0,0,-0.05162375,-0.961895,0.2841796,198.5639
other,0,0,0,0,0,0,0,0.003763875,-0.9362761,0.3112642,198.6637
other,0,0,0,0,0,0,0,0.0979479,-1.023628,0.2570949,198.7638
other,0,0,0,0,0,0,0,0.03889909,-1.012403,0.2490428,198.864
other,0,0,0,0,0,0,0,0.05573617,-0.9589667,0.2668555,198.9641
other,0,0,0,0,0,0,0,0.01206027,-0.9894667,0.2417236,199.0642
other,0,0,0,0,0,0,0,0.04646418,-0.9789748,0.2556308,199.1638
other,0,0,0,0,0,0,0,0.06207983,-0.9762908,0.2431877,199.2636
other,0,0,0,0,0,0,0,0.05329641,-0.9728755,0.2919874,199.3639
other,0,0,0,0,0,0,0,0.04890393,-0.961895,0.2800314,199.4639
other,0,0,0,0,0,0,0,0.05183225,-0.9687273,0.2517269,199.5638
other,0,0,0,0,0,0,0,0.04012052,-0.9699472,0.308823,199.6639
other,0,0,0,0,0,0,0,0.0452443,-0.9372517,0.3039435,199.7639
other,0,0,0,0,0,0,0,0.04060753,-0.9833673,0.414963,199.864
other,0,0,0,0,0,0,0,-0.04235177,-0.8994309,0.3520118,199.9642
other,0,0,0,0,0,0,0,0.001811141,-0.9326149,0.4161829,200.0643
other,0,0,0,0,0,0,0,-0.179969,-0.9770237,0.3590868,200.1644
other,0,0,0,0,0,0,0,-0.1248241,-0.9726312,0.2895477,200.2527
other,0,0,0,0,0,0,0,-0.204368,-0.9026035,0.3134597,200.3515
other,0,0,0,0,0,0,0,-0.1714283,-0.9555514,0.3466437,200.4515
other,0,0,0,0,0,0,0,-0.1218957,-0.9404227,0.3307838,200.5516
other,0,0,0,0,0,0,0,-0.1604478,-0.9333478,0.3166323,200.6516
other,0,0,0,0,0,0,0,-0.09383549,-0.9184634,0.2627073,200.7519
other,0,0,0,0,0,0,0,-0.0748045,-0.6656801,0.2602676,200.8518
other,0,0,0,0,0,0,0,0.05476058,-0.9274911,0.3666519,200.9524
other,0,0,0,0,0,0,0,0.1379642,-0.883571,0.200976,201.0525
other,0,0,0,0,0,0,0,0.145772,-0.9294438,0.362748,201.1522
other,0,0,0,0,0,0,0,0.1201515,-0.9484748,0.3366389,201.2515
other,0,0,0,0,0,0,0,0.200671,-0.90968,0.3581112,201.3516
other,0,0,0,0,0,0,0,0.1975,-0.914071,0.3185835,201.4517
other,0,0,0,0,0,0,0,0.190912,-0.8872321,0.4049597,201.5518
other,0,0,0,0,0,0,0,0.2382476,-0.8818641,0.4683994,201.6516
other,0,0,0,0,0,0,0,-0.1558126,-0.9126068,0.5003636,201.7518
other,0,0,0,0,0,0,0,0.1823714,-0.9789748,0.3803148,201.8521
other,0,0,0,0,0,0,0,-0.001359912,-0.92554,0.4659597,201.9518
other,0,0,0,0,0,0,0,-0.164596,-0.6478674,0.600647,202.0519
other,0,0,0,0,0,0,0,-0.1245798,-0.5629553,0.6357838,202.1525
other,0,0,0,0,0,0,0,-0.05455208,-0.535628,0.5135395,202.2519
other,0,0,0,0,0,0,0,-0.09042015,-0.4812159,0.548919,202.352
other,0,0,0,0,0,0,0,0.09453256,-0.4734081,0.776572,202.4523
other,0,0,0,0,0,0,0,-0.000384323,-0.5007355,0.9700639,202.552
other,0,0,0,0,0,0,0,0.03865635,-0.3606801,0.8810036,202.6515
other,0,0,0,0,0,0,0,0.1106352,-0.3926427,1.135007,202.7513
other,0,0,0,0,0,0,0,-0.03161562,-0.3509195,0.9825069,202.8522
other,0,0,0,0,0,0,0,-0.006240969,-0.3606801,1.040823,202.9523
other,0,0,0,0,0,0,0,0.01474431,-0.3421361,1.280676,203.0525
other,0,0,0,0,0,0,0,-0.04552438,-0.3584831,1.475388,203.152
other,0,0,0,0,0,0,0,-0.05674754,-0.425584,1.493443,203.2519
other,0,0,0,0,0,0,0,-0.0845635,-0.5043951,1.206743,203.3518
other,0,0,0,0,0,0,0,0.006203626,-0.5139114,0.947616,203.4519
other,0,0,0,0,0,0,0,-0.02966444,-0.5788153,0.8568473,203.5519
other,0,0,0,0,0,0,0,0.04231598,-0.5451427,0.6804352,203.652
other,0,0,0,0,0,0,0,-0.04991686,-0.5802795,0.5811275,203.7516
other,0,0,0,0,0,0,0,-0.02356351,-0.5080547,0.4869434,203.8516
other,0,0,0,0,0,0,0,-0.09676381,-0.5029309,0.4796242,203.9514
other,0,0,0,0,0,0,0,-0.1394641,-0.5275759,0.619191,204.0518
other,0,0,0,0,0,0,0,-0.05870027,-0.8140318,0.6831193,204.1521
other,0,0,0,0,0,0,0,-0.01331593,-0.6044358,0.6579874,204.2519
other,0,0,0,0,0,0,0,-0.03551953,-0.5236719,0.713375,204.3522
other,0,0,0,0,0,0,0,-0.01941687,-0.5185481,0.6130916,204.4524
other,0,0,0,0,0,0,0,0.08574758,-0.4541313,0.6699434,204.5526
other,0,0,0,0,0,0,0,0.01425574,-0.5483153,0.5567268,204.6521
other,0,0,0,0,0,0,0,0.1225912,-0.446812,0.8217121,204.7517
other,0,0,0,0,0,0,0,0.1079512,-0.4568153,1.105484,204.8518
other,0,0,0,0,0,0,0,0.01230456,-0.4494961,1.062052,204.9514
other,0,0,0,0,0,0,0,-0.02600482,-0.3777599,0.9678668,205.0515
other,0,0,0,0,0,0,0,-0.03210419,-0.4919521,0.9278521,205.1514
other,0,0,0,0,0,0,0,0.009376235,-0.4995156,1.539803,205.2513
other,0,0,0,0,0,0,0,-0.05284363,-0.4236313,1.683275,205.3516
other,0,0,0,0,0,0,0,-0.02136805,-0.6010189,1.287508,205.4517
other,0,0,0,0,0,0,0,0.09965634,-0.6037029,0.9395639,205.5525
other,0,0,0,0,0,0,0,-0.01307165,-0.5885758,0.8578228,205.6519
other,0,0,0,0,0,0,0,0.02987139,-0.5629553,0.7707154,205.7524
other,0,0,0,0,0,0,0,0.06183554,-0.4863397,0.6343196,205.8516
other,0,0,0,0,0,0,0,-0.07699996,-0.4890237,0.5076829,205.9515
other,0,0,0,0,0,0,0,-0.007216558,-0.5119602,0.4752317,206.0521
other,0,0,0,0,0,0,0,-0.007947861,-0.5380677,0.6004043,206.1524
other,0,0,0,0,0,0,0,-0.007703575,-0.6473788,0.7392398,206.2528
other,0,0,0,0,0,0,0,-0.04796413,-0.6615319,0.7331389,206.3522
other,0,0,0,0,0,0,0,-0.07163189,-0.5890629,0.6984922,206.4518
other,0,0,0,0,0,0,0,-0.05284363,-0.5663707,0.6892202,206.5518
other,0,0,0,0,0,0,0,0.0288958,-0.507812,0.6465199,206.6517
other,0,0,0,0,0,0,0,0.1274723,-0.5344081,0.5633163,206.7515
other,0,0,0,0,0,0,0,-0.06431264,-0.4709668,0.5642919,206.8514
other,0,0,0,0,0,0,0,0.07208312,-0.4214358,0.9637202,206.9515
other,0,0,0,0,0,0,0,-0.08358791,-0.3997192,1.130372,207.0516
other,0,0,0,0,0,0,0,-0.00868072,-0.2606394,1.112803,207.1519
other,0,0,0,0,0,0,0,0.1221042,-0.2928479,0.8797837,207.2522
other,0,0,0,0,0,0,0,-0.04503581,-0.3387192,0.9637202,207.3519
other,0,0,0,0,0,0,0,-0.01648854,-0.4433951,1.433907,207.4519
other,0,0,0,0,0,0,0,0.004739465,-0.2865027,1.89092,207.5519
other,0,0,0,0,0,0,0,-0.04820842,-0.3877632,1.521259,207.6521
other,0,0,0,0,0,0,0,0.0337753,-0.5204993,1.129639,207.7518
other,0,0,0,0,0,0,0,0.02377201,-0.580768,0.8770997,207.8519
other,0,0,0,0,0,0,0,0.03450816,-0.5253788,0.7102039,207.9517
other,0,0,0,0,0,0,0,0.0108404,-0.5778397,0.7048359,208.0518
other,0,0,0,0,0,0,0,-0.02478494,-0.5436801,0.5889353,208.152
other,0,0,0,0,0,0,0,-0.04576866,-0.4304635,0.4371682,208.2518
other,0,0,0,0,0,0,0,-0.02795599,-0.4002078,0.56966,208.3519
other,0,0,0,0,0,0,0,-0.01282892,-0.660799,0.8556274,208.4518
other,0,0,0,0,0,0,0,-0.0616286,-0.5651508,0.7648603,208.5523
other,0,0,0,0,0,0,0,-0.001115626,-0.4716997,0.8182952,208.6527
other,0,0,0,0,0,0,0,-0.06846084,-0.3987436,0.5467235,208.752
other,0,0,0,0,0,0,0,0.0198681,-0.4307078,0.663844,208.8518
other,0,0,0,0,0,0,0,0.1025831,-0.6466475,0.9305362,208.952
other,0,0,0,0,0,0,0,0.1052672,-0.2250157,0.7063,209.052
other,0,0,0,0,0,0,0,0.08233225,-0.2459994,1.035699,209.1516
other,0,0,0,0,0,0,0,0.01840394,-0.2045189,1.193811,209.252
other,0,0,0,0,0,0,0,-0.09578822,-0.3936198,1.10402,209.3523
other,0,0,0,0,0,0,0,-0.007460845,-0.3282274,1.22602,209.4526
other,0,0,0,0,0,0,0,-0.03966773,-0.3865433,1.798687,209.5516
other,0,0,0,0,0,0,0,-0.04796413,-0.3428674,1.760624,209.6523
other,0,0,0,0,0,0,0,0.004252448,-0.5463641,1.247979,209.753
other,0,0,0,0,0,0,0,-0.01599997,-0.5995547,0.868072,209.8523
other,0,0,0,0,0,0,0,-0.03381264,-0.6080954,0.7414352,209.9519
other,0,0,0,0,0,0,0,0.005472323,-0.4882909,0.7167919,210.052
other,0,0,0,0,0,0,0,0.0379235,-0.5009798,0.5716112,210.1521
other,0,0,0,0,0,0,0,-0.04088761,-0.4053316,0.4691323,210.2523
other,0,0,0,0,0,0,0,-0.06455692,-0.4187518,0.7163033,210.3524
other,0,0,0,0,0,0,0,-0.007703575,-0.4038674,0.9239482,210.4525
other,0,0,0,0,0,0,0,-0.02405208,-0.3418919,0.7978,210.5526
other,0,0,0,0,0,0,0,0.01840394,-0.5075677,0.6270003,210.6526
other,0,0,0,0,0,0,0,0.02816449,-0.4851198,0.6155313,210.7527
other,0,0,0,0,0,0,0,0.09453256,-0.6171231,0.7773033,210.8528
other,0,0,0,0,0,0,0,0.1816401,-0.3921557,0.6428603,210.9521
other,0,0,0,0,0,0,0,0.2340994,-0.3892274,0.9332202,211.0521
other,0,0,0,0,0,0,0,0.1499202,-0.4094798,0.9920232,211.1525
other,0,0,0,0,0,0,0,-0.0311286,-0.3882518,1.189663,211.252
other,0,0,0,0,0,0,0,0.006203626,-0.5095189,1.544927,211.3521
other,0,0,0,0,0,0,0,-0.05015959,-0.4026476,1.850904,211.4523
other,0,0,0,0,0,0,0,-0.01502438,-0.5631996,1.352899,211.5526
other,0,0,0,0,0,0,0,0.007423501,-0.590527,0.8831991,211.6516
other,0,0,0,0,0,0,0,0.0164512,-0.608584,0.8544075,211.7515
other,0,0,0,0,0,0,0,0.004008162,-0.4848756,0.6565232,211.8521
other,0,0,0,0,0,0,0,0.02206356,-0.5322111,0.5850313,211.952
other,0,0,0,0,0,0,0,-0.08627195,-0.3443316,0.457419,212.0519
other,0,0,0,0,0,0,0,-0.04991686,-0.1898789,0.6328555,212.1519
other,0,0,0,0,0,0,0,0.0164512,-0.2821117,0.6875118,212.2517
other,0,0,0,0,0,0,0,0.0115717,-0.380444,0.4676681,212.3516
other,0,0,0,0,0,0,0,-0.01209606,-0.4124081,0.6574988,212.4521
other,0,0,0,0,0,0,0,-0.01136476,-0.4980514,0.7065443,212.5524
other,0,0,0,0,0,0,0,0.04646418,-0.456571,0.8734401,212.6521
other,0,0,0,0,0,0,0,-0.1487361,-0.5583201,1.053267,212.7521
other,0,0,0,0,0,0,0,-0.02649183,-0.5627111,1.095479,212.8522
other,0,0,0,0,0,0,0,0.009131949,-0.4477876,1.338259,212.9522
other,0,0,0,0,0,0,0,-0.02649183,-0.4768234,1.896287,213.0522
other,0,0,0,0,0,0,0,-0.004043949,-0.6207827,1.504912,213.1523
other,0,0,0,0,0,0,0,0.09745932,-0.6410351,0.8631909,213.2524
other,0,0,0,0,0,0,0,0.02181927,-0.5788153,0.7572952,213.3525
other,0,0,0,0,0,0,0,0.06354399,-0.6332273,0.8268359,213.4526
other,0,0,0,0,0,0,0,0.006447912,-0.644452,0.7524157,213.5514
other,0,0,0,0,0,0,0,0.02499188,-0.5153756,0.518419,213.6516
other,0,0,0,0,0,0,0,-0.01795271,-0.3882518,0.4627871,213.7519
other,0,0,0,0,0,0,0,-0.04723283,-0.4277795,0.5847871,213.8518
other,0,0,0,0,0,0,0,-0.06943642,-0.7474195,0.7121551,213.9518
other,0,0,0,0,0,0,0,-0.1343403,-0.7196035,0.5716112,214.0518
other,0,0,0,0,0,0,0,-0.1370244,-0.8974797,0.5233001,214.1516
other,0,0,0,0,0,0,0,-0.1438566,-0.8594162,0.417647,214.2521
other,0,0,0,0,0,0,0,-0.2763484,-0.8174472,0.4159401,214.3522
other,0,0,0,0,0,0,0,-0.1597165,-0.8994309,0.3947121,214.4521
other,0,0,0,0,0,0,0,-0.04479152,-0.9538429,0.3920281,214.5519
other,0,0,0,0,0,0,0,-0.1114039,-0.6207827,0.4339955,214.6521
other,0,0,0,0,0,0,0,0.1216157,-1.097559,0.6374922,214.7522
other,0,0,0,0,0,0,0,0.0930684,-0.7100872,0.539647,214.852
other,0,0,0,0,0,0,0,0.06281113,-0.8957713,0.5171992,214.9516
other,0,0,0,0,0,0,0,0.05622318,-0.8652713,0.4991437,215.0522
other,0,0,0,0,0,0,0,0.1435765,-0.949939,0.4857236,215.1518
other,0,0,0,0,0,0,0,-0.04723283,-0.8952827,0.8124401,215.2523
other,0,0,0,0,0,0,0,0.006692199,-0.5639309,0.6750672,215.352
other,0,0,0,0,0,0,0,-0.08627195,-0.8747875,0.5699043,215.4519
other,0,0,0,0,0,0,0,-0.2673208,-0.8625872,0.518419,215.552
other,0,0,0,0,0,0,0,-0.2365765,-0.8086637,0.4288718,215.6516
other,0,0,0,0,0,0,0,-0.2358436,-0.8506312,0.4100835,215.7524
other,0,0,0,0,0,0,0,-0.171184,-0.8928429,0.3498148,215.8525
other,0,0,0,0,0,0,0,-0.1911921,-1.025092,0.3559158,215.9516
other,0,0,0,0,0,0,0,-0.4351921,-1.127084,0.6016241,216.0518
other,0,0,0,0,0,0,0,-0.09554394,-0.7830433,0.4315558,216.1518
other,0,0,0,0,0,0,0,-0.02673612,-0.879667,0.5328164,216.2519
other,0,0,0,0,0,0,0,-0.07529151,-0.8564879,0.5594109,216.3518
other,0,0,0,0,0,0,0,0.05134368,-0.8420921,0.4749874,216.4518
other,0,0,0,0,0,0,0,0.02987139,-0.9011393,0.4349711,216.552
other,0,0,0,0,0,0,0,0.08623616,-0.9162679,0.414963,216.6516
other,0,0,0,0,0,0,0,0.09672802,-0.9165107,0.3759239,216.7517
other,0,0,0,0,0,0,0,-0.06211562,-0.9518917,0.3581112,216.8516
other,0,0,0,0,0,0,0,0.06281113,-0.9779993,0.4532708,216.9513
other,0,0,0,0,0,0,0,0.1526042,-0.8174472,0.5130509,217.0513
other,0,0,0,0,0,0,0,-0.1272638,-0.8215954,0.5372072,217.1523
other,0,0,0,0,0,0,0,-0.09700809,-1.015576,0.5301323,217.2518
other,0,0,0,0,0,0,0,-0.1260439,-0.8184227,0.4208196,217.3522
other,0,0,0,0,0,0,0,-0.1502003,-0.7925595,0.3832431,217.4516
other,0,0,0,0,0,0,0,-0.1846042,-0.9040676,0.3564043,217.5519
other,0,0,0,0,0,0,0,-0.0657768,-0.9809276,0.3573799,217.6516
other,0,0,0,0,0,0,0,-0.2158355,-1.127815,0.542331,217.7522
other,0,0,0,0,0,0,0,-0.1492247,-0.9196833,0.4359483,217.8521
other,0,0,0,0,0,0,0,-0.1187247,-0.855755,0.4313115,217.9517
other,0,0,0,0,0,0,0,0.06817921,-0.8211068,0.5057317,218.0519
other,0,0,0,0,0,0,0,0.001324125,-0.904312,0.4610802,218.1517
other,0,0,0,0,0,0,0,0.02694306,-0.8828396,0.3800721,218.2521
other,0,0,0,0,0,0,0,0.05768734,-0.9365188,0.4008115,218.352
other,0,0,0,0,0,0,0,0.05793163,-0.8979667,0.3995916,218.4515
other,0,0,0,0,0,0,0,0.03084853,-0.9099227,0.3942236,218.5517
other,0,0,0,0,0,0,0,0.04085182,-0.9248071,0.3708001,218.652
other,0,0,0,0,0,0,0,0.04963523,-0.9555514,0.3930037,218.752
other,0,0,0,0,0,0,0,0.1099039,-0.8638071,0.454248,218.8519
other,0,0,0,0,0,0,0,-0.03210419,-0.8323315,0.4488799,218.9523
other,0,0,0,0,0,0,0,-0.04235177,-0.8611231,0.5225672,219.052
other,0,0,0,0,0,0,0,-0.1453208,-0.855755,0.4337513,219.1521
other,0,0,0,0,0,0,0,-0.1597165,-0.834527,0.4418034,219.2522
other,0,0,0,0,0,0,0,-0.1660602,-0.9148038,0.4769401,219.3522
other,0,0,0,0,0,0,0,-0.18314,-0.9272468,0.459616,219.4522
other,0,0,0,0,0,0,0,-0.1753322,-0.8589276,0.4518082,219.5523
other,0,0,0,0,0,0,0,-0.2112003,-0.8032957,0.4718148,219.6523
other,0,0,0,0,0,0,0,-0.1533729,-0.921636,0.4518082,219.7523
other,0,0,0,0,0,0,0,-0.2273045,-0.9728755,0.391051,219.8524
other,0,0,0,0,0,0,0,-0.2697605,-0.8606361,0.3439597,219.9524
other,0,0,0,0,0,0,0,-0.1926563,-0.8223282,0.3183392,220.0524
other,0,0,0,0,0,0,0,-0.3039201,-0.9113869,0.4076437,220.1517
other,0,0,0,0,0,0,0,-0.08846897,-0.9653119,0.4278962,220.2518
other,0,0,0,0,0,0,0,-0.118969,-0.9213917,0.4034956,220.3516
other,0,0,0,0,0,0,0,-0.01599997,-0.888939,0.4049597,220.4518
other,0,0,0,0,0,0,0,0.1396711,-0.9745839,0.3930037,220.5524
other,0,0,0,0,0,0,0,0.04841536,-0.9775107,0.360551,220.6517
other,0,0,0,0,0,0,0,0.08403914,-0.8694195,0.2966242,220.7516
other,0,0,0,0,0,0,0,0.01913524,-0.9977631,0.3766552,220.8516
other,0,0,0,0,0,0,0,0.09404399,-0.9304194,0.3217561,220.9519
other,0,0,0,0,0,0,0,0.1301563,-0.9182191,0.2866194,221.052
other,0,0,0,0,0,0,0,0.1208844,-0.9604309,0.2768588,221.1518
other,0,0,0,0,0,0,0,0.1242997,-0.9692158,0.2656356,221.2521
other,0,0,0,0,0,0,0,0.1477232,-0.9572598,0.383976,221.3522
other,0,0,0,0,0,0,0,-0.02624755,-0.9372517,0.3903196,221.4522
other,0,0,0,0,0,0,0,-0.1136009,-0.8735676,0.4837708,221.5523
other,0,0,0,0,0,0,0,-0.1767963,-0.9272468,0.3815362,221.6523
other,0,0,0,0,0,0,0,-0.1289722,-0.9038234,0.3873913,221.7523
other,0,0,0,0,0,0,0,-0.1709397,-0.8589276,0.4152073,221.8524
other,0,0,0,0,0,0,0,-0.1575195,-0.8906475,0.3920281,221.9524
other,0,0,0,0,0,0,0,-0.1960716,-0.9021149,0.3585998,222.0525
other,0,0,0,0,0,0,0,-0.15264,-0.9174879,0.353963,222.1525
other,0,0,0,0,0,0,0,-0.1372686,-0.9792191,0.2851552,222.2523
other,0,0,0,0,0,0,0,-0.2392605,-1.036559,0.4866991,222.3682
other,0,0,0,0,0,0,0,-0.1023762,-0.9370074,0.4232594,222.4688
other,0,0,0,0,0,0,0,-0.1233599,-0.89504,0.426432,222.5523
other,0,0,0,0,0,0,0,-0.1348289,-0.8086637,0.5015835,222.6521
other,0,0,0,0,0,0,0,0.03157983,-0.9160237,0.4959711,222.7522
other,0,0,0,0,0,0,0,0.02548046,-0.8538038,0.4974353,222.8523
other,0,0,0,0,0,0,0,0.05061238,-0.9108999,0.4032513,222.9525
other,0,0,0,0,0,0,0,0.05720033,-0.9333478,0.3449353,223.0519
other,0,0,0,0,0,0,0,0.07232741,-0.9611637,0.3471323,223.1681
other,0,0,0,0,0,0,0,0.06647231,-0.9538429,0.4742561,223.2681
other,0,0,0,0,0,0,0,-0.1606921,-0.7959749,0.4898717,223.3516
other,0,0,0,0,0,0,0,-0.05162375,-0.8979667,0.494507,223.4518
other,0,0,0,0,0,0,0,-0.07651295,-0.8513641,0.5106112,223.552
other,0,0,0,0,0,0,0,-0.09481263,-0.9272468,0.3983718,223.6681
other,0,0,0,0,0,0,0,-0.1375129,-0.9365188,0.3510363,223.7681
other,0,0,0,0,0,0,0,-0.1067687,-0.9250514,0.1726715,223.8519
other,0,0,0,0,0,0,0,-0.1309234,-0.9643348,0.1799923,223.9519
other,0,0,0,0,0,0,0,-0.2146156,-0.952136,0.1856031,224.0517
other,0,0,0,0,0,0,0,-0.2204722,-0.95482,0.200976,224.1523
other,0,0,0,0,0,0,0,-0.1899722,-0.8850351,0.1573001,224.2521
other,0,0,0,0,0,0,0,-0.079684,-1.129035,0.207564,224.3521
other,0,0,0,0,0,0,0,-0.1153078,-0.9972761,0.1846275,224.4522
other,0,0,0,0,0,0,0,-0.02429637,-0.9223673,0.198779,224.5523
other,0,0,0,0,0,0,0,0.07818405,-0.9028478,0.2492871,224.6523
other,0,0,0,0,0,0,0,0.112588,-0.9682387,0.2363555,224.7524
other,0,0,0,0,0,0,0,0.0584202,-0.944571,0.2773474,224.8524
other,0,0,0,0,0,0,0,0.08501629,-1.036315,0.2932073,224.9525
other,0,0,0,0,0,0,0,0.05549188,-0.9160237,0.301748,225.0526
other,0,0,0,0,0,0,0,0.0198681,-0.979952,0.3603082,225.1526
other,0,0,0,0,0,0,0,0.03865635,-0.9679959,0.3622594,225.2685
other,0,0,0,0,0,0,0,-0.0582117,-0.9277354,0.314191,225.3683
other,0,0,0,0,0,0,0,-0.04747556,-0.9435953,0.3232203,225.4517
other,0,0,0,0,0,0,0,-0.03747227,-0.9570155,0.3690916,225.5519
other,0,0,0,0,0,0,0,0.005228037,-0.928711,0.3876356,225.6518
other,0,0,0,0,0,0,0,-0.4769168,-0.792071,0.161204,225.768
other,0,0,0,0,0,0,0,-0.1267768,-1.00362,0.2917431,225.8683
other,0,0,0,0,0,0,0,-0.1787475,-0.9667761,0.313704,225.9518
other,0,0,0,0,0,0,0,0.01401145,-0.9316393,0.3471323,226.0518
other,0,0,0,0,0,0,0,0.3756205,-0.9733641,0.2378197,226.152
other,0,0,0,0,0,0,0,0.8433679,-0.9487191,0.1058149,226.2684
other,0,0,0,0,0,0,0,0.3841596,-0.9999601,0.1560802,226.3518
other,0,0,0,0,0,0,0,0.2621596,-0.690812,-0.5066248,226.4526
other,0,0,0,0,0,0,0,0.3163274,-1.008011,-0.2169962,226.5524
other,0,0,0,0,0,0,0,0.3668355,-0.6881279,-0.6110564,226.6526
other,0,0,0,0,0,0,0,0.2919283,-0.5832078,-0.1784441,226.752
other,0,0,0,0,0,0,0,0.3741563,-0.6517713,-0.8601801,226.8521
other,0,0,0,0,0,0,0,0.2892443,-0.4609635,-0.7501362,226.9519
other,0,0,0,0,0,0,0,0.2533762,-0.4558397,-0.8604245,227.0519
other,0,0,0,0,0,0,0,0.1711482,-0.3875189,-0.976325,227.1518
other,0,0,0,0,0,0,0,0.06476387,-0.3109033,-0.9365531,227.2521
other,0,0,0,0,0,0,0,0.1201515,-0.2557599,-0.9565612,227.3681
other,0,0,0,0,0,0,0,0.08306355,-0.185488,-0.9558283,227.468
other,0,0,0,0,0,0,0,0.0674479,-0.1735319,-0.8965368,227.5521
