pull,0,0,0,0,0,0,0,0.01474431,-0.6651915,-0.05327307,19.72981
pull,0,0,0,0,0,0,0,0.1828599,-0.9740953,-0.1757601,19.82968
pull,0,0,0,0,0,0,0,0.1189316,-0.9279797,-0.167708,19.92965
pull,0,0,0,0,0,0,0,0.03450816,-0.4170433,-0.2716525,20.04613
pull,0,0,0,0,0,0,0,0.160412,-0.6678755,-0.2767763,20.12957
pull,0,0,0,0,0,0,0,0.2553274,-0.8196442,-0.3868203,20.22965
pull,0,0,0,0,0,0,0,0.1799316,-1.068035,-0.461729,20.32974
pull,0,0,0,0,0,0,0,0.3077882,-1.138551,-0.2855597,20.42989
pull,0,0,0,0,0,0,0,0.1001434,-1.057299,-0.3475369,20.51332
pull,0,0,0,0,0,0,0,-0.1040846,-1.01826,-0.3792568,20.61348
pull,0,0,0,0,0,0,0,-0.01356022,-1.015087,-0.5307811,20.72951
pull,0,0,0,0,0,0,0,0.2955879,-1.08048,-0.3067878,20.82944
pull,0,0,0,0,0,0,0,0.1565081,-1.300812,-0.002032088,20.92948
pull,0,0,0,0,0,0,0,0.2148241,-1.424763,0.01065524,21.02922
pull,0,0,0,0,0,0,0,0.1738322,-1.553351,-0.0915809,21.12974
pull,0,0,0,0,0,0,0,0.2621596,-1.507724,-0.2299278,21.22961
pull,0,0,0,0,0,0,0,0.1879837,-1.221512,-0.2965402,21.32972
pull,0,0,0,0,0,0,0,0.1767606,-0.8545351,-0.285804,21.42974
pull,0,0,0,0,0,0,0,0.09941206,-0.7769439,-0.2348089,21.5296
pull,0,0,0,0,0,0,0,0.1772476,-0.6371312,-0.1752731,21.62953
pull,0,0,0,0,0,0,0,0.1416238,-0.6363999,-0.1071965,21.71322
pull,0,0,0,0,0,0,0,0.1118551,-0.4756036,0.006995611,21.81333
pull,0,0,0,0,0,0,0,0.09233554,-0.4992713,-0.06498481,21.91344
pull,0,0,0,0,0,0,0,0.08086809,-0.8520954,-0.1220809,22.01355
pull,0,0,0,0,0,0,0,0.1167362,-0.9721442,-0.1952812,22.12982
pull,0,0,0,0,0,0,0,0.1723681,-0.9079716,-0.4995483,22.2299
pull,0,0,0,0,0,0,0,0.249228,-0.8630758,-0.4336688,22.32926
pull,0,0,0,0,0,0,0,0.2419072,-1.079504,-0.2704327,22.42949
pull,0,0,0,0,0,0,0,0.3941644,-1.400364,-0.3516851,22.52943
pull,0,0,0,0,0,0,0,0.2009153,-1.181007,-0.2384685,22.6298
pull,0,0,0,0,0,0,0,-0.008436434,-0.97068,-0.1140288,22.71321
pull,0,0,0,0,0,0,0,-0.03064003,-1.165879,0.01285226,22.8133
pull,0,0,0,0,0,0,0,0.1594365,-1.551644,-0.06303208,22.91338
pull,0,0,0,0,0,0,0,0.1657801,-1.410612,-0.03960861,23.01343
pull,0,0,0,0,0,0,0,0.1535798,-1.340828,-0.1286688,23.11351
pull,0,0,0,0,0,0,0,0.1189316,-1.026068,-0.2555483,23.21357
pull,0,0,0,0,0,0,0,0.209456,-0.8689309,-0.3104489,23.31367
pull,0,0,0,0,0,0,0,0.09160423,-0.796952,-0.2496932,23.4294
pull,0,0,0,0,0,0,0,0.07525573,-0.7015481,-0.1599001,23.52978
pull,0,0,0,0,0,0,0,0.01230456,-0.5795481,0.02017151,23.62945
pull,0,0,0,0,0,0,0,0.2414202,-0.4477876,0.113867,23.72946
pull,0,0,0,0,0,0,0,0.1804202,-0.5651508,-0.1618529,23.82921
pull,0,0,0,0,0,0,0,0.176272,-0.7474195,-0.2355402,23.92922
pull,0,0,0,0,0,0,0,0.1291792,-0.724483,-0.4302519,24.02928
pull,0,0,0,0,0,0,0,0.04987952,-0.9218788,-0.4783203,24.12938
pull,0,0,0,0,0,0,0,0.1706596,-0.9577468,-0.3521721,24.22968
pull,0,0,0,0,0,0,0,0.1479675,-1.211996,-0.2989799,24.32945
pull,0,0,0,0,0,0,0,0.09014007,-1.133183,-0.2209001,24.42967
pull,0,0,0,0,0,0,0,0.07452442,-1.03534,0.004555861,24.52968
pull,0,0,0,0,0,0,0,0.2009153,-1.272996,-0.04595227,24.62966
pull,0,0,0,0,0,0,0,0.1755391,-1.2159,-0.09109233,24.72984
pull,0,0,0,0,0,0,0,0.1228355,-1.547007,-0.132817,24.82983
pull,0,0,0,0,0,0,0,0.1328404,-1.535784,-0.1215923,24.91326
pull,0,0,0,0,0,0,0,0.1399153,-1.300568,-0.06815586,25.0135
pull,0,0,0,0,0,0,0,0.09404399,-0.979952,-0.2328562,25.11333
pull,0,0,0,0,0,0,0,0.07867107,-0.8611231,-0.3336281,25.22943
pull,0,0,0,0,0,0,0,0.1011205,-0.7593755,-0.2636004,25.32952
pull,0,0,0,0,0,0,0,0.1123437,-0.7044749,-0.1906444,25.42945
pull,0,0,0,0,0,0,0,0.1608991,-0.6554309,-0.1342812,25.52939
pull,0,0,0,0,0,0,0,-0.01356022,-0.5341638,0.02480828,25.62974
pull,0,0,0,0,0,0,0,0.09233554,-0.3533593,-0.04302394,25.72966
pull,0,0,0,0,0,0,0,0.1772476,-0.6834912,-0.1179327,25.82954
pull,0,0,0,0,0,0,0,0.02328344,-0.8406279,-0.3541248,25.9294
pull,0,0,0,0,0,0,0,0.1835912,-0.745224,-0.3014212,26.02914
pull,0,0,0,0,0,0,0,0.1079512,-1.013867,-0.2984929,26.12921
pull,0,0,0,0,0,0,0,0.1608991,-1.042172,-0.2531086,26.22972
pull,0,0,0,0,0,0,0,0.1257638,-1.169784,-0.2230971,26.32984
pull,0,0,0,0,0,0,0,0.1809072,-1.27934,-0.1855206,26.41332
pull,0,0,0,0,0,0,0,0.1118551,-1.193452,-0.004229109,26.5135
pull,0,0,0,0,0,0,0,0.08013523,-1.366447,-0.007155876,26.62956
pull,0,0,0,0,0,0,0,0.02816449,-1.404999,0.1314353,26.72936
pull,0,0,0,0,0,0,0,0.04329157,-1.361812,0.05140281,26.82952
pull,0,0,0,0,0,0,0,0.1008762,-1.351563,-0.03106792,26.92956
pull,0,0,0,0,0,0,0,0.1040473,-1.211263,-0.2621363,27.02957
pull,0,0,0,0,0,0,0,0.1162476,-0.92432,-0.3633968,27.12985
pull,0,0,0,0,0,0,0,0.1543111,-0.7037436,-0.3682763,27.21342
pull,0,0,0,0,0,0,0,0.1574837,-0.690812,-0.2745809,27.31367
pull,0,0,0,0,0,0,0,0.1008762,-0.7078918,-0.1991851,27.42938
pull,0,0,0,0,0,0,0,0.06451958,-0.6229798,-0.09987573,27.52944
pull,0,0,0,0,0,0,0,0.006203626,-0.5214749,0.09678715,27.62955
pull,0,0,0,0,0,0,0,0.06232411,-0.735952,-0.057664,27.7296
pull,0,0,0,0,0,0,0,0.07671989,-0.9413999,-0.1577047,27.8293
pull,0,0,0,0,0,0,0,-0.003799663,-0.9413999,-0.3260646,27.92966
pull,0,0,0,0,0,0,0,0.08648045,-1.070719,-0.322405,28.02963
pull,0,0,0,0,0,0,0,0.1057557,-1.097804,-0.4334245,28.11331
pull,0,0,0,0,0,0,0,0.1445521,-1.182227,-0.2357845,28.21331
pull,0,0,0,0,0,0,0,-0.0001400367,-1.327408,-0.307032,28.31352
pull,0,0,0,0,0,0,0,0.03035996,-1.190035,-0.1374523,28.4137
pull,0,0,0,0,0,0,0,0.0855033,-1.181252,-0.120861,28.52953
pull,0,0,0,0,0,0,0,0.009620522,-1.562136,0.04920734,28.62971
pull,0,0,0,0,0,0,0,0.01279157,-1.687064,0.01675617,28.72947
pull,0,0,0,0,0,0,0,0.1186873,-1.287147,0.01846306,28.82921
pull,0,0,0,0,0,0,0,0.1386955,-1.072183,-0.1520923,28.92933
pull,0,0,0,0,0,0,0,0.08159939,-0.7530318,-0.3829164,29.02961
pull,0,0,0,0,0,0,0,-0.02746742,-0.6993511,-0.4653887,29.11328
pull,0,0,0,0,0,0,0,0.05256356,-0.7227761,-0.2282209,29.22985
pull,0,0,0,0,0,0,0,0.08599187,-0.6995954,-0.1364767,29.31332
pull,0,0,0,0,0,0,0,-0.02063674,-0.8008559,-0.1630727,29.41348
pull,0,0,0,0,0,0,0,0.009863252,-0.3780026,0.06360312,29.52962
pull,0,0,0,0,0,0,0,0.06451958,-0.7806035,0.0992269,29.61328
pull,0,0,0,0,0,0,0,0.04743977,-0.7156996,0.03578716,29.71366
pull,0,0,0,0,0,0,0,0.1506515,-0.7542517,-0.4029245,29.82955
pull,0,0,0,0,0,0,0,0.1069756,-0.8855237,-0.2755564,29.92958
pull,0,0,0,0,0,0,0,0.1155163,-1.036071,-0.386576,30.0296
pull,0,0,0,0,0,0,0,0.2092117,-1.008744,-0.5244359,30.1296
pull,0,0,0,0,0,0,0,0.09282411,-0.8547794,-0.2535971,30.22932
pull,0,0,0,0,0,0,0,0.1138078,-1.117079,-0.3111802,30.32949
pull,0,0,0,0,0,0,0,-0.08773611,-1.281291,-0.08230891,30.42949
pull,0,0,0,0,0,0,0,-0.05479636,-1.350831,0.0326161,30.52954
pull,0,0,0,0,0,0,0,0.09404399,-1.396703,0.09312753,30.62944
pull,0,0,0,0,0,0,0,0.07476716,-1.297884,0.05042722,30.72945
pull,0,0,0,0,0,0,0,0.01474431,-1.162708,-0.1101249,30.82972
pull,0,0,0,0,0,0,0,0.03889909,-1.133916,-0.261405,30.91323
pull,0,0,0,0,0,0,0,0.1545554,-0.8896719,-0.4453805,31.01344
pull,0,0,0,0,0,0,0,0.08452772,-0.733755,-0.4180532,31.11365
pull,0,0,0,0,0,0,0,0.2367834,-0.6566508,-0.2984929,31.21386
pull,0,0,0,0,0,0,0,0.0930684,-0.7532761,-0.2745809,31.32963
pull,0,0,0,0,0,0,0,0.04573132,-0.5710074,-0.1167128,31.42953
pull,0,0,0,0,0,0,0,-0.0238078,-0.5512436,0.0811715,31.52932
pull,0,0,0,0,0,0,0,0.02914008,-0.6046801,0.09727572,31.62954
pull,0,0,0,0,0,0,0,0.04963523,-0.6664113,0.06702001,31.72964
pull,0,0,0,0,0,0,0,0.09745932,-0.6983755,-0.04400109,31.82977
pull,0,0,0,0,0,0,0,0.1067313,-0.674952,-0.4866167,31.92989
pull,0,0,0,0,0,0,0,0.1504072,-0.9350547,-0.2362731,32.01332
pull,0,0,0,0,0,0,0,0.2053078,-1.201991,-0.158436,32.11346
pull,0,0,0,0,0,0,0,0.2077476,-1.184911,-0.1921086,32.21359
pull,0,0,0,0,0,0,0,0.09697231,-0.971167,-0.1247649,32.32961
pull,0,0,0,0,0,0,0,0.08745603,-1.020211,-0.198208,32.42944
pull,0,0,0,0,0,0,0,0.05793163,-1.150996,-0.004229109,32.51349
pull,0,0,0,0,0,0,0,-0.002335501,-1.417688,0.1387562,32.62978
pull,0,0,0,0,0,0,0,0.1208844,-1.502112,0.08214709,32.71331
pull,0,0,0,0,0,0,0,0.03743648,-1.285683,0.1516878,32.81376
pull,0,0,0,0,0,0,0,0.06647231,-1.158071,-0.1947926,32.92939
pull,0,0,0,0,0,0,0,0.08159939,-1.007279,-0.3063007,33.02956
pull,0,0,0,0,0,0,0,0.2153111,-0.7971947,-0.4634359,33.12968
pull,0,0,0,0,0,0,0,0.1067313,-0.6681198,-0.4246411,33.22949
pull,0,0,0,0,0,0,0,0.09843647,-0.6764162,-0.294589,33.32986
pull,0,0,0,0,0,0,0,0.1374756,-0.6751947,-0.249936,33.41331
pull,0,0,0,0,0,0,0,0.05061238,-0.4031361,-0.08182034,33.51345
pull,0,0,0,0,0,0,0,0.01108313,-0.4209472,0.06555585,33.6136
pull,0,0,0,0,0,0,0,0.155044,-0.7564472,-0.158436,33.72969
pull,0,0,0,0,0,0,0,0.1491873,-0.8223282,-0.07694083,33.82929
pull,0,0,0,0,0,0,0,0.05476058,-0.8494113,-0.1855206,33.92951
pull,0,0,0,0,0,0,0,0.1723681,-0.8157387,-0.3738887,34.02951
pull,0,0,0,0,0,0,0,0.1806645,-0.9057761,-0.4456248,34.12941
pull,0,0,0,0,0,0,0,0.02279642,-0.8213511,-0.4858838,34.22952
pull,0,0,0,0,0,0,0,0.01498704,-1.049735,-0.4336688,34.32953
pull,0,0,0,0,0,0,0,0.1316205,-0.9823917,-0.1767372,34.42955
pull,0,0,0,0,0,0,0,0.2506922,-1.136356,-0.0405842,34.52956
pull,0,0,0,0,0,0,0,0.09892349,-1.199307,0.002847413,34.62959
pull,0,0,0,0,0,0,0,-0.02014817,-1.484056,0.0687269,34.72944
pull,0,0,0,0,0,0,0,0.01669549,-1.405488,0.05579529,34.81368
pull,0,0,0,0,0,0,0,0.1257638,-1.129279,-0.09865586,34.92919
pull,0,0,0,0,0,0,0,0.1608991,-1.133428,-0.3604685,35.02909
pull,0,0,0,0,0,0,0,0.1206401,-1.026556,-0.398045,35.12914
pull,0,0,0,0,0,0,0,0.1174675,-0.8503869,-0.3636411,35.22928
pull,0,0,0,0,0,0,0,0.1343045,-0.6339586,-0.3377763,35.32957
pull,0,0,0,0,0,0,0,0.1555326,-0.6854439,-0.3294799,35.42971
pull,0,0,0,0,0,0,0,0.0930684,-0.5129358,-0.1259848,35.52977
pull,0,0,0,0,0,0,0,-0.07724424,-0.5102518,0.04310797,35.62983
pull,0,0,0,0,0,0,0,0.06037138,-0.5610042,0.1494923,35.7132
pull,0,0,0,0,0,0,0,0.1943274,-0.5983348,0.1082562,35.81324
pull,0,0,0,0,0,0,0,0.1328404,-0.7252159,-0.1350125,35.91329
pull,0,0,0,0,0,0,0,-0.03796084,-0.7357078,-0.4119522,36.01333
pull,0,0,0,0,0,0,0,0.02279642,-1.021919,-0.6374082,36.11335
pull,0,0,0,0,0,0,0,0.06061567,-0.731071,-0.2316363,36.2134
pull,0,0,0,0,0,0,0,-0.08676052,-1.889095,0.412279,36.31318
pull,0,0,0,0,0,0,0,0.2380033,-1.265431,-0.06840015,36.42928
pull,0,0,0,0,0,0,0,-0.09017586,-1.127571,0.3383473,36.51318
pull,0,0,0,0,0,0,0,-0.02234364,-1.00484,0.140463,36.61386
pull,0,0,0,0,0,0,0,0.07232741,-0.900408,0.07116821,36.72982
pull,0,0,0,0,0,0,0,0.01059611,-1.087555,0.1163083,36.81351
pull,0,0,0,0,0,0,0,0.09111566,-0.9999601,0.1673034,36.9295
pull,0,0,0,0,0,0,0,-0.0623599,-0.975071,0.2131763,37.0132
pull,0,0,0,0,0,0,0,0.0008355523,-0.9743396,0.1175281,37.12972
pull,0,0,0,0,0,0,0,0.06281113,-1.014356,0.2151275,37.22969
pull,0,0,0,0,0,0,0,-0.03771655,-0.9723869,0.241235,37.31321
pull,0,0,0,0,0,0,0,-0.1309234,-1.028019,0.271248,37.41343
pull,0,0,0,0,0,0,0,0.1003876,-1.034364,0.1999989,37.52945
pull,0,0,0,0,0,0,0,0.2150684,-1.087799,0.2622203,37.6133
pull,0,0,0,0,0,0,0,0.3392638,-0.9008951,0.353476,37.71377
pull,0,0,0,0,0,0,0,1.093467,-0.9916637,0.116064,37.82962
pull,0,0,0,0,0,0,0,0.5837523,-0.9782435,-0.7872241,37.92952
pull,0,0,0,0,0,0,0,0.992451,-0.1440075,0.9576192,38.02951
pull,0,0,0,0,0,0,0,0.5832638,-0.4438837,-0.8655482,38.12957
pull,0,0,0,0,0,0,0,0.4210033,-0.06958735,-0.7447681,38.22955
pull,0,0,0,0,0,0,0,0.3116921,-0.1322958,-0.8748202,38.32938
pull,0,0,0,0,0,0,0,0.1523599,-0.1066753,-0.779172,38.42973
pull,0,0,0,0,0,0,0,0.2062834,-0.1818268,-0.9777892,38.51316
pull,0,0,0,0,0,0,0,0.03084853,-0.9821475,0.1938995,70.17911
pull,0,0,0,0,0,0,0,0.06793647,-0.8867435,0.2053669,70.27927
pull,0,0,0,0,0,0,0,0.04987952,-0.9531116,0.1658393,70.36292
pull,0,0,0,0,0,0,0,0.033044,-1.067304,0.2317203,70.46278
pull,0,0,0,0,0,0,0,0.0806238,-1.664859,0.2392838,70.56317
pull,0,0,0,0,0,0,0,0.06695933,-1.357175,0.2868637,70.66331
pull,0,0,0,0,0,0,0,0.007423501,-1.145139,0.2871079,70.76285
pull,0,0,0,0,0,0,0,0.04329157,-1.008011,0.07848746,70.86306
pull,0,0,0,0,0,0,0,0.02865151,-0.8867435,-0.1003643,70.96344
pull,0,0,0,0,0,0,0,0.04963523,-0.792071,-0.1794197,71.06287
pull,0,0,0,0,0,0,0,0.1469919,-0.7835318,-0.28312,71.16283
pull,0,0,0,0,0,0,0,0.01425574,-0.6056557,-0.1071965,71.26282
pull,0,0,0,0,0,0,0,0.04378014,-0.5456312,-0.05815258,71.36304
pull,0,0,0,0,0,0,0,0.05305213,-0.7354634,-0.09182518,71.47954
pull,0,0,0,0,0,0,0,0.03523946,-0.9001637,-0.1035369,71.56271
pull,0,0,0,0,0,0,0,0.05109939,-0.8986996,0.01260797,71.67921
pull,0,0,0,0,0,0,0,0.09257983,-0.8818641,0.05652815,71.77921
pull,0,0,0,0,0,0,0,0.02645605,-1.00606,-0.01716072,71.86301
pull,0,0,0,0,0,0,0,0.0108404,-1.059252,-0.05400438,71.96328
pull,0,0,0,0,0,0,0,0.05256356,-1.037291,0.02675946,72.06272
pull,0,0,0,0,0,0,0,0.112588,-1.081944,0.06970405,72.16292
pull,0,0,0,0,0,0,0,0.1984756,-1.13782,0.1268001,72.2627
pull,0,0,0,0,0,0,0,0.07135181,-1.021919,0.1311911,72.36272
pull,0,0,0,0,0,0,0,0.08428343,-1.057788,0.1663278,72.46278
pull,0,0,0,0,0,0,0,-0.0238078,-1.068035,0.2217155,72.56294
pull,0,0,0,0,0,0,0,0.01767108,-1.038755,0.2158588,72.66293
pull,0,0,0,0,0,0,0,0.04378014,-1.013867,0.2351356,72.7631
pull,0,0,0,0,0,0,0,0.02523617,-1.144408,0.2893034,72.86322
pull,0,0,0,0,0,0,0,-0.05650481,-1.352784,0.3332236,72.96333
pull,0,0,0,0,0,0,0,-0.02698041,-1.254939,0.3564043,73.06342
pull,0,0,0,0,0,0,0,0.01376716,-1.12684,0.3715314,73.16354
pull,0,0,0,0,0,0,0,0.124544,-1.133183,0.2641715,73.26329
pull,0,0,0,0,0,0,0,0.01718406,-1.043636,0.1724272,73.37939
pull,0,0,0,0,0,0,0,0.0296271,-0.9579911,0.140463,73.46297
pull,0,0,0,0,0,0,0,0.0001042495,-0.928224,-0.004229109,73.56294
pull,0,0,0,0,0,0,0,0.04597561,-0.8830839,-0.03668028,73.66319
pull,0,0,0,0,0,0,0,0.05329641,-0.876496,-0.07108419,73.76285
pull,0,0,0,0,0,0,0,0.08721175,-0.836724,-0.03106792,73.8792
pull,0,0,0,0,0,0,0,-0.0311286,-0.8403836,-0.009839913,73.96324
pull,0,0,0,0,0,0,0,0.04743977,-0.8384309,0.02993207,74.06342
pull,0,0,0,0,0,0,0,0.04304728,-0.7649879,0.08971218,74.16282
pull,0,0,0,0,0,0,0,0.1318632,-0.825255,-0.007644448,74.26279
pull,0,0,0,0,0,0,0,0.05720033,-0.8733234,-0.03106792,74.36282
pull,0,0,0,0,0,0,0,-0.01282892,-0.8076882,0.001627538,74.46286
pull,0,0,0,0,0,0,0,0.09404399,-0.8999195,0.0474989,74.56282
pull,0,0,0,0,0,0,0,0.06403256,-0.92554,0.02334412,74.66304
pull,0,0,0,0,0,0,0,0.04573132,-1.065595,-0.03668028,74.76268
pull,0,0,0,0,0,0,0,0.07769547,-0.9980074,0.04261939,74.86266
pull,0,0,0,0,0,0,0,0.02645605,-1.07926,0.1460754,74.97917
pull,0,0,0,0,0,0,0,0.03645933,-1.048271,0.1150868,75.06268
pull,0,0,0,0,0,0,0,0.08916448,-1.087799,0.1277757,75.16285
pull,0,0,0,0,0,0,0,-0.01282892,-1.017284,0.2148832,75.26281
pull,0,0,0,0,0,0,0,0.05768734,-1.11098,0.2556308,75.36308
pull,0,0,0,0,0,0,0,0.04426716,-0.9801947,0.274419,75.47932
pull,0,0,0,0,0,0,0,-0.01697556,-1.044123,0.269051,75.5792
pull,0,0,0,0,0,0,0,0.03548374,-1.503576,0.445463,75.66275
pull,0,0,0,0,0,0,0,0.009620522,-1.300323,0.3400558,75.76276
pull,0,0,0,0,0,0,0,-0.00868072,-1.194672,0.2112236,75.86295
pull,0,0,0,0,0,0,0,0.02718735,-1.039488,0.1914597,75.96301
pull,0,0,0,0,0,0,0,-0.03234848,-1.057299,0.156323,76.06303
pull,0,0,0,0,0,0,0,0.1282036,-0.9435953,0.106792,76.1636
pull,0,0,0,0,0,0,0,0.2509364,-0.8869879,-0.1476998,76.27916
pull,0,0,0,0,0,0,0,0.05353915,-0.8325758,-0.1435532,76.36263
pull,0,0,0,0,0,0,0,0.02108797,-0.8991882,-0.139405,76.46284
pull,0,0,0,0,0,0,0,0.0896515,-0.8742989,-0.1008529,76.56282
pull,0,0,0,0,0,0,0,0.07696418,-0.8569748,-0.08450437,76.66302
pull,0,0,0,0,0,0,0,0.04597561,-0.7693788,0.02822362,76.76296
pull,0,0,0,0,0,0,0,0.07867107,-0.743027,0.03603144,76.87945
pull,0,0,0,0,0,0,0,-0.0006286092,-0.7862158,0.009435362,76.96269
pull,0,0,0,0,0,0,0,0.05305213,-0.9257827,0.0008962349,77.07948
pull,0,0,0,0,0,0,0,0.1640717,-0.8740562,0.02749232,77.17958
pull,0,0,0,0,0,0,0,0.06427529,-0.8618559,0.1411959,77.26295
pull,0,0,0,0,0,0,0,0.02621176,-0.9823917,0.02090281,77.36284
pull,0,0,0,0,0,0,0,0.1057557,-0.9270041,0.08336697,77.46296
pull,0,0,0,0,0,0,0,-0.1121367,-1.027776,0.07019106,77.56319
pull,0,0,0,0,0,0,0,0.05890722,-1.084872,0.106792,77.66336
pull,0,0,0,0,0,0,0,-0.04893972,-1.07682,0.1499793,77.76353
pull,0,0,0,0,0,0,0,-0.05211233,-1.200771,0.2424549,77.87922
pull,0,0,0,0,0,0,0,0.0005912661,-0.9841002,0.2673441,77.96318
pull,0,0,0,0,0,0,0,-0.0401563,-1.017771,0.2751519,78.06282
pull,0,0,0,0,0,0,0,-0.0147801,-0.9843429,0.4061796,78.16299
pull,0,0,0,0,0,0,0,-0.02576053,-1.378647,0.3864157,78.26307
pull,0,0,0,0,0,0,0,0.09550814,-1.357175,0.381292,78.36285
pull,0,0,0,0,0,0,0,-0.01356022,-1.152703,0.3668962,78.46272
pull,0,0,0,0,0,0,0,0.00815636,-1.134892,0.2878392,78.56267
pull,0,0,0,0,0,0,0,-0.03259277,-1.080724,0.1738914,78.66264
pull,0,0,0,0,0,0,0,-0.05430779,-0.9489634,0.06360312,78.77882
pull,0,0,0,0,0,0,0,0.1264952,-0.9235872,-0.04180407,78.86291
pull,0,0,0,0,0,0,0,0.02133226,-0.9172435,-0.1618529,78.96275
pull,0,0,0,0,0,0,0,0.1399153,-0.846483,-0.2038203,79.06334
pull,0,0,0,0,0,0,0,0.2392232,-0.8189113,-0.1952812,79.17945
pull,0,0,0,0,0,0,0,0.0205994,-0.8994309,-0.08304022,79.26266
pull,0,0,0,0,0,0,0,0.05280784,-0.949939,-0.06352065,79.36266
pull,0,0,0,0,0,0,0,0.01206027,-0.928224,0.08775945,79.46265
pull,0,0,0,0,0,0,0,0.04158312,-0.8071996,0.1441242,79.56277
pull,0,0,0,0,0,0,0,0.07208312,-0.8269634,0.02431971,79.66273
pull,0,0,0,0,0,0,0,0.0632997,-0.8396508,-0.01228122,79.76269
pull,0,0,0,0,0,0,0,0.07281598,-0.8511198,-0.06254506,79.87927
pull,0,0,0,0,0,0,0,0.02987139,-0.8867435,-0.04009718,79.96283
pull,0,0,0,0,0,0,0,0.06671505,-0.8828396,-0.08304022,80.06282
pull,0,0,0,0,0,0,0,0.007912074,-0.9252957,-0.0003251964,80.16283
pull,0,0,0,0,0,0,0,0.07062051,-1.094631,0.04286368,80.26292
pull,0,0,0,0,0,0,0,0.1526042,-1.064131,0.1077676,80.36298
pull,0,0,0,0,0,0,0,0.09209125,-1.115372,0.1411959,80.46305
pull,0,0,0,0,0,0,0,-0.1394641,-1.093656,0.09995976,80.5631
pull,0,0,0,0,0,0,0,-0.01234035,-1.09634,0.2148832,80.66256
pull,0,0,0,0,0,0,0,0.08501629,-1.068524,0.2880835,80.76292
pull,0,0,0,0,0,0,0,0.07671989,-0.9819031,0.3622594,80.86296
pull,0,0,0,0,0,0,0,-0.02673612,-1.084872,0.3127269,80.963
pull,0,0,0,0,0,0,0,-0.04771984,-1.433059,0.4169157,81.06302
pull,0,0,0,0,0,0,0,0.009131949,-1.183936,0.3927594,81.16302
pull,0,0,0,0,0,0,0,-0.05186804,-1.051444,0.3908082,81.26302
pull,0,0,0,0,0,0,0,0.03572803,-1.054859,0.2180558,81.36306
pull,0,0,0,0,0,0,0,0.05329641,-1.067548,0.2187871,81.46304
pull,0,0,0,0,0,0,0,0.04792834,-1.0207,0.2114679,81.56255
pull,0,0,0,0,0,0,0,-0.06870356,-0.9570155,0.1065477,81.66277
pull,0,0,0,0,0,0,0,0.1174675,-0.9736068,-0.02789687,81.76265
pull,0,0,0,0,0,0,0,0.03011567,-0.9435953,-0.09987573,81.86262
pull,0,0,0,0,0,0,0,0.07037622,-0.9008951,-0.111589,81.97945
pull,0,0,0,0,0,0,0,0.07232741,-0.9172435,-0.04497668,82.06302
pull,0,0,0,0,0,0,0,0.033044,-0.9323722,-0.08011189,82.16266
pull,0,0,0,0,0,0,0,0.02450331,-0.8918673,-0.02008904,82.26329
pull,0,0,0,0,0,0,0,-0.02161233,-0.910167,0.0631161,82.36292
pull,0,0,0,0,0,0,0,0.05793163,-0.837211,0.1277757,82.46259
pull,0,0,0,0,0,0,0,0.04256027,-0.8111035,0.04896306,82.5798
pull,0,0,0,0,0,0,0,0.06525244,-0.9904438,0.008459773,82.66288
pull,0,0,0,0,0,0,0,0.004495178,-0.9655547,0.03310312,82.76331
pull,0,0,0,0,0,0,0,0.03865635,-0.8935758,0.01480344,82.86348
pull,0,0,0,0,0,0,0,-0.09700809,-0.9626279,0.1143555,82.96265
pull,0,0,0,0,0,0,0,0.06622802,-0.8618559,0.03066337,83.06315
pull,0,0,0,0,0,0,0,-0.06357978,-0.9894667,0.01651188,83.16325
pull,0,0,0,0,0,0,0,-0.03429966,-1.046807,0.1297269,83.26351
pull,0,0,0,0,0,0,0,-0.003556932,-1.085603,0.1255803,83.36283
pull,0,0,0,0,0,0,0,0.03816778,-1.088532,0.1587643,83.46281
pull,0,0,0,0,0,0,0,0.0986792,-1.091947,0.228792,83.56271
pull,0,0,0,0,0,0,0,-0.01917258,-1.042172,0.2705151,83.66322
pull,0,0,0,0,0,0,0,-0.04064488,-1.071452,0.3222431,83.77914
pull,0,0,0,0,0,0,0,0.1233241,-0.9672631,0.3712871,83.86264
pull,0,0,0,0,0,0,0,-0.004776808,-1.055348,0.3485949,83.96252
pull,0,0,0,0,0,0,0,0.08721175,-1.42818,0.3878799,84.07906
pull,0,0,0,0,0,0,0,0.06451958,-1.137087,0.3744597,84.16259
pull,0,0,0,0,0,0,0,-0.01990388,-1.080724,0.350792,84.26293
pull,0,0,0,0,0,0,0,0.09648374,-1.115615,0.2788115,84.36288
pull,0,0,0,0,0,0,0,0.1416238,-1.066084,0.1521748,84.46303
pull,0,0,0,0,0,0,0,0.01059611,-0.9448152,-0.0322878,84.56305
pull,0,0,0,0,0,0,0,-0.01112047,-0.8586833,-0.07889201,84.66309
pull,0,0,0,0,0,0,0,0.01474431,-0.8896719,-0.1369652,84.76289
pull,0,0,0,0,0,0,0,0.07403585,-0.9018706,-0.1572161,84.86274
pull,0,0,0,0,0,0,0,0.08940721,-0.876496,-0.112076,84.96248
pull,0,0,0,0,0,0,0,0.1282036,-0.8813755,-0.0832845,85.06255
pull,0,0,0,0,0,0,0,0.1077085,-0.8703951,0.006995611,85.16276
pull,0,0,0,0,0,0,0,-0.01453581,-0.9860514,0.05237995,85.26304
pull,0,0,0,0,0,0,0,0.02328344,-0.912851,0.09752001,85.36333
pull,0,0,0,0,0,0,0,0.05036809,-0.8696637,0.07385225,85.46346
pull,0,0,0,0,0,0,0,0.09331112,-0.8894276,0.1082562,85.56361
pull,0,0,0,0,0,0,0,-0.02795599,-0.9426197,0.1389989,85.66267
pull,0,0,0,0,0,0,0,0.05622318,-0.9660432,0.09532299,85.76293
pull,0,0,0,0,0,0,0,0.06232411,-0.971167,0.07116821,85.86274
pull,0,0,0,0,0,0,0,0.08452772,-0.87918,0.1075233,85.96277
pull,0,0,0,0,0,0,0,0.1150277,-0.9374959,0.0006519487,86.06252
pull,0,0,0,0,0,0,0,0.1003876,-0.9816589,0.01895163,86.1627
pull,0,0,0,0,0,0,0,0.006936485,-1.005328,0.01944021,86.26261
pull,0,0,0,0,0,0,0,-0.0921286,-1.054128,0.03652002,86.3633
pull,0,0,0,0,0,0,0,0.04621989,-1.065595,0.01944021,86.46364
pull,0,0,0,0,0,0,0,-0.02039246,-0.9884911,0.05603958,86.5633
pull,0,0,0,0,0,0,0,-0.02551624,-0.8965041,0.1441242,86.67947
pull,0,0,0,0,0,0,0,-0.003312646,-0.9030921,0.222691,86.76283
pull,0,0,0,0,0,0,0,-0.3390569,-1.921792,0.607235,86.86298
pull,0,0,0,0,0,0,0,0.1018518,-0.9841002,0.2966242,86.96289
pull,0,0,0,0,0,0,0,-0.1797247,-0.8042713,0.3061389,87.0629
pull,0,0,0,0,0,0,0,-0.08529636,-1.022164,0.4210639,87.16289
pull,0,0,0,0,0,0,0,0.07915964,-0.9970318,0.1702317,87.26289
pull,0,0,0,0,0,0,0,0.05500331,-0.9509162,0.1480281,87.36278
pull,0,0,0,0,0,0,0,0.2258045,-0.9211475,0.2470917,87.46265
pull,0,0,0,0,0,0,0,0.194816,-0.9340791,0.1133799,87.56257
pull,0,0,0,0,0,0,0,0.08818734,-1.068035,0.08312424,87.66254
pull,0,0,0,0,0,0,0,0.1177117,-0.9233429,0.06604287,87.7626
pull,0,0,0,0,0,0,0,0.1145391,-0.8891833,0.1304598,87.86263
pull,0,0,0,0,0,0,0,0.1067313,-0.9704357,0.02309983,87.96291
pull,0,0,0,0,0,0,0,0.2316596,-1.013136,0.1819435,88.06273
pull,0,0,0,0,0,0,0,0.08037952,-0.95482,0.1365591,88.1627
pull,0,0,0,0,0,0,0,0.02743164,-1.041928,0.2397708,88.26286
pull,0,0,0,0,0,0,0,-0.06626382,-1.003131,0.2148832,88.36295
pull,0,0,0,0,0,0,0,-0.03966773,-0.822571,0.08239137,88.46311
pull,0,0,0,0,0,0,0,0.0584202,-1.099268,0.1214321,88.56325
pull,0,0,0,0,0,0,0,0.02938437,-0.97068,0.405691,88.66341
pull,0,0,0,0,0,0,0,-0.5501155,-0.9367631,0.3388359,88.763
pull,0,0,0,0,0,0,0,0.006692199,-1.034364,0.2973555,88.86276
pull,0,0,0,0,0,0,0,-0.1077442,-0.8894276,0.3356633,88.96303
pull,0,0,0,0,0,0,0,0.4117313,-0.9318836,0.4276519,89.06333
pull,0,0,0,0,0,0,0,0.9668321,-1.080235,0.2239109,89.16362
pull,0,0,0,0,0,0,0,0.3507313,-0.975071,0.5120754,89.26317
pull,0,0,0,0,0,0,0,0.9822035,-0.5341638,0.1724272,89.36262
pull,0,0,0,0,0,0,0,0.6911123,-0.5287957,0.09752001,89.46275
pull,0,0,0,0,0,0,0,0.8763077,-0.4875596,0.009923935,89.64629
pull,0,0,0,0,0,0,0,0.4797518,0.8836285,-0.007644448,89.66287
pull,0,0,0,0,0,0,0,0.5014668,0.8436123,0.04530343,89.77936
pull,0,0,0,0,0,0,0,0.4948788,0.9007083,-0.002520661,89.86263
pull,0,0,0,0,0,0,0,0.4907322,0.9197393,-0.02960376,89.96278
pull,0,0,0,0,0,0,0,0.486584,0.85142,-0.036436,90.06253
pull,0,0,0,0,0,0,0,0.4799961,0.8560553,-0.04497668,90.16253
pull,0,0,0,0,0,0,0,0.4873153,0.9260845,-0.05571283,90.26331
pull,0,0,0,0,0,0,0,0.4719439,0.7909071,-0.05473568,90.36263
pull,0,0,0,0,0,0,0,0.4724309,0.9026595,-0.09987573,90.46309
pull,0,0,0,0,0,0,0,0.4785319,0.9456041,-0.08035617,90.56348
pull,0,0,0,0,0,0,0,0.587843,0.9438956,-0.1623399,90.66322
pull,0,0,0,0,0,0,0,0.4819472,0.8467833,-0.1442845,90.7796
pull,0,0,0,0,0,0,0,0.7081361,0.5986351,-1.261073,90.86275
pull,0,0,0,0,0,0,0,0.5912599,0.8609363,-0.2145565,90.9628
pull,0,0,0,0,0,0,0,1.126595,-0.07821984,-0.5932437,91.06302
pull,0,0,0,0,0,0,0,0.6127322,0.1062443,-0.6259407,91.16347
pull,0,0,0,0,0,0,0,0.6105351,0.0625684,-0.8143088,91.26274
pull,0,0,0,0,0,0,0,0.5448999,0.0625684,-0.8077208,91.36252
pull,0,0,0,0,0,0,0,0.5566117,0.0198681,-0.7894211,91.46334
pull,0,0,0,0,0,0,0,0.6420107,0.0115717,-0.7860042,91.56252
pull,0,0,0,0,0,0,0,0.6022388,0.005228037,-0.802597,91.66283
pull,0,0,0,0,0,0,0,0.5431915,-0.01282892,-0.7830759,91.76255
pull,0,0,0,0,0,0,0,0.5778397,0.001568411,-0.8906801,91.86279
pull,0,0,0,0,0,0,0,0.5222078,-0.01770842,-0.8462729,91.96275
pull,0,0,0,0,0,0,0,0.5224521,0.008887663,-0.8323642,92.06274
pull,0,0,0,0,0,0,0,0.475115,-0.001604198,-0.8631085,92.16273
pull,0,0,0,0,0,0,0,0.49854,-0.04601295,-0.8726248,92.26274
pull,0,0,0,0,0,0,0,0.5527078,-0.06821655,-0.867501,92.36275
pull,0,0,0,0,0,0,0,0.4482762,-0.09627679,-0.9141052,92.46274
pull,0,0,0,0,0,0,0,0.4516915,-0.1301921,-0.9182518,92.56276
pull,0,0,0,0,0,0,0,0.386299,-0.1597165,-0.8843365,92.66277
pull,0,0,0,0,0,0,0,0.4053316,-0.1733795,-0.8604245,92.76278
pull,0,0,0,0,0,0,0,0.4002078,-0.2104689,-0.856032,92.86279
pull,0,0,0,0,0,0,0,0.3670238,-0.2658566,-0.8567648,92.96269
pull,0,0,0,0,0,0,0,0.3609228,-0.2922084,-0.8443202,93.06303
pull,0,0,0,0,0,0,0,0.3631198,-0.3053843,-0.8926329,93.16306
pull,0,0,0,0,0,0,0,0.4075271,-0.2768354,-0.882628,93.26333
pull,0,0,0,0,0,0,0,0.5029309,-0.2617084,-0.8689651,93.36308
pull,0,0,0,0,0,0,0,0.4636475,-0.2592686,-0.8562762,93.46284
pull,0,0,0,0,0,0,0,0.4555954,-0.1321449,-0.675716,93.56287
pull,0,0,0,0,0,0,0,0.3909358,-0.1187247,-1.230817,93.66296
pull,0,0,0,0,0,0,0,0.4597436,-0.2470683,-0.8238251,93.76311
pull,0,0,0,0,0,0,0,-0.0838322,-0.6644602,-0.0791363,235.0043
pull,0,0,0,0,0,0,0,-0.06333549,-0.5192795,-0.08304022,235.1048
pull,0,0,0,0,0,0,0,0.1262524,-0.470724,0.08361125,235.2048
pull,0,0,0,0,0,0,0,0.09282411,-0.8725921,-0.09084804,235.2884
pull,0,0,0,0,0,0,0,-0.06943642,-0.9335921,-0.02399296,235.3885
pull,0,0,0,0,0,0,0,-0.03429966,-0.7954879,-0.1559962,235.4884
pull,0,0,0,0,0,0,0,0.0584202,-0.7647436,-0.2133366,235.5885
pull,0,0,0,0,0,0,0,-0.01819544,-0.84868,-0.3106932,235.7048
pull,0,0,0,0,0,0,0,0.003763875,-0.8359911,-0.5427372,235.8048
pull,0,0,0,0,0,0,0,0.004739465,-0.9106556,-0.3738887,235.9048
pull,0,0,0,0,0,0,0,0.01474431,-1.057543,-0.309229,236.0047
pull,0,0,0,0,0,0,0,0.1301563,-1.088532,-0.4102437,236.1046
pull,0,0,0,0,0,0,0,-0.009656309,-0.9811718,-0.4907649,236.2049
pull,0,0,0,0,0,0,0,0.1284479,-0.879667,-0.08426008,236.3048
pull,0,0,0,0,0,0,0,0.1935961,-1.253475,0.01504772,236.4047
pull,0,0,0,0,0,0,0,-0.02673612,-1.234931,0.1768197,236.5049
pull,0,0,0,0,0,0,0,-0.01843972,-1.599955,0.259779,236.6051
pull,0,0,0,0,0,0,0,0.07476716,-1.37084,0.1780396,236.6885
pull,0,0,0,0,0,0,0,0.08721175,-1.188084,-0.02862817,236.7886
pull,0,0,0,0,0,0,0,0.1472362,-0.876983,-0.1957682,236.8885
pull,0,0,0,0,0,0,0,0.06183554,-0.6290791,-0.2792161,237.0047
pull,0,0,0,0,0,0,0,0.01596418,-0.6315189,-0.1913757,237.1046
pull,0,0,0,0,0,0,0,0.04792834,-0.5805237,-0.03912003,237.2048
pull,0,0,0,0,0,0,0,0.01889251,-0.4856068,0.2012203,237.3047
pull,0,0,0,0,0,0,0,0.1211271,-0.7269228,0.08239137,237.4048
pull,0,0,0,0,0,0,0,0.1074642,-0.8418478,-0.0232601,237.5048
pull,0,0,0,0,0,0,0,0.07550001,-0.8208641,-0.2914164,237.6046
pull,0,0,0,0,0,0,0,0.002788286,-0.9945921,-0.4239082,237.705
pull,0,0,0,0,0,0,0,0.06915635,-1.057056,-0.2638447,237.8049
pull,0,0,0,0,0,0,0,-0.1140879,-1.011428,-0.276045,237.905
pull,0,0,0,0,0,0,0,-0.04869543,-1.006548,-0.120861,238.0051
pull,0,0,0,0,0,0,0,-0.1577638,-1.223219,-0.08255319,238.1051
pull,0,0,0,0,0,0,0,-0.03991202,-1.073892,0.007726914,238.2051
pull,0,0,0,0,0,0,0,-0.05992015,-1.172955,0.09556727,238.3051
pull,0,0,0,0,0,0,0,-0.1126237,-1.549447,0.2497757,238.405
pull,0,0,0,0,0,0,0,-0.01990388,-1.466488,0.208051,238.5044
pull,0,0,0,0,0,0,0,0.03499517,-1.366203,0.05945492,238.6049
pull,0,0,0,0,0,0,0,0.06085995,-1.108784,-0.09621611,238.7046
pull,0,0,0,0,0,0,0,0.1379642,-0.9087029,-0.2294408,238.8047
pull,0,0,0,0,0,0,0,0.0591515,-0.7049634,-0.3006884,238.905
pull,0,0,0,0,0,0,0,0.033044,-0.7937794,-0.254817,239.0047
pull,0,0,0,0,0,0,0,-0.01380451,-0.6215156,0.09239622,239.1049
pull,0,0,0,0,0,0,0,0.01425574,-0.6412795,0.2714923,239.2049
pull,0,0,0,0,0,0,0,0.0157199,-0.6058999,0.09630013,239.3049
pull,0,0,0,0,0,0,0,0.03743648,-0.6681198,-0.3267959,239.4047
pull,0,0,0,0,0,0,0,0.06573945,-0.6617761,-0.3673007,239.5048
pull,0,0,0,0,0,0,0,-0.07114487,-0.869908,-0.3272845,239.6049
pull,0,0,0,0,0,0,0,0.01059611,-1.158315,-0.2843399,239.7051
pull,0,0,0,0,0,0,0,-0.1746009,-1.131232,-0.1696607,239.8052
pull,0,0,0,0,0,0,0,-0.06333549,-1.120252,-0.1569718,239.9053
pull,0,0,0,0,0,0,0,-0.05382077,-1.267139,0.003823002,239.9887
pull,0,0,0,0,0,0,0,-0.0623599,-1.188084,0.1773083,240.0888
pull,0,0,0,0,0,0,0,0.01913524,-1.386699,0.1206992,240.2047
pull,0,0,0,0,0,0,0,-0.03429966,-1.491864,0.308823,240.3045
pull,0,0,0,0,0,0,0,-0.02039246,-1.367667,0.125336,240.4052
pull,0,0,0,0,0,0,0,0.005472323,-1.161732,-0.07230406,240.5052
pull,0,0,0,0,0,0,0,0.02450331,-0.9980074,-0.06205649,240.6052
pull,0,0,0,0,0,0,0,0.05036809,-0.8684438,-0.2028447,240.7051
pull,0,0,0,0,0,0,0,-0.03332407,-0.733268,-0.1847878,240.8047
pull,0,0,0,0,0,0,0,0.05671176,-0.6995954,-0.1225679,240.9048
pull,0,0,0,0,0,0,0,0.009131949,-0.5483153,-0.08767698,241.0049
pull,0,0,0,0,0,0,0,0.06793647,-0.3777599,0.05335554,241.1047
pull,0,0,0,0,0,0,0,0.09819219,-0.6900791,-0.05839686,241.2044
pull,0,0,0,0,0,0,0,0.08794305,-0.9082158,-0.1025598,241.3042
pull,0,0,0,0,0,0,0,0.002544,-1.056323,-0.2704327,241.4046
pull,0,0,0,0,0,0,0,0.01693977,-1.0756,-0.4107323,241.5049
pull,0,0,0,0,0,0,0,-0.09188431,-1.075112,-0.616913,241.605
pull,0,0,0,0,0,0,0,-0.01282892,-1.158071,-0.5615239,241.7051
pull,0,0,0,0,0,0,0,-0.1150635,-0.9760481,-0.02789687,241.8052
pull,0,0,0,0,0,0,0,-0.08236804,-1.097559,-0.08157605,241.9053
pull,0,0,0,0,0,0,0,-0.05577195,-1.304227,0.03554287,242.0048
pull,0,0,0,0,0,0,0,-0.06943642,-1.519436,0.2161031,242.1049
pull,0,0,0,0,0,0,0,0.003519589,-1.479664,0.1834076,242.2048
pull,0,0,0,0,0,0,0,-0.1050602,-1.325944,0.06433597,242.3047
pull,0,0,0,0,0,0,0,0.02279642,-1.133916,-0.0742568,242.4047
pull,0,0,0,0,0,0,0,0.09526386,-0.8098837,-0.3238691,242.5047
pull,0,0,0,0,0,0,0,-0.07016773,-0.7078918,-0.301664,242.6048
pull,0,0,0,0,0,0,0,0.003275303,-0.735952,-0.2872682,242.7047
pull,0,0,0,0,0,0,0,0.04768405,-0.6861752,-0.1128089,242.8048
pull,0,0,0,0,0,0,0,0.0757443,-0.4258267,0.06921548,242.9044
pull,0,0,0,0,0,0,0,0.03719219,-0.3331069,0.1455868,243.0045
pull,0,0,0,0,0,0,0,-0.02478494,-0.6017517,-0.137208,243.1043
pull,0,0,0,0,0,0,0,0.02621176,-0.8442875,-0.1994278,243.2045
pull,0,0,0,0,0,0,0,0.04231598,-1.140747,-0.1618529,243.3043
pull,0,0,0,0,0,0,0,-0.0706563,-1.199063,-0.2065044,243.4047
pull,0,0,0,0,0,0,0,0.02230785,-1.315696,-0.2316363,243.505
pull,0,0,0,0,0,0,0,-0.08285661,-1.160999,-0.1433089,243.6043
pull,0,0,0,0,0,0,0,-0.08432077,-1.159291,-0.09597182,243.7047
pull,0,0,0,0,0,0,0,-0.1475162,-1.113664,0.08507542,243.8048
pull,0,0,0,0,0,0,0,0.05964008,-1.353027,0.3717757,243.9047
pull,0,0,0,0,0,0,0,0.0247476,-1.517972,0.3661633,244.0048
pull,0,0,0,0,0,0,0,-0.02698041,-1.38548,0.2966242,244.1047
pull,0,0,0,0,0,0,0,0.005715054,-1.1976,0.09288324,244.2047
pull,0,0,0,0,0,0,0,-0.05015959,-1.00606,-0.1135402,244.3048
pull,0,0,0,0,0,0,0,0.09989908,-0.8045155,-0.2865369,244.4044
pull,0,0,0,0,0,0,0,0.03816778,-0.7693788,-0.2509131,244.5048
pull,0,0,0,0,0,0,0,0.03035996,-0.7784081,-0.2362731,244.6049
pull,0,0,0,0,0,0,0,0.007912074,-0.7505921,-0.1284246,244.7049
pull,0,0,0,0,0,0,0,-0.04308463,-0.7103316,0.04164381,244.8049
pull,0,0,0,0,0,0,0,-0.03966773,-0.4799961,0.278323,244.9051
pull,0,0,0,0,0,0,0,0.01693977,-0.709843,0.04481486,245.0047
pull,0,0,0,0,0,0,0,0.04841536,-0.8991882,-0.4588007,245.1047
pull,0,0,0,0,0,0,0,0.03401959,-0.8010986,-0.3524164,245.2046
pull,0,0,0,0,0,0,0,0.01840394,-0.9567713,-0.2819001,245.3047
pull,0,0,0,0,0,0,0,0.04280455,-0.9474993,0.008215487,245.4047
pull,0,0,0,0,0,0,0,0.001324125,-1.264211,-0.11598,245.5049
pull,0,0,0,0,0,0,0,-0.01721985,-0.9999601,0.1263116,245.6046
pull,0,0,0,0,0,0,0,0.1018518,-1.113664,0.07311939,245.7049
pull,0,0,0,0,0,0,0,0.1018518,-1.275191,0.2963799,245.8047
pull,0,0,0,0,0,0,0,-0.0106319,-1.4111,0.3737268,245.9046
pull,0,0,0,0,0,0,0,-0.0484527,-1.287147,0.3437154,246.0048
pull,0,0,0,0,0,0,0,-0.001115626,-1.274216,0.1128914,246.1048
pull,0,0,0,0,0,0,0,-0.01038761,-1.058763,-0.08791971,246.2052
pull,0,0,0,0,0,0,0,0.004983751,-0.8816198,-0.3302128,246.3052
pull,0,0,0,0,0,0,0,-0.01404879,-0.8538038,-0.3394848,246.4053
pull,0,0,0,0,0,0,0,0.01254729,-0.7906068,-0.2657959,246.5055
pull,0,0,0,0,0,0,0,0.0591515,-0.7449797,-0.2514001,246.6056
pull,0,0,0,0,0,0,0,-0.04528009,-0.7196035,-0.1555092,246.7054
pull,0,0,0,0,0,0,0,-0.07212046,-0.7867029,0.1597399,246.8042
pull,0,0,0,0,0,0,0,0.06939908,-0.7996361,0.1265558,246.9045
pull,0,0,0,0,0,0,0,0.01303586,-0.904312,0.06628715,247.0045
pull,0,0,0,0,0,0,0,0.0288958,-0.943351,-0.1511167,247.1046
pull,0,0,0,0,0,0,0,-0.04210748,-1.007768,-0.3404604,247.2048
pull,0,0,0,0,0,0,0,0.0198681,-1.004107,-0.4429408,247.3046
pull,0,0,0,0,0,0,0,-0.08846897,-1.110735,-0.3538806,247.4046
pull,0,0,0,0,0,0,0,0.05329641,-1.172224,-0.2970288,247.505
pull,0,0,0,0,0,0,0,-0.05479636,-1.045831,-0.1020728,247.6053
pull,0,0,0,0,0,0,0,0.1372313,-0.9389601,0.07751188,247.7046
pull,0,0,0,0,0,0,0,0.04914822,-1.229076,0.1407073,247.8048
pull,0,0,0,0,0,0,0,-0.06309276,-1.519436,0.2053669,247.9049
pull,0,0,0,0,0,0,0,-0.01429152,-1.3562,0.3351763,248.0049
pull,0,0,0,0,0,0,0,0.07428014,-1.293004,0.1333881,248.105
pull,0,0,0,0,0,0,0,-0.05992015,-1.154411,-0.05644413,248.2046
pull,0,0,0,0,0,0,0,0.02523617,-0.9936149,-0.3568089,248.3045
pull,0,0,0,0,0,0,0,0.09745932,-0.7827989,-0.3919441,248.4044
pull,0,0,0,0,0,0,0,0.1421124,-0.7627909,-0.3001998,248.5043
pull,0,0,0,0,0,0,0,0.07940392,-0.6732436,-0.2108968,248.6044
pull,0,0,0,0,0,0,0,0.05305213,-0.7449797,-0.2355402,248.7053
pull,0,0,0,0,0,0,0,0.04987952,-0.5783267,0.01163083,248.8045
pull,0,0,0,0,0,0,0,0.05500331,-0.4975629,0.001138965,248.9044
pull,0,0,0,0,0,0,0,-0.0526009,-0.68154,-0.0008122129,249.0047
pull,0,0,0,0,0,0,0,0.09331112,-1.141967,-0.04668513,249.1046
pull,0,0,0,0,0,0,0,0.1294235,-1.071695,-0.2555483,249.2045
pull,0,0,0,0,0,0,0,0.0001042495,-1.041439,-0.3248447,249.3051
pull,0,0,0,0,0,0,0,-0.1575195,-1.055592,-0.3472926,249.4052
pull,0,0,0,0,0,0,0,0.1443078,-1.205895,-0.1355011,249.5051
pull,0,0,0,0,0,0,0,-0.1255569,-1.210287,0.08263566,249.6054
pull,0,0,0,0,0,0,0,0.005472323,-1.233955,0.1548588,249.7046
pull,0,0,0,0,0,0,0,-0.002579787,-1.165879,0.2414793,249.805
pull,0,0,0,0,0,0,0,-0.04674425,-1.334972,0.3607952,249.905
pull,0,0,0,0,0,0,0,-0.05845599,-1.254452,0.3864157,250.005
pull,0,0,0,0,0,0,0,0.09697231,-1.222488,0.1529076,250.1048
pull,0,0,0,0,0,0,0,-0.007947861,-1.160999,-0.003740536,250.2048
pull,0,0,0,0,0,0,0,-0.05650481,-1.070232,-0.1750288,250.3049
pull,0,0,0,0,0,0,0,-0.02454066,-0.8291589,-0.3931639,250.4049
pull,0,0,0,0,0,0,0,-0.05967586,-0.7964634,-0.2999571,250.5049
pull,0,0,0,0,0,0,0,0.1182003,-0.7486393,-0.2999571,250.6051
pull,0,0,0,0,0,0,0,0.1142964,-0.7727957,-0.1686851,250.7052
pull,0,0,0,0,0,0,0,0.1169804,-0.6254195,-0.1098806,250.8045
pull,0,0,0,0,0,0,0,-0.03185991,-0.6149276,0.1324109,250.9051
pull,0,0,0,0,0,0,0,0.07525573,-0.712527,-0.05229593,251.0052
pull,0,0,0,0,0,0,0,0.05768734,-0.6573837,-0.1925972,251.1056
pull,0,0,0,0,0,0,0,-0.07016773,-0.7586426,-0.1667324,251.2053
pull,0,0,0,0,0,0,0,0.01547561,-1.165147,-0.2431037,251.3049
pull,0,0,0,0,0,0,0,0.05353915,-1.420128,-0.3080092,251.4047
pull,0,0,0,0,0,0,0,-0.00306836,-1.213216,0.01748747,251.5048
pull,0,0,0,0,0,0,0,-0.3988355,-2.383927,0.3834874,251.6046
pull,0,0,0,0,0,0,0,0.1579723,-0.8081752,0.045792,251.7048
pull,0,0,0,0,0,0,0,-0.04064488,-1.118056,0.2780802,251.8048
pull,0,0,0,0,0,0,0,-0.01234035,-0.9201719,0.1255803,251.9053
pull,0,0,0,0,0,0,0,0.03670362,-1.110735,0.1909712,252.0047
pull,0,0,0,0,0,0,0,-0.01380451,-0.9962989,0.238064,252.1049
pull,0,0,0,0,0,0,0,-0.004288235,-0.9726312,0.2878392,252.2047
pull,0,0,0,0,0,0,0,-0.07456021,-0.9426197,0.2980868,252.3047
pull,0,0,0,0,0,0,0,-0.01185177,-0.9811718,0.2617317,252.4045
pull,0,0,0,0,0,0,0,-0.02551624,-0.8752761,0.2773474,252.5048
pull,0,0,0,0,0,0,0,-0.02429637,-0.9426197,0.2670998,252.6051
pull,0,0,0,0,0,0,0,-0.07212046,-1.009232,0.3629923,252.7053
pull,0,0,0,0,0,0,0,-0.02478494,-0.949939,0.1172839,252.8048
pull,0,0,0,0,0,0,0,-0.001848485,-0.9660432,0.289792,252.9045
pull,0,0,0,0,0,0,0,-0.0001400367,-1.015576,0.3463995,253.0046
pull,0,0,0,0,0,0,0,-0.1360488,-0.8586833,0.2522154,253.1051
pull,0,0,0,0,0,0,0,0.3246238,-1.012403,0.3783636,253.205
pull,0,0,0,0,0,0,0,0.1706596,-0.8130547,0.2046356,253.3049
pull,0,0,0,0,0,0,0,0.2660635,-0.8799113,0.2158588,253.4049
pull,0,0,0,0,0,0,0,0.09623945,-1.027043,0.03944679,253.5049
pull,0,0,0,0,0,0,0,0.08648045,-1.009963,-0.1286688,253.6048
pull,0,0,0,0,0,0,0,0.1450391,-0.9721442,-0.06059233,253.7051
pull,0,0,0,0,0,0,0,0.03011567,-0.9880041,-0.219436,253.8046
pull,0,0,0,0,0,0,0,0.05061238,-0.7156996,0.3002838,281.0386
pull,0,0,0,0,0,0,0,-0.005019538,-1.001667,0.2275721,281.1388
pull,0,0,0,0,0,0,0,0.004739465,-1.038999,0.208051,281.2389
pull,0,0,0,0,0,0,0,-0.01819544,-1.18784,0.2065868,281.3391
pull,0,0,0,0,0,0,0,0.06671505,-1.33668,0.1065477,281.4383
pull,0,0,0,0,0,0,0,0.06866778,-1.215656,0.2483115,281.5384
pull,0,0,0,0,0,0,0,0.04012052,-1.119032,0.1885314,281.6388
pull,0,0,0,0,0,0,0,-0.04893972,-0.9584797,0.09459168,281.7391
pull,0,0,0,0,0,0,0,0.01108313,-0.9026035,-0.06303208,281.839
pull,0,0,0,0,0,0,0,0.06817921,-0.8052468,-0.1899131,281.9383
pull,0,0,0,0,0,0,0,0.04548704,-0.8191556,-0.2416411,282.0548
pull,0,0,0,0,0,0,0,0.01889251,-0.7196035,-0.1345239,282.1547
pull,0,0,0,0,0,0,0,0.0164512,-0.7078918,-0.06034804,282.2546
pull,0,0,0,0,0,0,0,-0.01624426,-0.8052468,-0.0832845,282.3545
pull,0,0,0,0,0,0,0,0.08281927,-0.9072403,-0.07205978,282.455
pull,0,0,0,0,0,0,0,0.05598045,-0.9160237,-0.1308643,282.5386
pull,0,0,0,0,0,0,0,0.009620522,-0.8701507,-0.08621282,282.6548
pull,0,0,0,0,0,0,0,-0.01819544,-0.910167,-0.05741972,282.7385
pull,0,0,0,0,0,0,0,-0.004288235,-0.9975188,-0.08450437,282.8388
pull,0,0,0,0,0,0,0,0.1130765,-0.9850758,-0.09816884,282.9391
pull,0,0,0,0,0,0,0,0.04085182,-0.9599438,0.00211611,283.0384
pull,0,0,0,0,0,0,0,0.01889251,-1.056812,0.01285226,283.1386
pull,0,0,0,0,0,0,0,-0.04576866,-1.081455,0.1468083,283.2547
pull,0,0,0,0,0,0,0,-0.06333549,-1.061691,0.149248,283.3545
pull,0,0,0,0,0,0,0,0.01181599,-1.146115,0.2126877,283.4385
pull,0,0,0,0,0,0,0,-0.02307649,-1.074623,0.2483115,283.5549
pull,0,0,0,0,0,0,0,-0.01234035,-1.009719,0.2524597,283.6383
pull,0,0,0,0,0,0,0,-0.01380451,-1.299348,0.3854401,283.7386
pull,0,0,0,0,0,0,0,-0.02112376,-1.338144,0.3727513,283.8388
pull,0,0,0,0,0,0,0,0.008887663,-1.191011,0.3437154,283.9389
pull,0,0,0,0,0,0,0,0.1008762,-1.144408,0.238064,284.0549
pull,0,0,0,0,0,0,0,-0.01429152,-1.049247,0.1965835,284.1552
pull,0,0,0,0,0,0,0,-0.05992015,-1.004595,0.1084989,284.2384
pull,0,0,0,0,0,0,0,-0.06870356,-0.9299309,-0.007400162,284.3384
pull,0,0,0,0,0,0,0,-0.02087947,-0.9087029,-0.09377636,284.4384
pull,0,0,0,0,0,0,0,0.1396711,-0.8867435,-0.1069523,284.5384
pull,0,0,0,0,0,0,0,0.04036325,-0.876496,-0.1154929,284.6384
pull,0,0,0,0,0,0,0,0.02596747,-0.8774716,-0.05717699,284.7545
pull,0,0,0,0,0,0,0,0.08989578,-0.78768,0.03725132,284.8546
pull,0,0,0,0,0,0,0,0.06012709,-0.7679162,-0.02862817,284.9553
pull,0,0,0,0,0,0,0,0.1057557,-0.8564879,-8.09101E-05,285.0549
pull,0,0,0,0,0,0,0,0.0674479,-0.8323315,-0.02472426,285.1549
pull,0,0,0,0,0,0,0,0.03182412,-0.8479472,-0.07157276,285.2548
pull,0,0,0,0,0,0,0,0.0632997,-0.8323315,-0.09670468,285.3548
pull,0,0,0,0,0,0,0,0.09062709,-0.8979667,-0.047905,285.4548
pull,0,0,0,0,0,0,0,0.07184039,-1.009475,-0.01545227,285.5387
pull,0,0,0,0,0,0,0,-0.05943158,-1.012159,-0.03546041,285.6545
pull,0,0,0,0,0,0,0,-0.09822797,-1.09146,0.03334741,285.7546
pull,0,0,0,0,0,0,0,0.02914008,-1.124887,0.0596992,285.8544
pull,0,0,0,0,0,0,0,-0.04601295,-1.097315,0.08287995,285.9544
pull,0,0,0,0,0,0,0,-0.01624426,-1.057056,0.1233832,286.0546
pull,0,0,0,0,0,0,0,0.003032573,-0.9377387,0.1712073,286.1546
pull,0,0,0,0,0,0,0,-0.05235661,-1.092923,0.1436356,286.2545
pull,0,0,0,0,0,0,0,0.03548374,-1.559208,0.207564,286.3546
pull,0,0,0,0,0,0,0,-0.05699183,-1.250059,0.3259043,286.4546
pull,0,0,0,0,0,0,0,-0.007216558,-1.145139,0.3302952,286.5547
pull,0,0,0,0,0,0,0,0.005715054,-1.094144,0.228792,286.655
pull,0,0,0,0,0,0,0,-0.07187618,-1.06462,0.1319239,286.7389
pull,0,0,0,0,0,0,0,0.007667788,-1.014356,0.07775616,286.8544
pull,0,0,0,0,0,0,0,-0.06870356,-0.8725921,0.02651517,286.9547
pull,0,0,0,0,0,0,0,-0.03137289,-0.8965041,-0.1384278,287.0549
pull,0,0,0,0,0,0,0,0.02133226,-0.8591719,-0.1813724,287.1548
pull,0,0,0,0,0,0,0,0.04475573,-0.8469716,-0.1333041,287.2549
pull,0,0,0,0,0,0,0,0.04597561,-0.8891833,-0.1391607,287.3551
pull,0,0,0,0,0,0,0,0.02108797,-0.888939,-0.142576,287.4549
pull,0,0,0,0,0,0,0,0.05573617,-0.8162273,-0.06766885,287.5547
pull,0,0,0,0,0,0,0,-0.05870027,-0.7574227,-0.0003251964,287.6551
pull,0,0,0,0,0,0,0,0.0986792,-0.8457517,-0.06352065,287.7546
pull,0,0,0,0,0,0,0,0.0157199,-0.8303788,-0.09938872,287.8545
pull,0,0,0,0,0,0,0,0.01328015,-0.8513641,-0.09524052,287.9549
pull,0,0,0,0,0,0,0,0.01718406,-0.9218788,-0.09280077,288.055
pull,0,0,0,0,0,0,0,0.03279971,-0.888452,-0.004229109,288.1552
pull,0,0,0,0,0,0,0,0.09087138,-1.104879,0.02895492,288.2548
pull,0,0,0,0,0,0,0,0.03035996,-1.082919,0.0596992,288.355
pull,0,0,0,0,0,0,0,-0.03991202,-1.126595,0.01285226,288.4548
pull,0,0,0,0,0,0,0,0.06183554,-1.095851,0.07970734,288.5547
pull,0,0,0,0,0,0,0,0.0157199,-1.109027,0.1641308,288.6552
pull,0,0,0,0,0,0,0,-0.008192147,-1.098048,0.109476,288.7547
pull,0,0,0,0,0,0,0,-0.009656309,-0.9345676,0.1299712,288.855
pull,0,0,0,0,0,0,0,-0.0189283,-1.565063,0.2078083,288.9547
pull,0,0,0,0,0,0,0,-0.1811888,-1.242496,0.2914989,289.0549
pull,0,0,0,0,0,0,0,-0.0106319,-1.201015,0.1687676,289.1551
pull,0,0,0,0,0,0,0,0.07964821,-1.10976,0.1443669,289.2548
pull,0,0,0,0,0,0,0,0.03963194,-1.039488,0.1082562,289.3547
pull,0,0,0,0,0,0,0,0.005472323,-0.9582354,-0.09572909,289.4546
pull,0,0,0,0,0,0,0,0.01035182,-0.831843,-0.1669767,289.5387
pull,0,0,0,0,0,0,0,0.1621205,-0.8716149,-0.2377372,289.6551
pull,0,0,0,0,0,0,0,0.1023404,-0.8825954,-0.1833252,289.7552
pull,0,0,0,0,0,0,0,-0.01087618,-0.8586833,-0.1250092,289.8387
pull,0,0,0,0,0,0,0,-0.001115626,-0.8830839,-0.1237878,289.9388
pull,0,0,0,0,0,0,0,0.02425903,-0.9172435,-0.0742568,290.0547
pull,0,0,0,0,0,0,0,0.006692199,-0.7864602,0.01748747,290.1551
pull,0,0,0,0,0,0,0,-0.02795599,-0.7769439,0.03627573,290.2553
pull,0,0,0,0,0,0,0,0.03133555,-0.9121197,-0.05083177,290.3549
pull,0,0,0,0,0,0,0,-0.01697556,-0.9162679,-0.08938388,290.4546
pull,0,0,0,0,0,0,0,0.01523133,-0.8940628,-0.07742785,290.5553
pull,0,0,0,0,0,0,0,-0.04381593,-0.9018706,-0.05010046,290.655
pull,0,0,0,0,0,0,0,-0.08651623,-0.9040676,-0.05327307,290.7549
pull,0,0,0,0,0,0,0,0.01913524,-1.019724,-0.06205649,290.8546
pull,0,0,0,0,0,0,0,-0.04210748,-1.008011,0.005287164,290.9552
pull,0,0,0,0,0,0,0,0.08648045,-1.010208,0.009191076,291.0551
pull,0,0,0,0,0,0,0,0.02767592,-1.144408,-0.01472097,291.155
pull,0,0,0,0,0,0,0,-0.1011563,-1.102928,-0.002764947,291.2546
pull,0,0,0,0,0,0,0,0.02035511,-1.082188,0.05359983,291.3546
pull,0,0,0,0,0,0,0,0.0420717,-1.424519,0.07531486,291.4545
pull,0,0,0,0,0,0,0,-0.01282892,-1.556524,0.1124028,291.5545
pull,0,0,0,0,0,0,0,-0.004043949,-1.185887,0.1189923,291.6545
pull,0,0,0,0,0,0,0,0.05622318,-1.165147,0.09825131,291.7548
pull,0,0,0,0,0,0,0,0.006203626,-1.035828,-0.04668513,291.855
pull,0,0,0,0,0,0,0,0.08989578,-0.9387158,-0.1572161,291.9547
pull,0,0,0,0,0,0,0,0.03060425,-0.8669797,-0.2052845,292.0551
pull,0,0,0,0,0,0,0,0.001568411,-0.8262321,-0.2323691,292.1552
pull,0,0,0,0,0,0,0,0.08770032,-0.8262321,-0.2113838,292.2547
pull,0,0,0,0,0,0,0,0.04329157,-0.8342827,-0.1447731,292.3549
pull,0,0,0,0,0,0,0,0.08355212,-0.8986996,-0.06205649,292.455
pull,0,0,0,0,0,0,0,-0.01258463,-0.9072403,-0.05790829,292.5551
pull,0,0,0,0,0,0,0,0.07208312,-0.83404,0.05921219,292.655
pull,0,0,0,0,0,0,0,0.05646747,-0.7930481,0.02627089,292.7546
pull,0,0,0,0,0,0,0,0.1096596,-0.9148038,0.003823002,292.8547
pull,0,0,0,0,0,0,0,0.05598045,-0.8877192,-0.07669655,292.9546
pull,0,0,0,0,0,0,0,-0.05040388,-0.8469716,-0.0659604,293.0553
pull,0,0,0,0,0,0,0,0.08403914,-0.9228559,-0.0003251964,293.1554
pull,0,0,0,0,0,0,0,0.06134852,-1.005571,-0.05376009,293.2555
pull,0,0,0,0,0,0,0,-0.001604198,-1.03046,-0.05644413,293.3546
pull,0,0,0,0,0,0,0,-0.03088432,-0.9540872,0.04213082,293.455
pull,0,0,0,0,0,0,0,0.01181599,-1.099999,0.02212424,293.5551
pull,0,0,0,0,0,0,0,-0.07675567,-1.130012,0.0211471,293.655
pull,0,0,0,0,0,0,0,-0.0238078,-1.099024,0.1114272,293.7551
pull,0,0,0,0,0,0,0,-0.04942829,-1.0512,0.1365591,293.8547
pull,0,0,0,0,0,0,0,-0.07773282,-0.9655547,0.2453832,293.9548
pull,0,0,0,0,0,0,0,-0.01868401,-1.000691,0.2868637,294.0546
pull,0,0,0,0,0,0,0,-0.04284034,-1.70512,0.2483115,294.155
pull,0,0,0,0,0,0,0,-0.01502438,-1.229076,0.3444483,294.2552
pull,0,0,0,0,0,0,0,0.08037952,-1.107563,0.273932,294.3546
pull,0,0,0,0,0,0,0,-0.1033518,-1.001911,0.1865802,294.4553
pull,0,0,0,0,0,0,0,0.03206841,-1.042659,0.2170802,294.5392
pull,0,0,0,0,0,0,0,-0.1411726,-0.968483,0.002847413,294.6548
pull,0,0,0,0,0,0,0,0.02035511,-0.9028478,-0.1228122,294.755
pull,0,0,0,0,0,0,0,0.07257169,-0.8716149,-0.1999164,294.8549
pull,0,0,0,0,0,0,0,-0.0533322,-0.9052875,-0.1767372,294.9548
pull,0,0,0,0,0,0,0,0.006692199,-0.8642957,-0.11598,295.0549
pull,0,0,0,0,0,0,0,-0.009167736,-0.8882077,-0.1162242,295.1548
pull,0,0,0,0,0,0,0,-0.05284363,-0.8960155,-0.07181705,295.2547
pull,0,0,0,0,0,0,0,-0.04771984,-0.8716149,-0.06059233,295.3547
pull,0,0,0,0,0,0,0,0.05280784,-0.9435953,0.009435362,295.4549
pull,0,0,0,0,0,0,0,0.04719548,-0.8420921,0.0589679,295.5549
pull,0,0,0,0,0,0,0,-0.0657768,-0.8696637,-0.001787802,295.6549
pull,0,0,0,0,0,0,0,-0.0360081,-0.8442875,0.01431486,295.7549
pull,0,0,0,0,0,0,0,0.1225912,-0.8450189,-0.04033991,295.8547
pull,0,0,0,0,0,0,0,0.03816778,-0.9118755,-0.03033662,295.9549
pull,0,0,0,0,0,0,0,0.03206841,-0.9265155,-0.01984476,296.055
pull,0,0,0,0,0,0,0,0.05402772,-1.050955,-0.04473239,296.1551
pull,0,0,0,0,0,0,0,-0.02161233,-1.029483,-0.04180407,296.2552
pull,0,0,0,0,0,0,0,0.01523133,-0.9972761,-0.0610809,296.3553
pull,0,0,0,0,0,0,0,0.06305542,-0.8999195,0.01675617,296.4554
pull,0,0,0,0,0,0,0,-0.08968884,-0.9545758,-0.02545712,296.5548
pull,0,0,0,0,0,0,0,-0.2585358,-2.688196,0.4564434,296.655
pull,0,0,0,0,0,0,0,0.118443,-1.191499,0.3698229,296.755
pull,0,0,0,0,0,0,0,-0.1794804,-0.6744635,0.3176079,296.8547
pull,0,0,0,0,0,0,0,-0.05845599,-0.9394472,0.2112236,296.9547
pull,0,0,0,0,0,0,0,-0.1663045,-1.102928,0.1870673,297.0553
pull,0,0,0,0,0,0,0,0.1821271,-1.025092,0.210735,297.1545
pull,0,0,0,0,0,0,0,0.1687084,-1.036071,0.1243588,297.2546
pull,0,0,0,0,0,0,0,0.05036809,-1.058276,0.1721829,297.3549
pull,0,0,0,0,0,0,0,-0.01624426,-1.009232,-0.03350923,297.4551
pull,0,0,0,0,0,0,0,-0.03381264,-0.9914194,0.04432784,297.5551
pull,0,0,0,0,0,0,0,0.09770361,-0.7825547,0.06677572,297.6552
pull,0,0,0,0,0,0,0,0.03938766,-0.9997158,-0.05937245,297.7553
pull,0,0,0,0,0,0,0,0.169684,-0.9172435,0.168279,297.8554
pull,0,0,0,0,0,0,0,0.08794305,-1.181496,0.180235,297.9549
pull,0,0,0,0,0,0,0,0.01791536,-1.007279,0.1148441,298.055
pull,0,0,0,0,0,0,0,0.02548046,-0.949452,0.6648196,298.1552
pull,0,0,0,0,0,0,0,0.1504072,-1.261284,0.302235,298.2553
pull,0,0,0,0,0,0,0,0.1667557,-1.174664,0.1124028,298.3554
pull,0,0,0,0,0,0,0,0.07598703,-0.9199276,0.006020023,298.4555
pull,0,0,0,0,0,0,0,0.1582166,-1.099024,0.04310797,298.5557
pull,0,0,0,0,0,0,0,0.1477232,-0.9994715,0.09556727,298.6546
pull,0,0,0,0,0,0,0,0.1206401,-1.001911,0.076292,298.7547
pull,0,0,0,0,0,0,0,0.09843647,-1.010939,0.04115523,298.8549
pull,0,0,0,0,0,0,0,0.03401959,-0.9731197,0.08287995,298.9549
pull,0,0,0,0,0,0,0,0.0493925,-0.9677517,-0.0659604,299.0547
pull,0,0,0,0,0,0,0,0.298272,-0.7379032,-0.2323691,314.6608
pull,0,0,0,0,0,0,0,0.004983751,-0.5468511,-0.1616086,314.7611
pull,0,0,0,0,0,0,0,0.06598374,-0.6546996,-0.2262682,314.8614
pull,0,0,0,0,0,0,0,0.1735879,-0.7891442,-0.4241525,314.9615
pull,0,0,0,0,0,0,0,0.200671,-0.8237908,-0.6008088,315.0617
pull,0,0,0,0,0,0,0,0.1587036,-0.8652713,-0.6039799,315.1611
pull,0,0,0,0,0,0,0,-0.05723611,-1.223219,-0.3421688,315.2615
pull,0,0,0,0,0,0,0,0.2636238,-1.059983,-0.0232601,315.3612
pull,0,0,0,0,0,0,0,0.09697231,-1.312035,-0.1906444,315.4613
pull,0,0,0,0,0,0,0,0.2438599,-1.204919,-0.03570469,315.5613
pull,0,0,0,0,0,0,0,0.2858274,-1.183203,0.02749232,315.6614
pull,0,0,0,0,0,0,0,0.2192166,-1.063887,0.1180152,315.761
pull,0,0,0,0,0,0,0,0.225316,-1.457216,0.140463,315.861
pull,0,0,0,0,0,0,0,0.2528876,-1.488447,0.1004468,315.9608
pull,0,0,0,0,0,0,0,0.2297084,-1.292271,-0.01789202,316.0611
pull,0,0,0,0,0,0,0,0.2182394,-1.034364,-0.2462763,316.1609
pull,0,0,0,0,0,0,0,0.1567524,-0.8455074,-0.2218757,316.2609
pull,0,0,0,0,0,0,0,0.1689512,-0.6944716,-0.2716525,316.3609
pull,0,0,0,0,0,0,0,0.2189723,-0.679343,-0.2470092,316.4609
pull,0,0,0,0,0,0,0,0.1513844,-0.5954081,-0.1552649,316.5609
pull,0,0,0,0,0,0,0,0.1042916,-0.6366442,0.1504679,316.6611
pull,0,0,0,0,0,0,0,0.2692361,-0.9426197,-0.1681965,316.761
pull,0,0,0,0,0,0,0,0.1535798,-0.8484358,-0.2091884,316.8771
pull,0,0,0,0,0,0,0,0.1247883,-0.7798706,-0.3692519,316.9609
pull,0,0,0,0,0,0,0,0.2643551,-0.8694195,-0.2860483,317.0609
pull,0,0,0,0,0,0,0,0.1887166,-1.120252,-0.2960532,317.1612
pull,0,0,0,0,0,0,0,0.09209125,-1.079991,-0.3455842,317.2612
pull,0,0,0,0,0,0,0,0.2582557,-1.043147,-0.4139049,317.3613
pull,0,0,0,0,0,0,0,0.0420717,-0.9980074,-0.3690092,317.4612
pull,0,0,0,0,0,0,0,0.2416645,-1.114884,-0.1586803,317.5616
pull,0,0,0,0,0,0,0,0.2136042,-1.267628,-0.05229593,317.6617
pull,0,0,0,0,0,0,0,0.2748485,-1.511872,-0.03033662,317.7617
pull,0,0,0,0,0,0,0,0.2441042,-1.47088,0.03041909,317.8619
pull,0,0,0,0,0,0,0,0.1745635,-1.203211,-0.08230891,317.9609
pull,0,0,0,0,0,0,0,0.09941206,-0.9418869,-0.2584766,318.0613
pull,0,0,0,0,0,0,0,0.1687084,-0.6220042,-0.2467649,318.1619
pull,0,0,0,0,0,0,0,0.1528485,-0.6320074,-0.2218757,318.2772
pull,0,0,0,0,0,0,0,0.1435765,-0.6115108,-0.07376823,318.3772
pull,0,0,0,0,0,0,0,0.07403585,-0.6712909,0.08068293,318.4771
pull,0,0,0,0,0,0,0,0.2255602,-0.55954,0.1097203,318.5772
pull,0,0,0,0,0,0,0,0.1501645,-0.7039879,-0.1464799,318.661
pull,0,0,0,0,0,0,0,0.1691955,-0.8733234,-0.132817,318.761
pull,0,0,0,0,0,0,0,0.1931075,-0.9640921,-0.1789327,318.861
pull,0,0,0,0,0,0,0,0.2077476,-0.8308674,-0.4082926,318.9774
pull,0,0,0,0,0,0,0,0.2843632,-1.1244,-0.51126,319.0777
pull,0,0,0,0,0,0,0,0.2355635,-1.066571,-0.1721004,319.1776
pull,0,0,0,0,0,0,0,0.2365391,-0.8628315,-0.167708,319.2612
pull,0,0,0,0,0,0,0,0.1718795,-1.099755,-0.2047959,319.3776
pull,0,0,0,0,0,0,0,0.2009153,-1.091947,0.03139623,319.4766
pull,0,0,0,0,0,0,0,0.312912,-1.538468,0.05018293,319.561
pull,0,0,0,0,0,0,0,0.3202313,-1.589708,0.167792,319.661
pull,0,0,0,0,0,0,0,0.2958322,-1.258112,-0.001545072,319.7773
pull,0,0,0,0,0,0,0,0.1728551,-1.053884,-0.1286688,319.8611
pull,0,0,0,0,0,0,0,0.1648045,-0.7142354,-0.3365564,319.9615
pull,0,0,0,0,0,0,0,0.1211271,-0.606387,-0.4085369,320.0617
pull,0,0,0,0,0,0,0,0.1140521,-0.7510791,-0.2026004,320.1776
pull,0,0,0,0,0,0,0,0.2255602,-0.5531948,-0.1808839,320.2776
pull,0,0,0,0,0,0,0,0.09184852,-0.6844668,0.01260797,320.3613
pull,0,0,0,0,0,0,0,0.1428437,-0.6871508,0.1526634,320.4611
pull,0,0,0,0,0,0,0,0.2358078,-0.761084,0.08336697,320.5611
pull,0,0,0,0,0,0,0,0.0889202,-0.8516068,-0.3133757,320.6776
pull,0,0,0,0,0,0,0,0.1213714,-0.9858071,-0.2448122,320.7776
pull,0,0,0,0,0,0,0,0.2560602,-1.152216,-0.2494489,320.8777
pull,0,0,0,0,0,0,0,0.2299512,-1.301543,-0.3736444,320.9611
pull,0,0,0,0,0,0,0,0.2106759,-1.275191,-0.1645369,321.0777
pull,0,0,0,0,0,0,0,0.1206401,-1.130744,-0.06888872,321.1776
pull,0,0,0,0,0,0,0,0.2106759,-1.148799,-0.01862488,321.2612
pull,0,0,0,0,0,0,0,0.1303991,-1.172468,0.1328995,321.3773
pull,0,0,0,0,0,0,0,0.1460163,-1.529195,0.147051,321.4773
pull,0,0,0,0,0,0,0,0.2343436,-1.343755,0.06091908,321.5776
pull,0,0,0,0,0,0,0,0.2419072,-1.270556,-0.1179327,321.6614
pull,0,0,0,0,0,0,0,0.2079919,-1.006548,-0.2904408,321.7773
pull,0,0,0,0,0,0,0,0.1177117,-0.7325351,-0.3721802,321.8778
pull,0,0,0,0,0,0,0,-0.002824074,-0.712527,-0.2360288,321.9613
pull,0,0,0,0,0,0,0,0.1045358,-0.669584,-0.2011363,322.0616
pull,0,0,0,0,0,0,0,0.03011567,-0.5961394,-0.1359881,322.1774
pull,0,0,0,0,0,0,0,0.1804202,-0.6442078,-0.1147601,322.2777
pull,0,0,0,0,0,0,0,0.0979479,-0.5322111,0.04310797,322.3615
pull,0,0,0,0,0,0,0,0.1979886,-0.7488837,0.02261126,322.4618
pull,0,0,0,0,0,0,0,0.1406482,-0.9477435,-0.02887246,322.5612
pull,0,0,0,0,0,0,0,0.2919283,-0.944571,-0.2282209,322.6614
pull,0,0,0,0,0,0,0,0.1294235,-0.9626279,-0.3924327,322.7775
pull,0,0,0,0,0,0,0,0.2523991,-0.9904438,-0.4139049,322.8778
pull,0,0,0,0,0,0,0,0.2948551,-1.096095,-0.2496932,322.9774
pull,0,0,0,0,0,0,0,0.1877394,-1.262504,-0.3141086,323.0774
pull,0,0,0,0,0,0,0,0.2733843,-1.306667,-0.3734001,323.1778
pull,0,0,0,0,0,0,0,0.2592313,-1.478199,-0.1469685,323.2777
pull,0,0,0,0,0,0,0,0.2048192,-1.460387,0.1494923,323.3778
pull,0,0,0,0,0,0,0,0.2084804,-1.421592,0.02407542,323.4612
pull,0,0,0,0,0,0,0,0.190912,-1.256403,-0.2201688,323.5774
pull,0,0,0,0,0,0,0,0.1135635,-0.9860514,-0.2814131,323.6613
pull,0,0,0,0,0,0,0,0.1211271,-0.7369276,-0.4675841,323.7617
pull,0,0,0,0,0,0,0,0.06378828,-0.6822713,-0.4012161,323.8776
pull,0,0,0,0,0,0,0,0.1311319,-0.6998397,-0.2938561,323.9778
pull,0,0,0,0,0,0,0,0.1003876,-0.7037436,-0.209677,324.0617
pull,0,0,0,0,0,0,0,0.08574758,-0.4995156,-0.04400109,324.1615
pull,0,0,0,0,0,0,0,0.1418681,-0.2904081,0.1511992,324.2614
pull,0,0,0,0,0,0,0,0.1401596,-0.8660041,-0.2209001,324.3614
pull,0,0,0,0,0,0,0,0.1752964,-1.113419,-0.09963301,324.4778
pull,0,0,0,0,0,0,0,0.2441042,-1.052175,-0.2443252,324.5776
pull,0,0,0,0,0,0,0,0.1416238,-1.084872,-0.4248838,324.6779
pull,0,0,0,0,0,0,0,0.2421515,-1.075843,-0.5095531,324.7778
pull,0,0,0,0,0,0,0,0.1752964,-1.033144,-0.5437127,324.8618
pull,0,0,0,0,0,0,0,0.2480081,-1.019235,-0.2770206,324.9773
pull,0,0,0,0,0,0,0,0.169684,-1.014843,-0.2477405,325.0775
pull,0,0,0,0,0,0,0,0.1652915,-0.9928836,-0.1152487,325.1775
pull,0,0,0,0,0,0,0,0.4549201,-1.436719,-0.03814444,325.278
pull,0,0,0,0,0,0,0,0.2609397,-1.420372,0.07531486,325.3776
pull,0,0,0,0,0,0,0,0.194816,-1.327164,-0.02057606,325.4776
pull,0,0,0,0,0,0,0,0.2245831,-1.236639,-0.2082128,325.5773
pull,0,0,0,0,0,0,0,0.03963194,-1.014356,-0.3480239,325.6776
pull,0,0,0,0,0,0,0,0.2641124,-0.7081361,-0.4348887,325.7772
pull,0,0,0,0,0,0,0,0.2565472,-0.6620189,-0.4139049,325.8779
pull,0,0,0,0,0,0,0,0.1499202,-0.6424993,-0.3014212,325.9777
pull,0,0,0,0,0,0,0,0.09989908,-0.7242388,-0.294589,326.0779
pull,0,0,0,0,0,0,0,0.1382084,-0.6891035,-0.1074408,326.178
pull,0,0,0,0,0,0,0,0.06012709,-0.5875987,0.1714516,326.2773
pull,0,0,0,0,0,0,0,0.04182741,-0.8960155,-0.01618513,326.3779
pull,0,0,0,0,0,0,0,0.1423551,-0.5204993,-0.01716072,326.4773
pull,0,0,0,0,0,0,0,0.03816778,-0.6668999,-0.2443252,326.5774
pull,0,0,0,0,0,0,0,0.06183554,-0.84868,-0.2006477,326.6774
pull,0,0,0,0,0,0,0,0.1838355,-1.013623,-0.1803968,326.7774
pull,0,0,0,0,0,0,0,0.1362557,-1.449651,-0.2992242,326.8774
pull,0,0,0,0,0,0,0,0.06891207,-1.210287,-0.1784441,326.9775
pull,0,0,0,0,0,0,0,0.04475573,-1.099268,-0.1042682,327.0775
pull,0,0,0,0,0,0,0,0.07745119,-1.054372,-0.04717214,327.1776
pull,0,0,0,0,0,0,0,0.2560602,-1.139284,0.1136242,327.2776
pull,0,0,0,0,0,0,0,0.4263713,-1.38548,0.08580827,327.3776
pull,0,0,0,0,0,0,0,0.2216563,-1.395483,0.09044348,327.4776
pull,0,0,0,0,0,0,0,0.2072605,-1.191255,-0.08767698,327.5778
pull,0,0,0,0,0,0,0,0.1616319,-1.038268,-0.2435923,327.6775
pull,0,0,0,0,0,0,0,0.1172232,-1.0634,-0.4229327,327.7772
pull,0,0,0,0,0,0,0,0.2155554,-0.7952436,-0.3851118,327.8776
pull,0,0,0,0,0,0,0,0.1967671,-0.7842631,-0.3470483,327.9775
pull,0,0,0,0,0,0,0,0.08526057,-0.6029716,-0.2533529,328.0775
pull,0,0,0,0,0,0,0,0.1025831,-0.7388788,-0.2677486,328.1778
pull,0,0,0,0,0,0,0,0.1091711,-0.8106149,-0.1547763,328.2779
pull,0,0,0,0,0,0,0,0.0337753,-0.9023592,0.06945977,328.3779
pull,0,0,0,0,0,0,0,0.09501957,-0.8479472,0.1324109,328.478
pull,0,0,0,0,0,0,0,0.2082361,-0.8211068,-0.03326494,328.5781
pull,0,0,0,0,0,0,0,0.1308876,-0.7691361,-0.2074799,328.6782
pull,0,0,0,0,0,0,0,0.1508958,-0.9594553,-0.421957,328.7615
pull,0,0,0,0,0,0,0,0.09745932,-0.8952827,-0.3231363,328.8783
pull,0,0,0,0,0,0,0,0.1206401,-1.102928,-0.2811688,328.9778
pull,0,0,0,0,0,0,0,0.2792394,-1.315696,-0.203089,329.0617
pull,0,0,0,0,0,0,0,0.3756205,-1.407683,-0.1723447,329.1781
pull,0,0,0,0,0,0,0,0.2016482,-1.181496,-0.09328779,329.2782
pull,0,0,0,0,0,0,0,0.2804593,-1.027287,-0.1413562,329.3616
pull,0,0,0,0,0,0,0,0.2389804,-1.326675,-0.05546854,329.4617
pull,0,0,0,0,0,0,0,0.2331238,-1.504796,-0.06791314,329.5778
pull,0,0,0,0,0,0,0,0.1369886,-1.287392,-0.08621282,329.6776
pull,0,0,0,0,0,0,0,0.200671,-1.189304,-0.2404213,329.7778
pull,0,0,0,0,0,0,0,0.1589479,-1.044612,-0.3433887,329.8779
pull,0,0,0,0,0,0,0,0.1330831,-0.8416035,-0.4495287,329.9781
pull,0,0,0,0,0,0,0,0.1050244,-0.773527,-0.4214685,330.0782
pull,0,0,0,0,0,0,0,0.1269837,-0.644452,-0.3907242,330.1616
pull,0,0,0,0,0,0,0,0.02694306,-0.6927631,-0.3243561,330.2617
pull,0,0,0,0,0,0,0,0.1094153,-0.7264358,-0.2657959,330.3777
pull,0,0,0,0,0,0,0,0.1211271,-0.8520954,-0.01520799,330.4783
pull,0,0,0,0,0,0,0,0.05451629,-0.80354,0.08044019,330.5779
pull,0,0,0,0,0,0,0,0.1203958,-0.6922761,0.05603958,330.6777
pull,0,0,0,0,0,0,0,0.1247883,-0.7891442,0.008215487,330.7777
pull,0,0,0,0,0,0,0,-0.05382077,-0.7959749,-0.343633,330.8775
pull,0,0,0,0,0,0,0,0.04378014,-0.9662875,-0.5024766,330.9777
pull,0,0,0,0,0,0,0,0.1194202,-0.9323722,-0.3751085,331.0778
pull,0,0,0,0,0,0,0,0.08843163,-0.853071,-0.1335483,331.1779
pull,0,0,0,0,0,0,0,0.1199072,-2.337567,0.4461958,331.2777
pull,0,0,0,0,0,0,0,0.2419072,-1.049004,-0.2948317,331.3776
pull,0,0,0,0,0,0,0,0.2897313,-1.018504,0.2402594,331.4778
pull,0,0,0,0,0,0,0,-0.03551953,-0.9650676,0.09825131,331.578
pull,0,0,0,0,0,0,0,0.115272,-0.9526231,0.1111829,331.6776
pull,0,0,0,0,0,0,0,0.176272,-1.043879,0.09703144,331.7775
pull,0,0,0,0,0,0,0,0.1767606,-0.949939,0.1309468,331.8776
pull,0,0,0,0,0,0,0,0.1311319,-0.9831231,0.1763311,331.9776
pull,0,0,0,0,0,0,0,0.06500815,-1.016063,0.1887757,332.0776
pull,0,0,0,0,0,0,0,0.1711482,-0.9345676,0.04701188,332.1778
pull,0,0,0,0,0,0,0,0.1989641,-0.9484748,0.1294842,332.278
pull,0,0,0,0,0,0,0,0.1069756,-0.9987387,0.302235,332.378
pull,0,0,0,0,0,0,0,0.1650473,-1.001667,0.1904842,332.4781
pull,0,0,0,0,0,0,0,0.1016075,-0.9941035,0.2631959,332.5783
pull,0,0,0,0,0,0,0,0.04646418,-1.199307,0.2444076,332.6784
pull,0,0,0,0,0,0,0,0.04621989,-1.048271,-0.1418447,332.778
pull,0,0,0,0,0,0,0,0.04987952,-1.016063,-0.157949,332.8776
pull,0,0,0,0,0,0,0,0.03182412,-0.9701914,-0.1733203,332.9776
pull,0,0,0,0,0,0,0,0.02425903,-0.9770237,-0.2565239,333.0777
pull,0,0,0,0,0,0,0,0.008887663,-0.9416442,-0.2814131,333.1777
pull,0,0,0,0,0,0,0,0.01767108,-1.126595,0.4066682,374.9145
pull,0,0,0,0,0,0,0,0.0806238,-0.9213917,0.304432,375.0151
pull,0,0,0,0,0,0,0,0.01401145,-1.023628,0.1829191,375.1148
pull,0,0,0,0,0,0,0,0.0115717,-1.045587,0.1480281,375.2152
pull,0,0,0,0,0,0,0,0.01010754,-1.03046,0.2068311,375.3153
pull,0,0,0,0,0,0,0,0.002055428,-1.251035,0.2126877,375.4145
pull,0,0,0,0,0,0,0,0.09282411,-1.393043,0.3134597,375.5143
pull,0,0,0,0,0,0,0,0.09282411,-1.156607,0.3588441,375.6143
pull,0,0,0,0,0,0,0,0.08257654,-1.077796,0.2827154,375.7146
pull,0,0,0,0,0,0,0,0.1120994,-0.9474993,0.109963,375.8149
pull,0,0,0,0,0,0,0,0.0296271,-0.8696637,-0.02130892,375.9149
pull,0,0,0,0,0,0,0,-0.02307649,-0.8716149,-0.1272047,376.0147
pull,0,0,0,0,0,0,0,0.04451144,-0.7869472,-0.158436,376.1145
pull,0,0,0,0,0,0,0,0.003519589,-0.743027,-0.06962003,376.2147
pull,0,0,0,0,0,0,0,0.06598374,-0.7396116,0.02944349,376.3152
pull,0,0,0,0,0,0,0,0.1133193,-0.8054911,-0.04473239,376.4149
pull,0,0,0,0,0,0,0,0.1057557,-0.9177321,-0.04400109,376.5149
pull,0,0,0,0,0,0,0,0.1296678,-0.9338348,0.006507039,376.6151
pull,0,0,0,0,0,0,0,0.1652915,-0.9389601,0.03041909,376.7152
pull,0,0,0,0,0,0,0,-0.003556932,-0.9448152,0.07409498,376.8151
pull,0,0,0,0,0,0,0,-0.02893158,-0.8647827,-0.0347291,376.9152
pull,0,0,0,0,0,0,0,0.01962381,-0.9506719,0.04017964,377.0154
pull,0,0,0,0,0,0,0,0.1574837,-0.9248071,0.1343637,377.115
pull,0,0,0,0,0,0,0,0.09916777,-1.046076,0.1734028,377.2148
pull,0,0,0,0,0,0,0,0.09550814,-1.094387,0.2324516,377.3145
pull,0,0,0,0,0,0,0,0.1225912,-1.131475,0.2253751,377.4149
pull,0,0,0,0,0,0,0,0.06622802,-1.033631,0.2512399,377.5147
pull,0,0,0,0,0,0,0,0.06891207,-1.005084,0.2961356,377.6148
pull,0,0,0,0,0,0,0,0.112588,-1.134647,0.31102,377.7148
pull,0,0,0,0,0,0,0,0.04085182,-1.511628,0.3610395,377.8146
pull,0,0,0,0,0,0,0,0.07135181,-1.204431,0.3915395,377.9147
pull,0,0,0,0,0,0,0,0.06793647,-1.123911,0.3520118,378.0148
pull,0,0,0,0,0,0,0,0.03963194,-1.102928,0.2143962,378.1149
pull,0,0,0,0,0,0,0,-0.009900595,-0.9941035,0.1389989,378.2149
pull,0,0,0,0,0,0,0,0.03475244,-0.9928836,-0.02155321,378.3146
pull,0,0,0,0,0,0,0,0.1055114,-0.862343,-0.05815258,378.4148
pull,0,0,0,0,0,0,0,0.09770361,-0.843312,-0.0569327,378.5149
pull,0,0,0,0,0,0,0,0.04329157,-0.9108999,0.003335986,378.6153
pull,0,0,0,0,0,0,0,0.01206027,-0.8901589,0.04066822,378.7156
pull,0,0,0,0,0,0,0,0.01376716,-0.930908,0.086051,378.8146
pull,0,0,0,0,0,0,0,-0.01087618,-0.8538038,0.1319239,378.9149
pull,0,0,0,0,0,0,0,0.0296271,-0.7764553,0.09141908,379.0151
pull,0,0,0,0,0,0,0,0.01108313,-0.7422957,0.03408027,379.1151
pull,0,0,0,0,0,0,0,0.02840722,-0.7769439,0.04969592,379.2145
pull,0,0,0,0,0,0,0,0.05183225,-0.8137875,-0.008133021,379.3146
pull,0,0,0,0,0,0,0,0.01059611,-0.9211475,0.01919592,379.4149
pull,0,0,0,0,0,0,0,-0.06284847,-1.021919,0.06140765,379.515
pull,0,0,0,0,0,0,0,0.04548704,-1.143919,0.1460754,379.6145
pull,0,0,0,0,0,0,0,0.1801759,-1.09146,0.1209435,379.7148
pull,0,0,0,0,0,0,0,0.07086324,-1.01826,0.1172839,379.8147
pull,0,0,0,0,0,0,0,0.0937997,-1.075843,0.1536389,379.9151
pull,0,0,0,0,0,0,0,0.1513844,-1.054372,0.2522154,380.0315
pull,0,0,0,0,0,0,0,0.02352772,-0.9382273,0.217323,380.1146
pull,0,0,0,0,0,0,0,0.04719548,-1.083895,0.3366389,380.215
pull,0,0,0,0,0,0,0,0.01498704,-1.343268,0.3224874,380.3152
pull,0,0,0,0,0,0,0,0.03206841,-1.29154,0.391051,380.4153
pull,0,0,0,0,0,0,0,0.01864822,-1.130988,0.3505477,380.5155
pull,0,0,0,0,0,0,0,0.09087138,-1.119519,0.2556308,380.6156
pull,0,0,0,0,0,0,0,-0.03259277,-1.052908,0.2488001,380.7158
pull,0,0,0,0,0,0,0,-0.01185177,-0.9174879,0.1314353,380.831
pull,0,0,0,0,0,0,0,0.02352772,-0.8906475,-0.009597182,380.9148
pull,0,0,0,0,0,0,0,0.02670033,-0.8616116,-0.09402064,381.0148
pull,0,0,0,0,0,0,0,0.1018518,-0.8757631,-0.07962487,381.115
pull,0,0,0,0,0,0,0,-0.01282892,-0.9248071,-0.04180407,381.2149
pull,0,0,0,0,0,0,0,-0.04040059,-0.9794634,-0.03692457,381.3147
pull,0,0,0,0,0,0,0,0.04158312,-0.8528267,0.04652331,381.4147
pull,0,0,0,0,0,0,0,-0.03844786,-0.8967468,0.03115194,381.515
pull,0,0,0,0,0,0,0,0.03060425,-0.8520954,0.034323,381.6148
pull,0,0,0,0,0,0,0,0.04914822,-0.761084,-0.009352896,381.7147
pull,0,0,0,0,0,0,0,-0.08529636,-0.9196833,-0.04278122,381.8312
pull,0,0,0,0,0,0,0,-0.01575569,-0.9448152,0.01431486,381.9313
pull,0,0,0,0,0,0,0,0.002055428,-0.9743396,0.034323,382.0147
pull,0,0,0,0,0,0,0,0.08867591,-0.9035791,-0.01130407,382.1149
pull,0,0,0,0,0,0,0,-0.05894456,-0.9621393,0.01041095,382.215
pull,0,0,0,0,0,0,0,0.07037622,-1.046076,0.06994678,382.3151
pull,0,0,0,0,0,0,0,0.1706596,-1.057543,0.1263116,382.4148
pull,0,0,0,0,0,0,0,-0.01453581,-1.015576,0.1172839,382.5152
pull,0,0,0,0,0,0,0,0.08281927,-1.083408,0.2124435,382.6154
pull,0,0,0,0,0,0,0,-0.00892345,-1.070475,0.2534353,382.7151
pull,0,0,0,0,0,0,0,0.02255213,-0.9165107,0.2802757,382.8312
pull,0,0,0,0,0,0,0,-0.01843972,-1.555304,0.253191,382.9309
pull,0,0,0,0,0,0,0,0.02084369,-1.325455,0.32566,383.0312
pull,0,0,0,0,0,0,0,0.04890393,-1.21468,0.2175673,383.1313
pull,0,0,0,0,0,0,0,0.1130765,-1.078283,0.2409923,383.2314
pull,0,0,0,0,0,0,0,-0.01258463,-0.9899552,0.1619353,383.3314
pull,0,0,0,0,0,0,0,-0.01429152,-0.9038234,-0.01935619,383.4313
pull,0,0,0,0,0,0,0,-0.08968884,-0.791584,-0.07718512,383.5311
pull,0,0,0,0,0,0,0,-0.02014817,-0.9148038,-0.1696607,383.615
pull,0,0,0,0,0,0,0,0.07745119,-0.8630758,-0.203576,383.7152
pull,0,0,0,0,0,0,0,-0.007216558,-0.8547794,-0.1508724,383.8152
pull,0,0,0,0,0,0,0,-0.05382077,-0.9174879,-0.05156463,383.9154
pull,0,0,0,0,0,0,0,0.07501144,-0.9294438,0.01065524,384.0156
pull,0,0,0,0,0,0,0,-0.01526867,-0.8520954,0.02358685,384.1315
pull,0,0,0,0,0,0,0,0.01279157,-0.766939,0.06091908,384.2153
pull,0,0,0,0,0,0,0,0.05622318,-0.8960155,-0.07816071,384.3158
pull,0,0,0,0,0,0,0,0.04231598,-0.9679959,-0.04253693,384.4148
pull,0,0,0,0,0,0,0,0.06720362,-0.8735676,-0.02399296,384.5149
pull,0,0,0,0,0,0,0,0.03572803,-0.8701507,-0.05107605,384.6317
pull,0,0,0,0,0,0,0,-0.02942016,-0.9819031,0.05189138,384.7152
pull,0,0,0,0,0,0,0,0.01108313,-0.94018,0.07238808,384.8154
pull,0,0,0,0,0,0,0,-0.03576382,-0.9755595,0.1673034,384.9315
pull,0,0,0,0,0,0,0,-0.03405693,-1.042659,0.1834076,385.0312
pull,0,0,0,0,0,0,0,-0.007947861,-1.097071,0.1460754,385.1317
pull,0,0,0,0,0,0,0,-0.08920027,-1.123423,0.1914597,385.2152
pull,0,0,0,0,0,0,0,-0.05552767,-1.077796,0.2790558,385.3149
pull,0,0,0,0,0,0,0,0.0115717,-1.052908,0.3820232,385.4315
pull,0,0,0,0,0,0,0,0.02181927,-0.9667761,0.274419,385.532
pull,0,0,0,0,0,0,0,0.08013523,-0.9765351,0.4483913,385.615
pull,0,0,0,0,0,0,0,0.06500815,-1.215167,0.4796242,385.7315
pull,0,0,0,0,0,0,0,0.06866778,-1.190279,0.4886519,385.8314
pull,0,0,0,0,0,0,0,0.0452443,-1.054372,0.4017871,385.9315
pull,0,0,0,0,0,0,0,0.01059611,-0.9157794,0.3956877,386.0315
pull,0,0,0,0,0,0,0,-0.1055488,-0.998983,0.2980868,386.1313
pull,0,0,0,0,0,0,0,-0.003799663,-1.010208,0.2697838,386.2314
pull,0,0,0,0,0,0,0,-0.07041201,-1.012647,0.2214712,386.3312
pull,0,0,0,0,0,0,0,-0.006240969,-0.9182191,-0.1108562,386.4317
pull,0,0,0,0,0,0,0,-0.02527196,-0.8825954,-0.04204835,386.515
pull,0,0,0,0,0,0,0,0.05598045,-0.9174879,-0.09084804,386.6313
pull,0,0,0,0,0,0,0,0.02206356,-0.9272468,-0.1286688,386.7314
pull,0,0,0,0,0,0,0,0.004495178,-0.9428641,-0.06425195,386.8315
pull,0,0,0,0,0,0,0,-0.05918885,-0.9438396,-0.05327307,386.9151
pull,0,0,0,0,0,0,0,-0.03869214,-0.9762908,-0.04180407,387.0153
pull,0,0,0,0,0,0,0,-0.07578009,-0.906996,-0.01203693,387.1315
pull,0,0,0,0,0,0,0,-0.02722469,-0.9694601,0.05555101,387.2317
pull,0,0,0,0,0,0,0,0.03206841,-0.8816198,0.08287995,387.3319
pull,0,0,0,0,0,0,0,-0.007947861,-0.8186671,0.05237995,387.4312
pull,0,0,0,0,0,0,0,0.03206841,-0.928224,0.07482783,387.5312
pull,0,0,0,0,0,0,0,0.0855033,-0.9496947,0.06213896,387.6312
pull,0,0,0,0,0,0,0,-0.003312646,-0.9270041,0.03944679,387.7314
pull,0,0,0,0,0,0,0,-0.003312646,-0.930908,0.005287164,387.8315
pull,0,0,0,0,0,0,0,0.01474431,-0.9916637,-0.02862817,387.9315
pull,0,0,0,0,0,0,0,-0.04357164,-0.8901589,-0.01057277,388.015
pull,0,0,0,0,0,0,0,0.06939908,-1.058763,-0.04253693,388.1311
pull,0,0,0,0,0,0,0,-0.07163189,-1.103172,-0.009839913,388.2311
pull,0,0,0,0,0,0,0,-0.02356351,-1.131232,-0.04668513,388.3311
pull,0,0,0,0,0,0,0,0.04060753,-1.06462,-0.03985289,388.4311
pull,0,0,0,0,0,0,0,0.02108797,-0.846483,0.02090281,388.5317
pull,0,0,0,0,0,0,0,-0.4512963,-2.290232,0.5123196,388.6316
pull,0,0,0,0,0,0,0,0.3260879,-0.6507957,0.2509956,388.7316
pull,0,0,0,0,0,0,0,-0.1750879,-0.8328201,0.4308229,388.8315
pull,0,0,0,0,0,0,0,0.0115717,-0.8647827,0.490116,388.9313
pull,0,0,0,0,0,0,0,0.2375163,-1.106587,0.2839353,389.0315
pull,0,0,0,0,0,0,0,0.09453256,-1.075843,0.2034158,389.1313
pull,0,0,0,0,0,0,0,0.2040879,-0.9616507,0.2463588,389.2317
pull,0,0,0,0,0,0,0,0.2353192,-0.9304194,0.322976,389.3315
pull,0,0,0,0,0,0,0,0.05939579,-0.8455074,0.1880428,389.4319
pull,0,0,0,0,0,0,0,0.2260472,-0.9438396,0.2148832,389.5316
pull,0,0,0,0,0,0,0,0.1589479,-0.8689309,0.137292,389.6317
pull,0,0,0,0,0,0,0,0.2189723,-1.020944,0.2024402,389.7315
pull,0,0,0,0,0,0,0,0.1335717,-0.97068,0.1084989,389.8317
pull,0,0,0,0,0,0,0,0.2204365,-1.027043,0.2353799,389.9317
pull,0,0,0,0,0,0,0,0.1252753,-0.7696231,0.1416829,390.0316
pull,0,0,0,0,0,0,0,0.1425994,-0.8494113,0.1206992,390.1317
pull,0,0,0,0,0,0,0,0.1123437,-0.8462387,0.1321682,390.2312
pull,0,0,0,0,0,0,0,0.231171,-1.151239,0.02261126,390.3315
pull,0,0,0,0,0,0,0,0.1921319,-1.002156,0.29516,390.4315
pull,0,0,0,0,0,0,0,0.1860325,-1.016551,0.3298082,390.5315
pull,0,0,0,0,0,0,0,0.2179951,-0.9484748,0.2641715,390.6316
pull,0,0,0,0,0,0,0,0.1713925,-0.8960155,0.08653957,390.7153
pull,0,0,0,0,0,0,0,0.1677313,-0.9582354,0.1531519,390.8319
pull,0,0,0,0,0,0,0,0.1784675,-0.9350547,0.1575429,390.9314
pull,0,0,0,0,0,0,0,0.1799316,-0.9714113,0.1699875,391.0315
pull,0,0,0,0,0,0,0,0.1953045,-1.009232,0.1289956,391.1317
