push,0,0,0,0,0,0,0,-0.4206201,-0.4882236,0.6462882,8.06965
push,0,0,0,0,0,0,0,-0.3336592,-0.5925547,0.6678751,8.16959
push,0,0,0,0,0,0,0,-0.3166651,-0.7069268,0.6976836,8.269523
push,0,0,0,0,0,0,0,-0.4679834,-0.006623047,0.8162041,8.369461
push,0,0,0,0,0,0,0,-0.6173701,-0.9435841,0.8042842,8.469398
push,0,0,0,0,0,0,0,-0.3266494,-0.2888047,0.8683164,8.569335
push,0,0,0,0,0,0,0,-0.3773564,-0.5026386,0.8458018,8.669271
push,0,0,0,0,0,0,0,-0.4596191,-0.4292578,0.8370517,8.769212
push,0,0,0,0,0,0,0,-0.3933125,-0.498376,0.8828067,8.869149
push,0,0,0,0,0,0,0,-0.4176348,-0.4794365,0.803832,8.96909
push,0,0,0,0,0,0,0,-0.37329,-0.4937315,0.8296241,9.069024
push,0,0,0,0,0,0,0,-0.4262041,-0.4720342,0.7846612,9.168958
push,0,0,0,0,0,0,0,-0.4703017,-0.5000508,0.8284033,9.268895
push,0,0,0,0,0,0,0,-0.4736132,-0.5460498,0.8343652,9.368831
push,0,0,0,0,0,0,0,-0.4284629,-0.478168,0.821291,9.468768
push,0,0,0,0,0,0,0,-0.424458,-0.4615117,0.8346729,9.568707
push,0,0,0,0,0,0,0,-0.363914,-0.445501,0.8108066,9.668644
push,0,0,0,0,0,0,0,-0.3723262,-0.5117841,0.7538671,9.768579
push,0,0,0,0,0,0,0,-0.3690635,-0.4974297,0.8103525,9.868514
push,0,0,0,0,0,0,0,-0.3495459,-0.4740576,0.7927696,9.968453
push,0,0,0,0,0,0,0,-0.3775332,-0.5201602,0.7123438,10.06839
push,0,0,0,0,0,0,0,-0.4245342,-0.5792559,0.7913828,10.16833
push,0,0,0,0,0,0,0,-0.4801123,-0.5706826,0.8730507,10.26827
push,0,0,0,0,0,0,0,0.02657226,-0.006783203,0.8092334,10.3682
push,0,0,0,0,0,0,0,-0.3308027,-0.7391084,0.9973926,10.46813
push,0,0,0,0,0,0,0,-0.5853955,-0.4331094,0.8332207,10.56807
push,0,0,0,0,0,0,0,-0.2331475,-0.6066504,0.6005508,10.66801
push,0,0,0,0,0,0,0,-0.4472461,-0.7592314,0.3957383,10.76795
push,0,0,0,0,0,0,0,-0.1986514,-0.2476162,0.5991172,10.86788
push,0,0,0,0,0,0,0,-0.431502,-0.9003135,0.989665,10.96782
push,0,0,0,0,0,0,0,-0.1343106,-0.4849414,1.062019,11.06776
push,0,0,0,0,0,0,0,-0.4076143,-0.5283486,0.8773223,11.1677
push,0,0,0,0,0,0,0,-0.2866386,-0.5178018,0.755246,11.26763
push,0,0,0,0,0,0,0,-0.3078555,-0.5542295,0.8053017,11.36756
push,0,0,0,0,0,0,0,-0.4829941,-0.5628965,0.8301533,11.4675
push,0,0,0,0,0,0,0,-0.4482149,-0.5818164,0.7948115,11.56744
push,0,0,0,0,0,0,0,-0.397081,-0.5000606,0.7775381,11.66737
push,0,0,0,0,0,0,0,-0.3882998,-0.5042373,0.8111699,11.76731
push,0,0,0,0,0,0,0,-0.4595694,-0.5395839,0.8072852,11.86725
push,0,0,0,0,0,0,0,-0.4532803,-0.5117452,0.8482773,11.96718
push,0,0,0,0,0,0,0,-0.4562841,-0.4865009,0.8856202,12.06712
push,0,0,0,0,0,0,0,-0.4884287,-0.528461,0.8663936,12.16706
push,0,0,0,0,0,0,0,-0.399874,-0.5020849,0.7867851,12.26699
push,0,0,0,0,0,0,0,-0.402501,-0.4907022,0.7886162,12.36693
push,0,0,0,0,0,0,0,-0.4430439,-0.5046465,0.8049219,12.46687
push,0,0,0,0,0,0,0,-0.3712012,-0.4326787,0.7734541,12.56637
push,0,0,0,0,0,0,0,-0.3566152,-0.491919,0.7616016,12.66631
push,0,0,0,0,0,0,0,-0.3751973,-0.5005596,0.7606103,12.76624
push,0,0,0,0,0,0,0,-0.334083,-0.4661055,0.8388877,12.86618
push,0,0,0,0,0,0,0,-0.3541787,-0.4583779,0.737958,12.96611
push,0,0,0,0,0,0,0,-0.3301289,-0.4955527,0.7745684,13.06604
push,0,0,0,0,0,0,0,-0.366957,-0.5071679,0.7134922,13.16598
push,0,0,0,0,0,0,0,-0.3441865,-0.5074717,0.7870517,13.26591
push,0,0,0,0,0,0,0,-0.3465586,-0.4774121,0.807125,13.36585
push,0,0,0,0,0,0,0,-0.3680576,-0.5069033,0.7998399,13.46578
push,0,0,0,0,0,0,0,-0.3483994,-0.4676631,0.8555879,13.56571
push,0,0,0,0,0,0,0,-0.3792217,-0.5057412,0.7802832,13.66565
push,0,0,0,0,0,0,0,-0.3448594,-0.497666,0.8016182,13.76558
push,0,0,0,0,0,0,0,-0.3636943,-0.493208,0.8049053,13.86552
push,0,0,0,0,0,0,0,-0.2970303,-0.5262188,0.7481133,13.96545
push,0,0,0,0,0,0,0,-0.2701094,-0.4652568,0.6821563,14.06538
push,0,0,0,0,0,0,0,-0.3256719,-0.4598398,0.7501181,14.16531
push,0,0,0,0,0,0,0,-0.4326943,-0.4900391,0.7345644,14.26525
push,0,0,0,0,0,0,0,-0.4075107,-0.5397793,0.7917285,14.36518
push,0,0,0,0,0,0,0,-0.3617949,-0.4906562,0.7453857,14.46511
push,0,0,0,0,0,0,0,-0.3844072,-0.4752275,0.7410176,14.56505
push,0,0,0,0,0,0,0,-0.4699287,-0.4833291,0.7922119,14.66498
push,0,0,0,0,0,0,0,-0.4726211,-0.5323301,0.8826826,14.76491
push,0,0,0,0,0,0,0,-0.461167,-0.5136338,0.7759707,14.86485
push,0,0,0,0,0,0,0,-0.4342354,-0.4478457,0.8331113,14.96478
push,0,0,0,0,0,0,0,-0.4147978,-0.4301386,0.75225,15.06472
push,0,0,0,0,0,0,0,-0.4497529,-0.4571357,0.8244531,15.16465
push,0,0,0,0,0,0,0,-0.4635879,-0.4870518,0.850747,15.26458
push,0,0,0,0,0,0,0,-0.5047187,-0.5164649,0.8964003,15.36452
push,0,0,0,0,0,0,0,-0.4605283,-0.4632012,0.8485859,15.46445
push,0,0,0,0,0,0,0,-0.4823105,-0.468997,0.7673692,15.56438
push,0,0,0,0,0,0,0,-0.4755449,-0.4383047,0.8195742,15.66431
push,0,0,0,0,0,0,0,-0.4316992,-0.4450547,0.7292939,15.76425
push,0,0,0,0,0,0,0,-0.4226943,-0.4635615,0.7781143,15.86418
push,0,0,0,0,0,0,0,-0.4228106,-0.4599687,0.8094072,15.96412
push,0,0,0,0,0,0,0,-0.3933721,-0.4963095,0.8065381,16.06405
push,0,0,0,0,0,0,0,-0.3800879,-0.4795088,0.836207,16.16397
push,0,0,0,0,0,0,0,-0.3476221,-0.4844248,0.7773867,16.26391
push,0,0,0,0,0,0,0,-0.3571279,-0.4388769,0.7761758,16.36384
push,0,0,0,0,0,0,0,-0.3755039,-0.4715059,0.7969882,16.46378
push,0,0,0,0,0,0,0,-0.3798955,-0.4864111,0.7810791,16.56372
push,0,0,0,0,0,0,0,-0.3581885,-0.4945937,0.7931045,16.66365
push,0,0,0,0,0,0,0,-0.3682851,-0.4732959,0.8069531,16.76358
push,0,0,0,0,0,0,0,-0.3783164,-0.501583,0.7525996,16.86351
push,0,0,0,0,0,0,0,-0.3402051,-0.4521143,0.7683506,16.96345
push,0,0,0,0,0,0,0,-0.3492988,-0.5280283,0.7392598,17.06338
push,0,0,0,0,0,0,0,-0.3836231,-0.4921719,0.728208,17.16331
push,0,0,0,0,0,0,0,-0.3473398,-0.5003623,0.71617,17.26325
push,0,0,0,0,0,0,0,-0.2700908,-0.4762217,0.6457969,17.36318
push,0,0,0,0,0,0,0,-0.2989101,-0.4858027,0.7072168,17.46312
push,0,0,0,0,0,0,0,-0.4539668,-0.4664004,0.7657305,17.56305
push,0,0,0,0,0,0,0,-0.4652461,-0.5183105,0.7606143,17.66298
push,0,0,0,0,0,0,0,-0.3904971,-0.4581475,0.7182285,17.76291
push,0,0,0,0,0,0,0,-0.4176328,-0.5238848,0.8209511,17.86283
push,0,0,0,0,0,0,0,-0.4977451,-0.4867734,0.8088027,17.96277
push,0,0,0,0,0,0,0,-0.4652852,-0.4830215,0.8344414,18.0627
push,0,0,0,0,0,0,0,-0.4432022,-0.469957,0.7797598,18.16261
push,0,0,0,0,0,0,0,-0.4481201,-0.4453701,0.7699883,18.26257
push,0,0,0,0,0,0,0,-0.432583,-0.4233399,0.826498,18.36251
push,0,0,0,0,0,0,0,-0.4544199,-0.4610595,0.8114697,18.46244
push,0,0,0,0,0,0,0,-0.509251,-0.5239218,0.8266065,18.56237
push,0,0,0,0,0,0,0,-0.5035732,-0.4638252,0.8445038,18.66231
push,0,0,0,0,0,0,0,-0.4485996,-0.4208037,0.8565224,18.76224
push,0,0,0,0,0,0,0,-0.4453838,-0.481459,0.7975957,18.86218
push,0,0,0,0,0,0,0,-0.4782461,-0.4856972,0.8399053,18.96211
push,0,0,0,0,0,0,0,-0.4172285,-0.4515361,0.8310703,19.06205
push,0,0,0,0,0,0,0,-0.411292,-0.472497,0.7484922,19.16198
push,0,0,0,0,0,0,0,-0.4086426,-0.4738223,0.7571679,19.26191
push,0,0,0,0,0,0,0,-0.356168,-0.4797764,0.7739561,19.36185
push,0,0,0,0,0,0,0,-0.4012969,-0.4383623,0.8712959,19.46177
push,0,0,0,0,0,0,0,-0.2739658,-0.4909795,0.8200186,19.56171
push,0,0,0,0,0,0,0,-0.3395195,-0.4800186,0.854748,19.66165
push,0,0,0,0,0,0,0,-0.3843057,-0.4845009,0.7432753,19.76158
push,0,0,0,0,0,0,0,-0.3401133,-0.4602363,0.7477539,19.86151
push,0,0,0,0,0,0,0,-0.3979424,-0.4749942,0.7727011,19.96144
push,0,0,0,0,0,0,0,-0.3199912,-0.4495762,0.7843525,20.06137
push,0,0,0,0,0,0,0,-0.3205176,-0.4407715,0.7974882,20.1613
push,0,0,0,0,0,0,0,-0.4093506,-0.4596465,0.7809951,20.26124
push,0,0,0,0,0,0,0,-0.3939512,-0.4864365,0.7943643,20.36118
push,0,0,0,0,0,0,0,-0.3337383,-0.4612139,0.7388955,20.46111
push,0,0,0,0,0,0,0,-0.2893193,-0.4669033,0.7042676,20.56105
push,0,0,0,0,0,0,0,-0.3091631,-0.4570615,0.7105439,20.66098
push,0,0,0,0,0,0,0,-0.4406797,-0.4580303,0.7874502,20.76091
push,0,0,0,0,0,0,0,-0.4793291,-0.4669111,0.8088242,20.86085
push,0,0,0,0,0,0,0,-0.4265175,-0.4904023,0.8197138,20.96078
push,0,0,0,0,0,0,0,-0.3461602,-0.4954365,0.8086016,21.06071
push,0,0,0,0,0,0,0,-0.5012012,-0.4614443,0.806833,21.16064
push,0,0,0,0,0,0,0,-0.4847353,-0.52671,0.8355663,21.26055
push,0,0,0,0,0,0,0,-0.4778662,-0.4721026,0.9011924,21.36051
push,0,0,0,0,0,0,0,-0.4509609,-0.4120019,0.8304072,21.46045
push,0,0,0,0,0,0,0,-0.4115615,-0.4612959,0.8036406,21.56038
push,0,0,0,0,0,0,0,-0.4616094,-0.4690283,0.8231581,21.66031
push,0,0,0,0,0,0,0,-0.47529,-0.4266396,0.8431201,21.76024
push,0,0,0,0,0,0,0,-0.5041454,-0.4640166,0.9180713,21.86018
push,0,0,0,0,0,0,0,-0.4614404,-0.4646202,0.8627969,21.96012
push,0,0,0,0,0,0,0,-0.418666,-0.4742646,0.8036992,22.06005
push,0,0,0,0,0,0,0,-0.413377,-0.4564258,0.8208106,22.15998
push,0,0,0,0,0,0,0,-0.4272187,-0.4450996,0.8826328,22.25992
push,0,0,0,0,0,0,0,-0.4436846,-0.4440322,0.9022861,22.35984
push,0,0,0,0,0,0,0,-0.4376172,-0.4739062,0.8641914,22.45978
push,0,0,0,0,0,0,0,-0.4293994,-0.4592666,0.8686407,22.55971
push,0,0,0,0,0,0,0,-0.3565977,-0.4888213,0.8197285,22.65965
push,0,0,0,0,0,0,0,-0.3650469,-0.4988115,0.8219687,22.75958
push,0,0,0,0,0,0,0,-0.3550615,-0.4445869,0.967131,22.85951
push,0,0,0,0,0,0,0,-0.4154131,-0.50475,0.8698877,22.95945
push,0,0,0,0,0,0,0,-0.3586386,-0.4839082,0.8609248,23.05938
push,0,0,0,0,0,0,0,-0.3553066,-0.4421358,0.9094931,23.15931
push,0,0,0,0,0,0,0,-0.331918,-0.4645527,0.849416,23.25924
push,0,0,0,0,0,0,0,-0.3622363,-0.4571914,0.8087851,23.35918
push,0,0,0,0,0,0,0,-0.3683515,-0.4184697,0.8159873,23.45912
push,0,0,0,0,0,0,0,-0.3486328,-0.4284453,0.8190097,23.55904
push,0,0,0,0,0,0,0,-0.3355049,-0.4661494,0.7756904,23.65898
push,0,0,0,0,0,0,0,-0.2587051,-0.4278662,0.719706,23.75891
push,0,0,0,0,0,0,0,-0.2590605,-0.4478017,0.7709687,23.85884
push,0,0,0,0,0,0,0,-0.426247,-0.5080547,0.8093369,23.95878
push,0,0,0,0,0,0,0,-0.3880879,-0.4127422,0.8340371,24.05871
push,0,0,0,0,0,0,0,-0.4364795,-0.4545381,0.8012783,24.15865
push,0,0,0,0,0,0,0,-0.4342285,-0.4691026,0.8223194,24.25858
push,0,0,0,0,0,0,0,-0.4193584,-0.4316758,0.7478076,24.35852
push,0,0,0,0,0,0,0,-0.4363047,-0.401041,0.8156884,24.45845
push,0,0,0,0,0,0,0,-0.4406758,-0.4432422,0.7895752,24.55838
push,0,0,0,0,0,0,0,-0.45971,-0.4363525,0.8072968,24.65831
push,0,0,0,0,0,0,0,-0.5004277,-0.4297802,0.8593691,24.75825
push,0,0,0,0,0,0,0,-0.4865166,-0.4256592,0.8133438,24.85818
push,0,0,0,0,0,0,0,-0.5118271,-0.4568447,0.8744609,24.95812
push,0,0,0,0,0,0,0,-0.506458,-0.4290195,0.9268984,25.05805
push,0,0,0,0,0,0,0,-0.5709805,-0.507084,0.9400284,25.15798
push,0,0,0,0,0,0,0,-0.5347959,-0.4892373,0.8906465,25.25791
push,0,0,0,0,0,0,0,-0.4564717,-0.4072119,0.916207,25.35785
push,0,0,0,0,0,0,0,-0.4326972,-0.4237764,0.8976513,25.45776
push,0,0,0,0,0,0,0,-0.477416,-0.494915,0.8423964,25.55771
push,0,0,0,0,0,0,0,-0.4663349,-0.4541572,0.8228046,25.65764
push,0,0,0,0,0,0,0,-0.3986387,-0.4231104,0.8211612,25.75758
push,0,0,0,0,0,0,0,-0.3917353,-0.4581133,0.7695078,25.85751
push,0,0,0,0,0,0,0,-0.3846914,-0.4379014,0.6988876,25.95745
push,0,0,0,0,0,0,0,-0.4313379,-0.4620479,0.7618086,26.05738
push,0,0,0,0,0,0,0,-0.3926074,-0.5212002,0.7618877,26.15731
push,0,0,0,0,0,0,0,-0.4335098,-0.5146875,0.8594491,26.25725
push,0,0,0,0,0,0,0,-0.3765517,-0.465374,0.7066718,26.35718
push,0,0,0,0,0,0,0,-0.3922431,-0.4479375,0.7990361,26.45712
push,0,0,0,0,0,0,0,-0.4453223,-0.4890723,0.8432177,26.55704
push,0,0,0,0,0,0,0,-0.4390137,-0.4464795,0.8327929,26.65698
push,0,0,0,0,0,0,0,-0.437376,-0.4518496,0.8697685,26.75691
push,0,0,0,0,0,0,0,-0.4110059,-0.4524375,0.7995742,26.85685
push,0,0,0,0,0,0,0,-0.3654795,-0.4742246,0.7773681,26.95675
push,0,0,0,0,0,0,0,-0.3104287,-0.4169502,0.7220225,27.05671
push,0,0,0,0,0,0,0,-0.2917764,-0.4505488,0.7514268,27.15664
push,0,0,0,0,0,0,0,-0.4282715,-0.4282832,0.7761787,27.25658
push,0,0,0,0,0,0,0,-0.4582978,-0.4156084,0.7690391,27.35651
push,0,0,0,0,0,0,0,-0.4754297,-0.4999814,0.7921407,27.45645
push,0,0,0,0,0,0,0,-0.4592451,-0.435085,0.7579453,27.55638
push,0,0,0,0,0,0,0,-0.4331572,-0.4905098,0.8185322,27.65631
push,0,0,0,0,0,0,0,-0.4916367,-0.4142978,0.7631162,27.75625
push,0,0,0,0,0,0,0,-0.3799717,-0.4359541,0.7822256,27.85618
push,0,0,0,0,0,0,0,-0.4943525,-0.4464795,0.7795908,27.95611
push,0,0,0,0,0,0,0,-0.5113389,-0.4230556,0.8415615,28.05605
push,0,0,0,0,0,0,0,-0.4934668,-0.4728545,0.8085108,28.15598
push,0,0,0,0,0,0,0,-0.5491269,-0.456458,0.8872374,28.25591
push,0,0,0,0,0,0,0,-0.5082334,-0.4641777,0.8495576,28.35584
push,0,0,0,0,0,0,0,-0.5026875,-0.4855879,0.8389912,28.45578
push,0,0,0,0,0,0,0,-0.4558037,-0.408957,0.8586445,28.55571
push,0,0,0,0,0,0,0,-0.4539014,-0.4746475,0.8268536,28.65565
push,0,0,0,0,0,0,0,-0.4388516,-0.4116875,0.7830938,28.77223
push,0,0,0,0,0,0,0,-0.4461211,-0.4676338,0.8132744,28.87217
push,0,0,0,0,0,0,0,-0.4358867,-0.4765029,0.774,28.97211
push,0,0,0,0,0,0,0,-0.4147578,-0.4699267,0.8395078,29.07204
push,0,0,0,0,0,0,0,-0.3611953,-0.4341933,0.767374,29.17197
push,0,0,0,0,0,0,0,-0.3867207,-0.4039385,0.7801084,29.2719
push,0,0,0,0,0,0,0,-0.3834277,-0.4330566,0.7935742,29.37184
push,0,0,0,0,0,0,0,-0.418415,-0.5018173,0.7869688,29.47177
push,0,0,0,0,0,0,0,-0.4421552,-0.4913731,0.8017109,29.5717
push,0,0,0,0,0,0,0,-0.438251,-0.4829043,0.8669922,29.67163
push,0,0,0,0,0,0,0,-0.4462441,-0.4419922,0.6974619,29.77157
push,0,0,0,0,0,0,0,-0.4275059,-0.4538965,0.7658965,29.8715
push,0,0,0,0,0,0,0,-0.4229531,-0.4279043,0.8384531,29.97144
push,0,0,0,0,0,0,0,-0.4236826,-0.4706953,0.7714522,30.07137
push,0,0,0,0,0,0,0,-0.3865576,-0.4348564,0.7208037,30.1713
push,0,0,0,0,0,0,0,-0.3265303,-0.4371738,0.6999219,30.27123
push,0,0,0,0,0,0,0,-0.3634239,-0.4244541,0.737458,30.37117
push,0,0,0,0,0,0,0,-0.4675361,-0.421209,0.8259716,30.4711
push,0,0,0,0,0,0,0,-0.4678575,-0.4810507,0.8556572,30.57103
push,0,0,0,0,0,0,0,-0.4855742,-0.5233291,0.9318945,30.67097
push,0,0,0,0,0,0,0,-0.4823526,-0.4898945,0.8478379,30.7709
push,0,0,0,0,0,0,0,-0.4973447,-0.4457314,0.9424424,30.87083
push,0,0,0,0,0,0,0,-0.4765605,-0.4385987,0.9039169,30.97076
push,0,0,0,0,0,0,0,-0.4846377,-0.4674209,0.863622,31.0707
push,0,0,0,0,0,0,0,-0.503626,-0.4326885,0.8173564,31.17063
push,0,0,0,0,0,0,0,-0.4604082,-0.4144814,0.8519014,31.27057
push,0,0,0,0,0,0,0,-0.4632568,-0.4689492,0.7750869,31.3705
push,0,0,0,0,0,0,0,-0.5188946,-0.4916582,0.7962246,31.47043
push,0,0,0,0,0,0,0,-0.5123565,-0.4547871,0.798626,31.57037
push,0,0,0,0,0,0,0,-0.5164287,-0.4506162,0.7540722,31.6703
push,0,0,0,0,0,0,0,-0.4807334,-0.4448847,0.6816192,31.77024
push,0,0,0,0,0,0,0,-0.460373,-0.3870713,0.686669,31.87017
push,0,0,0,0,0,0,0,-0.4669775,-0.3961709,0.7472363,31.9701
push,0,0,0,0,0,0,0,-0.4447334,-0.4293291,0.7799717,32.07003
push,0,0,0,0,0,0,0,-0.4227871,-0.4235752,0.7550536,32.16997
push,0,0,0,0,0,0,0,-0.4417149,-0.4238262,0.728664,32.2699
push,0,0,0,0,0,0,0,-0.3584473,-0.4454414,0.7498339,32.36983
push,0,0,0,0,0,0,0,-0.4288359,-0.3722158,0.6342451,32.46976
push,0,0,0,0,0,0,0,-0.3439297,-0.4253623,0.7018515,32.5697
push,0,0,0,0,0,0,0,-0.4134199,-0.4162422,0.7783945,32.66964
push,0,0,0,0,0,0,0,-0.4572178,-0.4725078,0.7600986,32.76957
push,0,0,0,0,0,0,0,-0.3356924,-0.4166143,0.7309424,32.8695
push,0,0,0,0,0,0,0,-0.3953437,-0.3947178,0.6708701,32.96944
push,0,0,0,0,0,0,0,-0.4743252,-0.5141191,0.7891104,33.06937
push,0,0,0,0,0,0,0,-0.4531436,-0.491916,0.7490966,33.1693
push,0,0,0,0,0,0,0,-0.4135049,-0.428502,0.7579746,33.26923
push,0,0,0,0,0,0,0,-0.3414561,-0.4119649,0.6980606,33.36917
push,0,0,0,0,0,0,0,-0.285624,-0.4011416,0.6660244,33.4691
push,0,0,0,0,0,0,0,-0.4287334,-0.4252647,0.7427822,33.56903
push,0,0,0,0,0,0,0,-0.5085478,-0.5042803,0.8740625,33.66897
push,0,0,0,0,0,0,0,-0.4688613,-0.4068232,0.8379258,33.7689
push,0,0,0,0,0,0,0,-0.5513535,-0.5576885,0.8453544,33.86884
push,0,0,0,0,0,0,0,-0.5099355,-0.4721914,0.8738233,33.96877
push,0,0,0,0,0,0,0,-0.4664746,-0.4114199,0.7989453,34.0687
push,0,0,0,0,0,0,0,-0.4818066,-0.4593701,0.8490205,34.16863
push,0,0,0,0,0,0,0,-0.4469531,-0.4584834,0.6258076,34.26856
push,0,0,0,0,0,0,0,-0.4281338,-0.4191855,0.7433711,34.3685
push,0,0,0,0,0,0,0,-0.4959922,-0.4812627,0.7726367,34.46843
push,0,0,0,0,0,0,0,-0.4609688,-0.3975947,0.8139873,34.56836
push,0,0,0,0,0,0,0,-0.4807627,-0.4612295,0.7955596,34.6683
push,0,0,0,0,0,0,0,-0.5012373,-0.4401748,0.9021454,34.76823
push,0,0,0,0,0,0,0,-0.5069833,-0.4638692,0.8190655,34.86816
push,0,0,0,0,0,0,0,-0.4725088,-0.4529141,0.7789922,34.9681
push,0,0,0,0,0,0,0,-0.4363135,-0.430419,0.6835586,35.06803
push,0,0,0,0,0,0,0,-0.4507412,-0.4046758,0.6512549,35.16796
push,0,0,0,0,0,0,0,-0.4155059,-0.3700918,0.6696289,35.2679
push,0,0,0,0,0,0,0,-0.428291,-0.4353261,0.7270625,35.36784
push,0,0,0,0,0,0,0,-0.378415,-0.4255478,0.7376123,35.46777
push,0,0,0,0,0,0,0,-0.3296904,-0.3947441,0.7836992,35.5677
push,0,0,0,0,0,0,0,-0.3454053,-0.4415713,0.7296123,35.66763
push,0,0,0,0,0,0,0,-0.3150332,-0.4713056,0.9254492,35.76757
push,0,0,0,0,0,0,0,-0.3308193,-0.4162529,0.8439668,35.8675
push,0,0,0,0,0,0,0,-0.3484063,-0.4177099,0.9004551,35.96743
push,0,0,0,0,0,0,0,-0.29475,-0.4723389,0.8613456,36.06737
push,0,0,0,0,0,0,0,-0.262209,-0.472291,0.8683818,36.1673
push,0,0,0,0,0,0,0,-0.3497295,-0.37825,0.8366855,36.26723
push,0,0,0,0,0,0,0,-0.3327637,-0.3791621,0.8098066,36.36717
push,0,0,0,0,0,0,0,-0.3430117,-0.3738213,0.8038906,36.46711
push,0,0,0,0,0,0,0,-0.3228047,-0.4214385,0.8248711,36.56703
push,0,0,0,0,0,0,0,-0.3315391,-0.3971816,0.8602256,36.66697
push,0,0,0,0,0,0,0,-0.3286016,-0.3846709,0.7968193,36.7669
push,0,0,0,0,0,0,0,-0.28921,-0.3784766,0.6760166,36.86683
push,0,0,0,0,0,0,0,-0.3569492,-0.4107373,0.7706689,36.96677
push,0,0,0,0,0,0,0,-0.3882236,-0.4042783,0.793876,37.06666
push,0,0,0,0,0,0,0,-0.4484903,-0.4382793,0.7263457,37.16663
push,0,0,0,0,0,0,0,-0.400544,-0.4665615,0.8285488,37.26656
push,0,0,0,0,0,0,0,-0.4157939,-0.4100606,0.7648349,37.3665
push,0,0,0,0,0,0,0,-0.4672519,-0.4009365,0.8384854,37.46643
push,0,0,0,0,0,0,0,-0.408914,-0.4743125,0.8585097,37.56637
push,0,0,0,0,0,0,0,-0.4764707,-0.4360635,0.8795312,37.66631
push,0,0,0,0,0,0,0,-0.4288388,-0.4142978,0.9077392,37.76624
push,0,0,0,0,0,0,0,-0.4733848,-0.4078154,0.7946006,37.86616
push,0,0,0,0,0,0,0,-0.4525557,-0.4237041,0.7805811,37.9661
push,0,0,0,0,0,0,0,-0.4870566,-0.4101641,0.8371806,38.06604
push,0,0,0,0,0,0,0,-0.4394639,-0.4083955,0.7783477,38.16597
push,0,0,0,0,0,0,0,-0.4289531,-0.3661133,0.7792871,38.2659
push,0,0,0,0,0,0,0,-0.334834,-0.3908769,0.815166,38.36584
push,0,0,0,0,0,0,0,-0.3533574,-0.4082089,0.7502783,38.46577
push,0,0,0,0,0,0,0,-0.3945273,-0.4218574,0.798333,38.5657
push,0,0,0,0,0,0,0,-0.359122,-0.3614306,0.8519688,38.66563
push,0,0,0,0,0,0,0,-0.451458,-0.4730498,0.9956806,38.76557
push,0,0,0,0,0,0,0,-0.3828457,-0.4475058,0.9388573,38.8655
push,0,0,0,0,0,0,0,-0.3950703,-0.4017275,0.9072832,38.96543
push,0,0,0,0,0,0,0,-0.4183877,-0.4728506,0.903957,39.06536
push,0,0,0,0,0,0,0,-0.3292461,-0.4111201,0.9800303,39.16529
push,0,0,0,0,0,0,0,-0.395082,-0.5003721,0.8525635,39.26522
push,0,0,0,0,0,0,0,-0.4052022,-0.4556357,0.8913779,39.36516
push,0,0,0,0,0,0,0,-0.3543096,-0.4385478,0.8893984,39.4651
push,0,0,0,0,0,0,0,-0.3620371,-0.4255029,0.8512314,39.56503
push,0,0,0,0,0,0,0,-0.3840039,-0.417709,0.9402256,39.66496
push,0,0,0,0,0,0,0,-0.4297002,-0.4500771,0.8782022,39.7649
push,0,0,0,0,0,0,0,-0.4392725,-0.4445107,0.8547842,39.86483
push,0,0,0,0,0,0,0,-0.4529033,-0.4163496,0.855249,39.96476
push,0,0,0,0,0,0,0,-0.4274307,-0.4301358,0.8268437,40.0647
push,0,0,0,0,0,0,0,-0.4024219,-0.4532285,0.7773096,40.16463
push,0,0,0,0,0,0,0,-0.3589678,-0.3994717,0.7178389,40.26456
push,0,0,0,0,0,0,0,-0.311625,-0.4618789,0.7370605,40.3645
push,0,0,0,0,0,0,0,-0.4439062,-0.4373311,0.8463476,40.46443
push,0,0,0,0,0,0,0,-0.4908145,-0.4348604,0.8867471,40.56436
push,0,0,0,0,0,0,0,-0.4244463,-0.4504033,0.8515224,40.66429
push,0,0,0,0,0,0,0,-0.4816133,-0.4577393,0.8117695,40.76422
push,0,0,0,0,0,0,0,-0.424998,-0.4020899,0.7542247,40.86416
push,0,0,0,0,0,0,0,-0.3893516,-0.3926963,0.8194395,40.96409
push,0,0,0,0,0,0,0,-0.3957295,-0.4241611,0.858749,41.06403
push,0,0,0,0,0,0,0,-0.4250791,-0.4159814,0.8398086,41.16396
push,0,0,0,0,0,0,0,-0.4138682,-0.3935801,0.8717734,41.26389
push,0,0,0,0,0,0,0,-0.4239951,-0.4302656,0.8042881,41.36382
push,0,0,0,0,0,0,0,-0.4476982,-0.4006279,0.9242881,41.46376
push,0,0,0,0,0,0,0,-0.4916358,-0.4299736,0.8451464,41.5637
push,0,0,0,0,0,0,0,-0.4950478,-0.4514306,0.8946943,41.66363
push,0,0,0,0,0,0,0,-0.4408613,-0.3587148,0.8618575,41.76356
push,0,0,0,0,0,0,0,-0.3830762,-0.3379824,0.9038281,41.8635
push,0,0,0,0,0,0,0,-0.4417968,-0.4637432,0.8480214,41.96343
push,0,0,0,0,0,0,0,-0.4279043,-0.3607578,0.8682988,42.06336
push,0,0,0,0,0,0,0,-0.4080996,-0.3683994,0.6995703,42.1633
push,0,0,0,0,0,0,0,-0.4420352,-0.3671465,0.815917,42.26323
push,0,0,0,0,0,0,0,-0.4235156,-0.4124746,0.7458447,42.36316
push,0,0,0,0,0,0,0,-0.3999892,-0.3736367,0.7220137,42.4631
push,0,0,0,0,0,0,0,-0.3775049,-0.3824238,0.6888242,42.56303
push,0,0,0,0,0,0,0,-0.3584072,-0.3793105,0.7516611,42.66297
push,0,0,0,0,0,0,0,-0.3659267,-0.324125,0.7723389,42.7629
push,0,0,0,0,0,0,0,-0.5366289,-0.3298994,0.7661328,42.86283
push,0,0,0,0,0,0,0,-0.4917431,-0.3321045,0.6184424,42.96276
push,0,0,0,0,0,0,0,-0.1818867,-0.1873545,0.6283994,43.0627
push,0,0,0,0,0,0,0,-0.5642051,-0.5761465,0.6446738,43.16263
push,0,0,0,0,0,0,0,-0.4293486,-0.4834971,0.6561123,43.26257
push,0,0,0,0,0,0,0,-0.3672041,-0.4151553,0.5201289,43.3625
push,0,0,0,0,0,0,0,-0.4683213,-0.6857734,0.6033916,43.46244
push,0,0,0,0,0,0,0,-0.8248574,-1.085463,0.7440498,43.56237
push,0,0,0,0,0,0,0,-0.2760117,-0.4088115,0.6591455,43.6623
push,0,0,0,0,0,0,0,-0.486624,-0.5323359,0.6068721,43.76223
push,0,0,0,0,0,0,0,-0.515375,-0.5194531,0.6204365,43.86216
push,0,0,0,0,0,0,0,-0.2395088,-0.5506826,0.5673535,43.96209
push,0,0,0,0,0,0,0,-0.5806963,-0.7271835,0.6096269,44.06203
push,0,0,0,0,0,0,0,-0.2902432,-0.4394228,0.7215098,44.16196
push,0,0,0,0,0,0,0,-0.3649053,-0.5075108,0.8804355,44.26189
push,0,0,0,0,0,0,0,-0.2777734,-0.6364775,0.817043,44.36183
push,0,0,0,0,0,0,0,-0.1597012,-0.6263594,0.8978145,44.46176
push,0,0,0,0,0,0,0,0.01192773,-0.6948487,0.799084,44.5617
push,0,0,0,0,0,0,0,-0.09328125,-0.6768945,0.760039,44.66163
push,0,0,0,0,0,0,0,-0.011125,-0.6063818,0.7610595,44.76156
push,0,0,0,0,0,0,0,0.07606738,-0.6149346,0.7062656,44.8615
push,0,0,0,0,0,0,0,0.09689941,-0.7342969,0.7318271,44.96143
push,0,0,0,0,0,0,0,0.1374463,-0.7003995,0.6954834,45.06136
push,0,0,0,0,0,0,0,0.2129541,-0.7506943,0.6827852,45.1613
push,0,0,0,0,0,0,0,0.09292871,-0.7763808,0.5944971,45.26123
push,0,0,0,0,0,0,0,0.2190244,-0.7963291,0.5996963,45.36116
push,0,0,0,0,0,0,0,0.2687275,-0.6533555,0.5308076,45.4611
push,0,0,0,0,0,0,0,0.4409502,-0.9570683,0.6451015,45.56103
push,0,0,0,0,0,0,0,0.6749443,-0.5495117,0.7522979,45.66096
push,0,0,0,0,0,0,0,0.7747793,-0.7738321,0.4478506,45.7609
push,0,0,0,0,0,0,0,1.230896,-0.2720234,2.416555,45.86084
push,0,0,0,0,0,0,0,1.436009,0.0138877,-0.04249316,45.96077
push,0,0,0,0,0,0,0,0.9510449,-0.3342422,-0.09310547,46.0607
push,0,0,0,0,0,0,0,0.7195713,0.04411328,0.01563281,46.16063
push,0,0,0,0,0,0,0,0.4851562,0.7369345,-1.6354,46.27722
push,0,0,0,0,0,0,0,0.1898018,-0.1006709,-0.9940869,46.3605
push,0,0,0,0,0,0,0,-0.08295605,0.0932832,-1.06452,46.46001
push,0,0,0,0,0,0,0,0.1456533,-0.2409395,-1.159681,46.55996
push,0,0,0,0,0,0,0,0.07476367,-0.6079023,-0.6826308,46.6599
push,0,0,0,0,0,0,0,-0.02646582,-0.7331728,-0.5829043,46.75986
push,0,0,0,0,0,0,0,0.005617187,-0.7241387,-0.5578818,46.85981
push,0,0,0,0,0,0,0,-0.05085742,-0.7671729,-0.4039307,46.95976
push,0,0,0,0,0,0,0,-0.1850557,-0.7002382,-0.4194248,47.05972
push,0,0,0,0,0,0,0,-0.01623633,-0.7235996,-0.5453135,47.15966
push,0,0,0,0,0,0,0,0.08653516,-0.7265635,-0.8450156,47.25962
push,0,0,0,0,0,0,0,-0.1011426,-0.6774521,-0.5673047,47.35957
push,0,0,0,0,0,0,0,0.0045625,-0.6723056,-0.6815049,47.45953
push,0,0,0,0,0,0,0,0.2174394,-0.7539678,-0.7066103,47.55947
push,0,0,0,0,0,0,0,0.1666611,-0.7610489,-0.7329971,47.65942
push,0,0,0,0,0,0,0,0.197917,-0.2346973,-0.6102968,102.6552
push,0,0,0,0,0,0,0,0.5666289,0.2167881,-0.6154355,102.7552
push,0,0,0,0,0,0,0,0.09085938,-0.2184727,-0.8369414,102.8551
push,0,0,0,0,0,0,0,0.02388281,0.01463379,-1.052458,102.955
push,0,0,0,0,0,0,0,0.02550977,-0.114042,-0.9159629,103.055
push,0,0,0,0,0,0,0,0.2521729,-0.2147217,-1.018527,103.1549
push,0,0,0,0,0,0,0,0.1958135,0.03571582,-1.060407,103.2548
push,0,0,0,0,0,0,0,0.1003037,0.03842774,-0.9503565,103.3548
push,0,0,0,0,0,0,0,0.2614482,-0.1399668,-1.003765,103.4547
push,0,0,0,0,0,0,0,0.1120537,0.07681347,-1.018411,103.5546
push,0,0,0,0,0,0,0,0.2038291,-0.003628906,-1.014032,103.6546
push,0,0,0,0,0,0,0,0.1822295,0.02404101,-0.9666416,103.7545
push,0,0,0,0,0,0,0,0.2081865,0.09383398,-1.055265,103.8544
push,0,0,0,0,0,0,0,0.1920908,0.02131543,-1.118319,103.9544
push,0,0,0,0,0,0,0,0.2273691,-0.0272334,-0.9600224,104.0543
push,0,0,0,0,0,0,0,0.2581006,0.003402344,-0.9394639,104.1542
push,0,0,0,0,0,0,0,0.3043281,-0.03022852,-0.9738282,104.2542
push,0,0,0,0,0,0,0,0.2800361,-0.08833398,-0.9605039,104.3541
push,0,0,0,0,0,0,0,0.2694609,0.0008242187,-0.9428125,104.454
push,0,0,0,0,0,0,0,0.2228262,0.0420127,-0.9622871,104.554
push,0,0,0,0,0,0,0,0.1978184,0.04196973,-0.9142099,104.6539
push,0,0,0,0,0,0,0,0.2189902,-0.02295703,-0.947414,104.7538
push,0,0,0,0,0,0,0,0.2250225,0.00636914,-0.9477764,104.8538
push,0,0,0,0,0,0,0,0.2584629,-0.04800781,-1.020605,104.9537
push,0,0,0,0,0,0,0,0.1929561,-0.08055273,-0.8908936,105.0536
push,0,0,0,0,0,0,0,0.2329766,-0.01983203,-0.8462198,105.1536
push,0,0,0,0,0,0,0,0.2469766,0.01638574,-0.9156904,105.2535
push,0,0,0,0,0,0,0,0.241291,-0.04126172,-0.9956855,105.3534
push,0,0,0,0,0,0,0,0.2650889,-0.007471679,-0.9624063,105.4534
push,0,0,0,0,0,0,0,0.1502686,-0.05296874,-0.8157949,105.5533
push,0,0,0,0,0,0,0,0.1226006,-0.1175,-0.8228379,105.6532
push,0,0,0,0,0,0,0,0.1713252,-0.07398144,-0.8591856,105.7532
push,0,0,0,0,0,0,0,0.2482627,0.01278027,-1.015667,105.8531
push,0,0,0,0,0,0,0,0.2153535,0.05043555,-1.115353,105.953
push,0,0,0,0,0,0,0,0.1674209,0.09496875,-1.058882,106.053
push,0,0,0,0,0,0,0,0.303543,-0.03720019,-0.9862393,106.1529
push,0,0,0,0,0,0,0,0.2654717,0.06844336,-1.063639,106.2528
push,0,0,0,0,0,0,0,0.2206738,0.06291015,-1.025212,106.3528
push,0,0,0,0,0,0,0,0.2950469,0.0322041,-1.030822,106.4527
push,0,0,0,0,0,0,0,0.2792334,-3.613281E-05,-0.9975967,106.5526
push,0,0,0,0,0,0,0,0.2930049,0.02813379,-1.013149,106.6526
push,0,0,0,0,0,0,0,0.3450567,0.004814453,-1.046311,106.7525
push,0,0,0,0,0,0,0,0.3322685,0.02113281,-1.048772,106.8524
push,0,0,0,0,0,0,0,0.3220703,0.01520605,-1.003526,106.9524
push,0,0,0,0,0,0,0,0.3125342,0.02483105,-1.031143,107.0523
push,0,0,0,0,0,0,0,0.3221523,-0.01865625,-1.003623,107.1522
push,0,0,0,0,0,0,0,0.3215918,-0.04150097,-0.9794346,107.2522
push,0,0,0,0,0,0,0,0.2932891,0.01066699,-0.9859257,107.3521
push,0,0,0,0,0,0,0,0.2279268,-0.003987304,-0.9657021,107.452
push,0,0,0,0,0,0,0,0.2395166,0.0438584,-0.9445283,107.552
push,0,0,0,0,0,0,0,0.2001816,-0.009841797,-0.9501513,107.6519
push,0,0,0,0,0,0,0,0.2099785,-0.07491113,-0.9501036,107.7518
push,0,0,0,0,0,0,0,0.1425469,0.05692187,-0.9734394,107.8518
push,0,0,0,0,0,0,0,0.223793,-0.07268457,-1.033133,107.9517
push,0,0,0,0,0,0,0,0.2085488,0.02101074,-1.00559,108.0516
push,0,0,0,0,0,0,0,0.1833252,-0.01445117,-0.9779668,108.1516
push,0,0,0,0,0,0,0,0.2589902,-0.01516211,-0.9151396,108.2515
push,0,0,0,0,0,0,0,0.333249,-0.06270117,-0.9116573,108.3514
push,0,0,0,0,0,0,0,0.2696397,-0.02363086,-1.007107,108.4514
push,0,0,0,0,0,0,0,0.2464541,-0.02341113,-0.9340527,108.5513
push,0,0,0,0,0,0,0,0.2692666,-0.01446289,-0.9435079,108.6512
push,0,0,0,0,0,0,0,0.232166,-0.006676758,-0.9404122,108.7512
push,0,0,0,0,0,0,0,0.1941953,-0.06468164,-0.924082,108.8511
push,0,0,0,0,0,0,0,0.190792,-0.05080078,-0.8738554,108.951
push,0,0,0,0,0,0,0,0.1420303,-0.07887695,-0.8760098,109.051
push,0,0,0,0,0,0,0,0.2722988,-0.09195312,-0.8980693,109.1509
push,0,0,0,0,0,0,0,0.3186514,-0.06188086,-0.95171,109.2508
push,0,0,0,0,0,0,0,0.3431445,-0.06948926,-1.003294,109.3508
push,0,0,0,0,0,0,0,0.2931944,-0.01708301,-0.9551954,109.4507
push,0,0,0,0,0,0,0,0.3107646,0.03633008,-0.9367266,109.5506
push,0,0,0,0,0,0,0,0.3302881,-0.03233398,-0.9704434,109.6506
push,0,0,0,0,0,0,0,0.3546553,0.03639453,-0.9882489,109.7505
push,0,0,0,0,0,0,0,0.38996,-0.07219922,-1.02888,109.8504
push,0,0,0,0,0,0,0,0.283625,0.0002099609,-0.9464512,109.9504
push,0,0,0,0,0,0,0,0.3855889,-0.0166875,-0.8881505,110.0503
push,0,0,0,0,0,0,0,0.3879785,-0.05855371,-0.9393388,110.1502
push,0,0,0,0,0,0,0,0.3460693,0.03396875,-0.9912969,110.2502
push,0,0,0,0,0,0,0,0.4183213,0.01594824,-1.048652,110.3501
push,0,0,0,0,0,0,0,0.4022373,0.01152832,-0.9974824,110.45
push,0,0,0,0,0,0,0,0.4075879,0.02715332,-0.993872,110.55
push,0,0,0,0,0,0,0,0.332168,0.05131543,-0.8664043,110.6499
push,0,0,0,0,0,0,0,0.3389004,0.05455664,-0.9300479,110.7498
push,0,0,0,0,0,0,0,0.2803594,0.0884541,-0.9168652,110.8498
push,0,0,0,0,0,0,0,0.3213056,-0.008628907,-0.8171631,110.9497
push,0,0,0,0,0,0,0,0.2777568,0.01619141,-0.8603467,111.0496
push,0,0,0,0,0,0,0,0.3440752,-0.09343848,-0.8972694,111.1496
push,0,0,0,0,0,0,0,0.2557168,-0.05862695,-0.8802921,111.2495
push,0,0,0,0,0,0,0,0.3120068,0.03100098,-0.9221611,111.3494
push,0,0,0,0,0,0,0,0.264501,0.08367969,-0.9262724,111.4494
push,0,0,0,0,0,0,0,0.2639131,0.08786426,-0.9089823,111.5493
push,0,0,0,0,0,0,0,0.2686582,0.04020117,-0.9177617,111.6492
push,0,0,0,0,0,0,0,0.2642783,0.01824609,-0.9373427,111.7492
push,0,0,0,0,0,0,0,0.2443389,0.06619043,-0.9531807,111.8491
push,0,0,0,0,0,0,0,0.2740352,0.0276582,-0.9778769,111.949
push,0,0,0,0,0,0,0,0.2578418,-0.005430664,-0.9671015,112.049
push,0,0,0,0,0,0,0,0.2386601,0.01807813,-0.9261465,112.1489
push,0,0,0,0,0,0,0,0.1861631,0.01360352,-0.8517754,112.2488
push,0,0,0,0,0,0,0,0.1572334,-0.02002637,-0.7987734,112.3488
push,0,0,0,0,0,0,0,0.1859375,-0.01170117,-0.8911025,112.4487
push,0,0,0,0,0,0,0,0.3103164,-0.01504492,-0.895292,112.5486
push,0,0,0,0,0,0,0,0.4146982,0.04798535,-0.9638886,112.6486
push,0,0,0,0,0,0,0,0.311583,-0.1059756,-1.007571,112.7485
push,0,0,0,0,0,0,0,0.3399883,-0.02316992,-0.973335,112.8484
push,0,0,0,0,0,0,0,0.352207,-0.02117285,-0.9720215,112.9484
push,0,0,0,0,0,0,0,0.3545596,-0.0321377,-0.9517431,113.0483
push,0,0,0,0,0,0,0,0.3824053,-0.0544043,-0.9816456,113.1482
push,0,0,0,0,0,0,0,0.318377,-0.0505625,-0.9488359,113.2482
push,0,0,0,0,0,0,0,0.3224365,0.03106836,-0.9318467,113.3481
push,0,0,0,0,0,0,0,0.3537246,0.006072266,-0.9300361,113.448
push,0,0,0,0,0,0,0,0.3682109,0.005824219,-0.9955322,113.548
push,0,0,0,0,0,0,0,0.3773096,0.009542969,-1.020133,113.6479
push,0,0,0,0,0,0,0,0.3787002,-0.01404981,-0.9591269,113.7478
push,0,0,0,0,0,0,0,0.41679,-0.08369727,-0.91296,113.8478
push,0,0,0,0,0,0,0,0.3903682,0.04150684,-0.9324707,113.9477
push,0,0,0,0,0,0,0,0.4011944,-0.08724609,-1.016076,114.0476
push,0,0,0,0,0,0,0,0.3565947,-0.01655371,-0.9638359,114.1476
push,0,0,0,0,0,0,0,0.3661425,-0.04581348,-0.9573321,114.2475
push,0,0,0,0,0,0,0,0.251458,0.0318418,-0.9017802,114.3474
push,0,0,0,0,0,0,0,0.2228496,0.02972168,-0.8654482,114.4474
push,0,0,0,0,0,0,0,0.2515283,0.01418848,-0.892545,114.5473
push,0,0,0,0,0,0,0,0.2166152,0.02404004,-0.9701905,114.6472
push,0,0,0,0,0,0,0,0.206789,0.003902344,-1.000504,114.7472
push,0,0,0,0,0,0,0,0.2458828,0.04324414,-0.8679355,114.8471
push,0,0,0,0,0,0,0,0.2794658,0.001404297,-0.9122558,114.947
push,0,0,0,0,0,0,0,0.2537578,-0.004155274,-1.037727,115.047
push,0,0,0,0,0,0,0,0.1973838,0.01768067,-0.9274942,115.1469
push,0,0,0,0,0,0,0,0.2758701,0.005166016,-0.9029951,115.2468
push,0,0,0,0,0,0,0,0.3088359,-0.009206055,-0.9220957,115.3468
push,0,0,0,0,0,0,0,0.2616152,0.001111328,-0.910918,115.4467
push,0,0,0,0,0,0,0,0.2581201,0.01694629,-0.907871,115.5466
push,0,0,0,0,0,0,0,0.2152412,-0.01079102,-0.8456836,115.6466
push,0,0,0,0,0,0,0,0.1657871,-0.01241309,-0.8538125,115.7465
push,0,0,0,0,0,0,0,0.184627,-0.05323828,-0.9059473,115.8464
push,0,0,0,0,0,0,0,0.2909775,-0.008079101,-0.9107979,115.9464
push,0,0,0,0,0,0,0,0.3107735,0.07351954,-0.9524335,116.0463
push,0,0,0,0,0,0,0,0.2738867,0.005375,-0.9376934,116.1462
push,0,0,0,0,0,0,0,0.3253388,-0.02622656,-0.97025,116.2462
push,0,0,0,0,0,0,0,0.3163779,0.008422852,-0.932829,116.3461
push,0,0,0,0,0,0,0,0.3160107,-0.07791504,-0.9532412,116.446
push,0,0,0,0,0,0,0,0.3619307,-0.01283789,-0.9553722,116.546
push,0,0,0,0,0,0,0,0.3088086,-0.01722852,-0.9734424,116.6459
push,0,0,0,0,0,0,0,0.3113008,-0.03898828,-0.9679463,116.7458
push,0,0,0,0,0,0,0,0.3876797,-0.01266309,-0.9936504,116.8458
push,0,0,0,0,0,0,0,0.3626933,0.03211914,-1.025988,116.9457
push,0,0,0,0,0,0,0,0.3850586,-0.02595801,-1.012342,117.0456
push,0,0,0,0,0,0,0,0.4206904,-0.01946973,-0.9626456,117.1456
push,0,0,0,0,0,0,0,0.3583906,-0.01595215,-0.997001,117.2455
push,0,0,0,0,0,0,0,0.3256768,0.05064551,-0.9153653,117.3454
push,0,0,0,0,0,0,0,0.2909482,0.0486582,-0.8794238,117.4454
push,0,0,0,0,0,0,0,0.3382334,-0.05497266,-0.8814893,117.5453
push,0,0,0,0,0,0,0,0.34121,0.009951171,-0.8742177,117.6452
push,0,0,0,0,0,0,0,0.2618184,0.06276953,-0.9147676,117.7456
push,0,0,0,0,0,0,0,0.2404063,-0.03646192,-0.8657823,117.8456
push,0,0,0,0,0,0,0,0.2606865,0.04665527,-0.9269248,117.9455
push,0,0,0,0,0,0,0,0.2398135,-0.004806641,-0.9519336,118.0454
push,0,0,0,0,0,0,0,0.2744375,-0.03652539,-0.9224179,118.1453
push,0,0,0,0,0,0,0,0.3102695,-0.04647754,-0.9209365,118.2453
push,0,0,0,0,0,0,0,0.2821514,-0.03590137,-0.9973125,118.3452
push,0,0,0,0,0,0,0,0.2428652,-0.01988672,-0.9081026,118.4451
push,0,0,0,0,0,0,0,0.2711016,0.03580957,-0.8822022,118.5451
push,0,0,0,0,0,0,0,0.2915742,-0.01832519,-0.9380195,118.645
push,0,0,0,0,0,0,0,0.2592158,-0.03014649,-0.9846758,118.7449
push,0,0,0,0,0,0,0,0.2204482,-0.05237207,-0.9369376,118.8449
push,0,0,0,0,0,0,0,0.251417,-0.001706055,-0.949336,118.9448
push,0,0,0,0,0,0,0,0.224666,-0.05054785,-0.9428115,119.0448
push,0,0,0,0,0,0,0,0.2131601,0.01495801,-0.8849473,119.1447
push,0,0,0,0,0,0,0,0.1522637,-0.03374219,-0.9022335,119.2446
push,0,0,0,0,0,0,0,0.3306192,-0.03047363,-0.9122207,119.3446
push,0,0,0,0,0,0,0,0.2776963,-0.02664648,-1.001429,119.4445
push,0,0,0,0,0,0,0,0.3276474,-0.08549707,-0.958043,119.5444
push,0,0,0,0,0,0,0,0.3368242,-0.02981445,-1.026325,119.6443
push,0,0,0,0,0,0,0,0.280917,0.01983398,-1.022618,119.7443
push,0,0,0,0,0,0,0,0.3443525,-0.08519141,-0.9728349,119.8442
push,0,0,0,0,0,0,0,0.3583682,-0.05472559,-0.9577275,119.9441
push,0,0,0,0,0,0,0,0.3268086,-0.08617578,-0.9461757,120.0441
push,0,0,0,0,0,0,0,0.3069375,-0.03328222,-0.8931748,120.144
push,0,0,0,0,0,0,0,0.2896484,0.05047168,-0.8966289,120.2439
push,0,0,0,0,0,0,0,0.2725937,0.004524414,-0.9039443,120.3439
push,0,0,0,0,0,0,0,0.3011426,0.06976562,-0.9632041,120.4438
push,0,0,0,0,0,0,0,0.2727295,0.1063574,-0.9729083,120.5437
push,0,0,0,0,0,0,0,0.3293779,0.07259277,-0.9232461,120.6437
push,0,0,0,0,0,0,0,0.2815898,0.1282988,-0.8850459,120.7436
push,0,0,0,0,0,0,0,0.2992461,0.1684668,-0.9657314,120.8436
push,0,0,0,0,0,0,0,0.3515156,0.03647558,-0.9846417,120.9435
push,0,0,0,0,0,0,0,0.3122168,0.02290918,-0.9461485,121.0434
push,0,0,0,0,0,0,0,0.3517187,0.003253906,-0.9207383,121.1433
push,0,0,0,0,0,0,0,0.3811865,0.002422852,-0.9987032,121.2433
push,0,0,0,0,0,0,0,0.3241221,-0.008370116,-1.048648,121.3432
push,0,0,0,0,0,0,0,0.3240244,0.009223633,-1.070049,121.4432
push,0,0,0,0,0,0,0,0.2931778,0.01458887,-1.024313,121.5431
push,0,0,0,0,0,0,0,0.3283076,-0.006486328,-1.082891,121.643
push,0,0,0,0,0,0,0,0.331375,0.004285156,-0.9535732,121.743
push,0,0,0,0,0,0,0,0.3485479,-0.06312207,-1.008814,121.8429
push,0,0,0,0,0,0,0,0.3233086,-0.01805762,-0.9127148,121.9428
push,0,0,0,0,0,0,0,0.2693194,0.06326757,-0.8416816,122.0428
push,0,0,0,0,0,0,0,0.3705283,0.01546582,-0.8849806,122.1427
push,0,0,0,0,0,0,0,0.2874375,-0.007891601,-1.020348,122.2426
push,0,0,0,0,0,0,0,0.2907588,-0.007670898,-0.9561983,122.3426
push,0,0,0,0,0,0,0,0.341582,-0.06886719,-0.922873,122.4425
push,0,0,0,0,0,0,0,0.2587266,-0.09443261,-0.8896835,122.5424
push,0,0,0,0,0,0,0,0.2151367,-0.04720313,-0.858292,122.6423
push,0,0,0,0,0,0,0,0.1699922,-0.0420664,-0.8147803,122.7423
push,0,0,0,0,0,0,0,0.3045918,-0.1150605,-0.8558994,122.8422
push,0,0,0,0,0,0,0,0.3189199,0.07240234,-0.9608681,122.9422
push,0,0,0,0,0,0,0,0.3534307,-0.0596416,-0.9926484,123.0421
push,0,0,0,0,0,0,0,0.356373,0.06003027,-1.051103,123.142
push,0,0,0,0,0,0,0,0.3375381,-0.03379297,-1.005767,123.242
push,0,0,0,0,0,0,0,0.3886485,-0.05616699,-1.05407,123.3419
push,0,0,0,0,0,0,0,0.3434795,0.01530957,-1.063086,123.4418
push,0,0,0,0,0,0,0,0.2958525,-0.04448242,-0.9851035,123.5418
push,0,0,0,0,0,0,0,0.3490576,-0.0270459,-0.9158555,123.6417
push,0,0,0,0,0,0,0,0.3477266,-0.03522363,-0.9551094,123.7416
push,0,0,0,0,0,0,0,0.3454307,-0.08180761,-0.9362735,123.8416
push,0,0,0,0,0,0,0,0.3639385,-0.05801953,-0.9104756,123.9415
push,0,0,0,0,0,0,0,0.3986338,-0.03401367,-0.9297881,124.0414
push,0,0,0,0,0,0,0,0.3628984,0.0236582,-0.9069854,124.1414
push,0,0,0,0,0,0,0,0.3352422,0.01932617,-0.8585986,124.2413
push,0,0,0,0,0,0,0,0.3258213,-0.01433594,-0.8990635,124.3412
push,0,0,0,0,0,0,0,0.3765859,-0.03359961,-0.8714678,124.4412
push,0,0,0,0,0,0,0,0.2772002,0.03410058,-0.8883408,124.5411
push,0,0,0,0,0,0,0,0.3265224,-0.02197851,-0.8375235,124.641
push,0,0,0,0,0,0,0,0.2894219,-0.00128418,-0.851667,124.741
push,0,0,0,0,0,0,0,0.3361084,-0.03482519,-0.9974336,124.8575
push,0,0,0,0,0,0,0,0.2671269,0.04539941,-0.9532959,124.9575
push,0,0,0,0,0,0,0,0.2707168,0.0544209,-0.8704619,125.0574
push,0,0,0,0,0,0,0,0.3009287,-0.04091992,-0.8351113,125.1573
push,0,0,0,0,0,0,0,0.3326113,0.006819336,-1.015704,125.2573
push,0,0,0,0,0,0,0,0.2778506,-0.07189746,-1.04369,125.3572
push,0,0,0,0,0,0,0,0.2919014,-0.03519043,-1.002437,125.4571
push,0,0,0,0,0,0,0,0.2458535,-0.05620605,-0.9881953,125.5571
push,0,0,0,0,0,0,0,0.2439023,-0.01356934,-1.004654,125.657
push,0,0,0,0,0,0,0,0.2510273,-0.02533203,-0.971458,125.7569
push,0,0,0,0,0,0,0,0.2239785,-0.02954883,-0.8623193,125.8569
push,0,0,0,0,0,0,0,0.1782422,-0.05214942,-0.8107412,125.9568
push,0,0,0,0,0,0,0,0.2362822,-0.05756933,-0.8927412,126.0567
push,0,0,0,0,0,0,0,0.4268613,-0.1126348,-0.9347227,126.1567
push,0,0,0,0,0,0,0,0.3418027,-0.00884375,-1.020402,126.2566
push,0,0,0,0,0,0,0,0.4299629,-0.144458,-0.949373,126.3565
push,0,0,0,0,0,0,0,0.4383525,-0.1243906,-0.9809062,126.4565
push,0,0,0,0,0,0,0,0.4542217,-0.1894229,-0.9830938,126.5564
push,0,0,0,0,0,0,0,0.3660654,-0.09562402,-0.9781933,126.6563
push,0,0,0,0,0,0,0,0.3302158,-0.1194082,-0.9754872,126.7563
push,0,0,0,0,0,0,0,0.2987568,-0.04551172,-0.9738945,126.8562
push,0,0,0,0,0,0,0,0.3527051,-0.112418,-0.912164,126.9561
push,0,0,0,0,0,0,0,0.3216523,-0.1058252,-0.9494863,127.0561
push,0,0,0,0,0,0,0,0.3313213,-0.06294434,-0.9354561,127.156
push,0,0,0,0,0,0,0,0.4239619,-0.1421162,-1.024058,127.2559
push,0,0,0,0,0,0,0,0.3152021,0.05224512,-1.003705,127.3559
push,0,0,0,0,0,0,0,0.38479,-0.01002344,-0.9719405,127.4558
push,0,0,0,0,0,0,0,0.3720596,-0.0451582,-0.9640918,127.5557
push,0,0,0,0,0,0,0,0.3385557,-0.1446973,-0.9875644,127.6557
push,0,0,0,0,0,0,0,0.3417725,-0.07616211,-0.9818125,127.7556
push,0,0,0,0,0,0,0,0.3266475,0.06592675,-0.9590615,127.8555
push,0,0,0,0,0,0,0,0.3109287,-0.02797168,-0.97421,127.9555
push,0,0,0,0,0,0,0,0.321707,-0.02265039,-0.9851963,128.0554
push,0,0,0,0,0,0,0,0.3375293,-0.0119082,-0.9801591,128.1553
push,0,0,0,0,0,0,0,0.3820107,-0.1184375,-0.9856007,128.2553
push,0,0,0,0,0,0,0,0.3517139,0.01554395,-1.014786,128.3552
push,0,0,0,0,0,0,0,0.3441709,0.01984863,-0.9496182,128.4551
push,0,0,0,0,0,0,0,0.3294961,-0.00546582,-0.9890811,128.5551
push,0,0,0,0,0,0,0,0.3287959,0.05232715,-1.036614,128.655
push,0,0,0,0,0,0,0,0.3401113,-0.06006933,-1.033002,128.7549
push,0,0,0,0,0,0,0,0.324251,-0.0561914,-0.9259005,128.8549
push,0,0,0,0,0,0,0,0.3457676,0.005948242,-1.01581,128.9548
push,0,0,0,0,0,0,0,0.2973594,-0.04466309,-0.9784229,129.0547
push,0,0,0,0,0,0,0,0.3455332,-0.003530273,-0.9216036,129.1547
push,0,0,0,0,0,0,0,0.3026065,-0.01795215,-0.9053252,129.2546
push,0,0,0,0,0,0,0,0.2283877,-0.06445508,-0.8800508,129.3545
push,0,0,0,0,0,0,0,0.2569824,-0.05509082,-0.9374766,129.4545
push,0,0,0,0,0,0,0,0.3066982,-0.1164111,-0.9322237,129.5544
push,0,0,0,0,0,0,0,0.3217881,0.02718457,-1.029781,129.6543
push,0,0,0,0,0,0,0,0.3693799,-0.231541,-1.092218,129.7543
push,0,0,0,0,0,0,0,0.3515029,-0.04022266,-1.055154,129.8542
push,0,0,0,0,0,0,0,0.3135742,-0.08744141,-1.133019,129.9541
push,0,0,0,0,0,0,0,0.3355576,-0.01124707,-1.055316,130.0541
push,0,0,0,0,0,0,0,0.3288564,-0.04499512,-1.041931,130.154
push,0,0,0,0,0,0,0,0.3423525,-0.02800586,-1.088782,130.2539
push,0,0,0,0,0,0,0,0.2913623,-0.01601074,-1.079952,130.3539
push,0,0,0,0,0,0,0,0.3000781,-0.002792969,-1.084568,130.4538
push,0,0,0,0,0,0,0,0.3009258,-0.06229785,-1.006069,130.5537
push,0,0,0,0,0,0,0,0.2607568,0.02347852,-0.8460292,130.6537
push,0,0,0,0,0,0,0,0.2841641,0.03656055,-0.7282685,130.7536
push,0,0,0,0,0,0,0,0.2588174,0.003389648,-0.7818096,130.8535
push,0,0,0,0,0,0,0,0.2428281,0.1070723,-0.8293447,130.9535
push,0,0,0,0,0,0,0,0.1859316,0.09305176,-0.8263506,131.0534
push,0,0,0,0,0,0,0,0.3245068,0.0436543,-0.8549306,131.1533
push,0,0,0,0,0,0,0,0.2460439,0.01892871,-0.8484756,131.2533
push,0,0,0,0,0,0,0,0.3216611,-0.0190166,-0.9376562,131.3532
push,0,0,0,0,0,0,0,0.3262266,-0.003024414,-1.026437,131.4531
push,0,0,0,0,0,0,0,0.2933574,0.0572041,-0.9905557,131.5531
push,0,0,0,0,0,0,0,0.3110977,-0.03009668,-0.8563809,131.653
push,0,0,0,0,0,0,0,0.3373594,-0.02621192,-0.8732373,131.7529
push,0,0,0,0,0,0,0,0.3625928,-0.09986719,-0.8995303,131.8529
push,0,0,0,0,0,0,0,0.3189053,-0.0485918,-0.8937071,131.9528
push,0,0,0,0,0,0,0,0.3569804,-0.08180469,-0.9303222,132.0527
push,0,0,0,0,0,0,0,0.3547392,-0.02177734,-0.8865284,132.1527
push,0,0,0,0,0,0,0,0.3625254,-0.09913573,-0.8866866,132.2526
push,0,0,0,0,0,0,0,0.3947656,-0.102291,-0.8784364,132.3525
push,0,0,0,0,0,0,0,0.313249,0.01079492,-0.9420879,132.4525
push,0,0,0,0,0,0,0,0.2614482,-0.06783593,-0.9092353,132.5524
push,0,0,0,0,0,0,0,0.3468291,0.02891601,-1.060337,132.6523
push,0,0,0,0,0,0,0,0.2195615,-0.07563574,-1.027739,132.7523
push,0,0,0,0,0,0,0,0.3119434,-0.0308291,-0.9947851,132.8522
push,0,0,0,0,0,0,0,0.2815205,-0.03029102,-0.9682529,132.9521
push,0,0,0,0,0,0,0,0.2941699,-0.09394727,-1.05926,133.0521
push,0,0,0,0,0,0,0,0.2702695,-0.08342871,-0.9263135,133.152
push,0,0,0,0,0,0,0,0.3427607,-0.1364629,-0.8929365,133.252
push,0,0,0,0,0,0,0,0.3746777,-0.1153506,-0.9176288,133.3519
push,0,0,0,0,0,0,0,0.3277012,0.07804395,-0.9202989,133.4518
push,0,0,0,0,0,0,0,0.3881982,-0.09308398,-0.7721846,133.5517
push,0,0,0,0,0,0,0,0.4512784,-0.05767383,-0.7133467,133.6517
push,0,0,0,0,0,0,0,0.3934707,-0.2000977,-0.7019355,133.7516
push,0,0,0,0,0,0,0,0.4119316,-0.08758398,-0.8788682,133.8515
push,0,0,0,0,0,0,0,0.6457754,-0.4104238,-2.446553,133.9515
push,0,0,0,0,0,0,0,0.0051875,0.2372588,-0.8239492,134.0514
push,0,0,0,0,0,0,0,0.9144815,-0.5507754,-0.6841748,134.1513
push,0,0,0,0,0,0,0,-0.181748,0.02604102,-0.9675235,134.2513
push,0,0,0,0,0,0,0,0.1106074,-0.2141572,-0.9583457,134.3512
push,0,0,0,0,0,0,0,0.1046963,-0.2421269,-0.9750186,134.4511
push,0,0,0,0,0,0,0,0.18054,-0.2054502,-1.03578,134.5511
push,0,0,0,0,0,0,0,0.1620703,-0.1776162,-0.9321182,134.651
push,0,0,0,0,0,0,0,0.1691816,-0.121375,-0.9377734,134.7509
push,0,0,0,0,0,0,0,-0.05269043,-0.1818565,-0.8456544,134.8509
push,0,0,0,0,0,0,0,0.2028086,0.3411689,-1.132411,134.9504
push,0,0,0,0,0,0,0,-0.0622539,0.1071855,-0.9519814,135.0502
push,0,0,0,0,0,0,0,-0.1066904,0.1566504,-1.00456,135.1501
push,0,0,0,0,0,0,0,-0.1349863,0.06442285,-0.9485351,135.25
push,0,0,0,0,0,0,0,-0.03865332,0.0772373,-0.9545029,135.3499
push,0,0,0,0,0,0,0,-0.4788985,0.2913183,-1.022143,135.4498
push,0,0,0,0,0,0,0,-0.2508301,0.1664658,-0.9934044,135.5497
push,0,0,0,0,0,0,0,-0.809252,0.5307637,-1.072954,135.6496
push,0,0,0,0,0,0,0,-0.290585,0.07418848,-0.7263955,135.7495
push,0,0,0,0,0,0,0,-0.333668,0.02458203,-0.7869189,135.8494
push,0,0,0,0,0,0,0,-0.5306631,-0.06305371,-0.2551348,135.9493
push,0,0,0,0,0,0,0,-0.612542,-0.2627656,-0.8215029,136.0496
push,0,0,0,0,0,0,0,-0.4727666,-0.3686396,-0.8360703,136.1496
push,0,0,0,0,0,0,0,-0.9207568,-0.232374,-1.290303,136.2495
push,0,0,0,0,0,0,0,-1.093216,-0.130748,-1.049867,136.3494
push,0,0,0,0,0,0,0,-0.7416309,-0.1231768,-1.053761,136.4494
push,0,0,0,0,0,0,0,-0.3068935,-0.2136484,-1.054167,136.5493
push,0,0,0,0,0,0,0,-0.3665723,-0.5306923,-0.6004306,136.6492
push,0,0,0,0,0,0,0,-0.1369668,-0.2536758,-0.6768222,136.7492
push,0,0,0,0,0,0,0,0.06477929,-0.1688516,-1.488785,136.8491
push,0,0,0,0,0,0,0,-0.6349355,-0.03836621,-1.060451,136.9491
push,0,0,0,0,0,0,0,-0.1833037,-0.1906943,-1.07527,137.049
push,0,0,0,0,0,0,0,-0.2452471,-0.2295351,-0.8488926,137.149
push,0,0,0,0,0,0,0,-0.3207353,-0.2447539,-0.6857295,137.2489
push,0,0,0,0,0,0,0,0.01971484,-0.1226045,-1.068491,44.55179
push,0,0,0,0,0,0,0,-0.0009277344,-0.1292695,-1.024321,44.65173
push,0,0,0,0,0,0,0,-0.004545898,-0.1739531,-1.035879,44.75166
push,0,0,0,0,0,0,0,0.09765918,-0.02899316,-0.9713495,44.8516
push,0,0,0,0,0,0,0,0.1168144,-0.0771455,-0.9379111,44.95153
push,0,0,0,0,0,0,0,0.07517871,-0.1261191,-0.9513721,45.05147
push,0,0,0,0,0,0,0,-0.02976367,0.003274414,-0.9461054,45.15141
push,0,0,0,0,0,0,0,-0.0007529297,-0.1275166,-1.033634,45.25134
push,0,0,0,0,0,0,0,-0.07521289,-0.002140625,-0.9022842,45.35128
push,0,0,0,0,0,0,0,-0.01587695,-0.1205684,-0.9802168,45.45121
push,0,0,0,0,0,0,0,-0.02180371,-0.1150693,-0.9686279,45.55115
push,0,0,0,0,0,0,0,-0.02329102,-0.09309766,-0.9172353,45.65108
push,0,0,0,0,0,0,0,-0.05183594,-0.04866504,-0.9866553,45.75102
push,0,0,0,0,0,0,0,0.003387695,-0.08398926,-1.002617,45.85096
push,0,0,0,0,0,0,0,-0.03522265,-0.1570713,-0.9841641,45.95089
push,0,0,0,0,0,0,0,-0.06435742,-0.06088573,-1.014511,46.05083
push,0,0,0,0,0,0,0,-0.05246875,-0.1122236,-0.9115849,46.15076
push,0,0,0,0,0,0,0,-0.1054961,-0.06390527,-0.9099824,46.25069
push,0,0,0,0,0,0,0,-0.08922169,-0.05674512,-0.8565127,46.35063
push,0,0,0,0,0,0,0,0.05007324,-0.170917,-0.9498711,46.45057
push,0,0,0,0,0,0,0,-0.02708594,-0.03280957,-1.045604,46.5505
push,0,0,0,0,0,0,0,-0.02995606,-0.09169532,-0.9972022,46.65044
push,0,0,0,0,0,0,0,0.02358984,-0.06132617,-1.043882,46.75037
push,0,0,0,0,0,0,0,-0.01744336,-0.05675782,-1.016769,46.85031
push,0,0,0,0,0,0,0,-0.02354297,-0.05928222,-0.9175507,46.95024
push,0,0,0,0,0,0,0,0.01796387,-0.07011719,-0.8848418,47.05017
push,0,0,0,0,0,0,0,0.02250976,-0.0895625,-1.012161,47.15011
push,0,0,0,0,0,0,0,0.0009765625,-0.09981934,-0.9842119,47.24958
push,0,0,0,0,0,0,0,0.04323047,-0.1306484,-0.9623837,47.34951
push,0,0,0,0,0,0,0,0.02055957,-0.08012403,-1.038248,47.44943
push,0,0,0,0,0,0,0,0.01804394,-0.0895879,-1.097114,47.54935
push,0,0,0,0,0,0,0,0.03848535,-0.1147236,-1.104775,47.64928
push,0,0,0,0,0,0,0,0.04124707,-0.1378144,-1.07705,47.74921
push,0,0,0,0,0,0,0,0.02860547,-0.08018652,-1.041792,47.84913
push,0,0,0,0,0,0,0,0.02994726,-0.1087236,-0.9828858,47.94905
push,0,0,0,0,0,0,0,0.03509765,-0.08709668,-0.9720039,48.04898
push,0,0,0,0,0,0,0,0.06115918,-0.09626172,-1.000622,48.1489
push,0,0,0,0,0,0,0,0.04270703,-0.1223281,-1.02258,48.24883
push,0,0,0,0,0,0,0,-0.03230078,-0.0459707,-0.9372403,48.34876
push,0,0,0,0,0,0,0,-0.001246094,-0.06673242,-0.9251172,48.44868
push,0,0,0,0,0,0,0,-0.005296875,-0.06865234,-1.019034,48.5486
push,0,0,0,0,0,0,0,-0.007482422,-0.1359619,-0.9829571,48.64853
push,0,0,0,0,0,0,0,-0.06238477,0.01811719,-0.9112899,48.74846
push,0,0,0,0,0,0,0,-0.06110742,-0.04011035,-0.9464219,48.84838
push,0,0,0,0,0,0,0,-0.005926758,-0.1325713,-0.9950781,48.9483
push,0,0,0,0,0,0,0,-0.02262793,-0.1650762,-0.8988291,49.04823
push,0,0,0,0,0,0,0,0.05231152,-0.1348662,-0.9009462,49.14814
push,0,0,0,0,0,0,0,0.00305957,-0.09640136,-0.919876,49.24807
push,0,0,0,0,0,0,0,-0.05029199,-0.07039648,-0.9959716,49.34799
push,0,0,0,0,0,0,0,-0.01304297,-0.06036621,-0.9546084,49.44793
push,0,0,0,0,0,0,0,-0.03245703,-0.05554101,-0.9685498,49.54785
push,0,0,0,0,0,0,0,-0.05083985,-0.1030342,-0.9329463,49.64777
push,0,0,0,0,0,0,0,-0.1231856,-0.05930664,-0.8701143,49.7477
push,0,0,0,0,0,0,0,-0.07165429,-0.06299414,-0.9282226,49.84762
push,0,0,0,0,0,0,0,0.03468848,-0.1873994,-1.025897,49.94755
push,0,0,0,0,0,0,0,0.01321387,-0.0993125,-1.103852,50.04747
push,0,0,0,0,0,0,0,-0.03653027,-0.1232324,-1.042886,50.1474
push,0,0,0,0,0,0,0,-0.01969922,-0.08579688,-0.9706445,50.24732
push,0,0,0,0,0,0,0,-0.006681641,-0.08389843,-1.024537,50.34725
push,0,0,0,0,0,0,0,0.06611523,-0.177957,-1.081059,50.44717
push,0,0,0,0,0,0,0,0.05733692,-0.0632871,-1.034968,50.5471
push,0,0,0,0,0,0,0,0.02157324,-0.1430381,-0.9950068,50.64702
push,0,0,0,0,0,0,0,0.006583985,-0.117291,-1.038436,50.74695
push,0,0,0,0,0,0,0,0.02222168,-0.1073223,-1.042705,50.84687
push,0,0,0,0,0,0,0,0.0317998,-0.09769629,-1.033316,50.9468
push,0,0,0,0,0,0,0,0.02693653,-0.09825195,-1.043258,51.04672
push,0,0,0,0,0,0,0,0.04933691,-0.1040566,-1.091606,51.14664
push,0,0,0,0,0,0,0,0.05304785,-0.1049053,-1.094156,51.24657
push,0,0,0,0,0,0,0,0.03479785,-0.03983106,-1.023208,51.3465
push,0,0,0,0,0,0,0,0.05795898,-0.04666797,-1.040361,51.44642
push,0,0,0,0,0,0,0,0.0449873,-0.08228321,-1.017084,51.54635
push,0,0,0,0,0,0,0,0.03674512,-0.0204668,-1.035037,51.64627
push,0,0,0,0,0,0,0,0.08921875,-0.08566699,-1.07,51.7465
push,0,0,0,0,0,0,0,0.07078809,-0.1773008,-1.005355,51.84647
push,0,0,0,0,0,0,0,-0.003303711,-0.02521582,-0.9258301,51.94641
push,0,0,0,0,0,0,0,0.008446289,-0.08230664,-0.9535235,52.04635
push,0,0,0,0,0,0,0,0.00846875,-0.1427236,-1.01228,52.14629
push,0,0,0,0,0,0,0,-0.04466992,-0.01709375,-0.9685098,52.24622
push,0,0,0,0,0,0,0,-0.05612988,-0.007523437,-1.003832,52.34615
push,0,0,0,0,0,0,0,-0.04678906,-0.02465625,-1.038065,52.44609
push,0,0,0,0,0,0,0,-0.08930566,-0.00902246,-1.006054,52.54602
push,0,0,0,0,0,0,0,-0.1049619,0.005185547,-0.9301377,52.64596
push,0,0,0,0,0,0,0,-0.002870117,-0.07036133,-0.926289,52.7459
push,0,0,0,0,0,0,0,-0.02869922,-0.08405664,-0.9538868,52.84583
push,0,0,0,0,0,0,0,0.04509277,-0.1553311,-1.065395,52.94577
push,0,0,0,0,0,0,0,-0.01228613,-0.1125293,-1.076357,53.0457
push,0,0,0,0,0,0,0,-0.07794727,-0.06997851,-0.9559678,53.14564
push,0,0,0,0,0,0,0,-0.02931543,-0.07514258,-0.9519922,53.24558
push,0,0,0,0,0,0,0,-0.01350879,-0.07421778,-0.9602988,53.34552
push,0,0,0,0,0,0,0,-0.02162598,-0.08539746,-0.9419228,53.44546
push,0,0,0,0,0,0,0,-0.092833,-0.0848418,-0.8417813,53.54539
push,0,0,0,0,0,0,0,-0.09953613,-0.04456543,-0.8754463,53.64532
push,0,0,0,0,0,0,0,-0.03507031,-0.1153076,-0.9184092,53.74526
push,0,0,0,0,0,0,0,-0.005640625,-0.05906152,-0.9730196,53.8452
push,0,0,0,0,0,0,0,-0.04776856,-0.2146191,-0.9691631,53.94514
push,0,0,0,0,0,0,0,-0.0259082,-0.08230859,-1.115663,54.04508
push,0,0,0,0,0,0,0,0.03263184,-0.153915,-1.117362,54.14502
push,0,0,0,0,0,0,0,-0.01571191,-0.1106992,-1.111162,54.24495
push,0,0,0,0,0,0,0,-0.03518067,-0.06406739,-1.036741,54.34489
push,0,0,0,0,0,0,0,-0.01432813,-0.1025566,-0.9875321,54.44483
push,0,0,0,0,0,0,0,0.007429687,-0.1085469,-0.9634483,54.54477
push,0,0,0,0,0,0,0,-0.01034961,-0.08316797,-0.9865527,54.6447
push,0,0,0,0,0,0,0,0.005092773,-0.1221816,-0.9785469,54.74464
push,0,0,0,0,0,0,0,0.007773438,-0.1214746,-0.9557344,54.84457
push,0,0,0,0,0,0,0,0.02713672,-0.1356748,-1.011253,54.94451
push,0,0,0,0,0,0,0,0.02654297,-0.08634569,-1.061014,55.04445
push,0,0,0,0,0,0,0,0.02697266,-0.104626,-1.094769,55.14439
push,0,0,0,0,0,0,0,0.01025684,-0.02632226,-1.085514,55.24433
push,0,0,0,0,0,0,0,0.02851563,-0.06552051,-1.06252,55.34426
push,0,0,0,0,0,0,0,0.02544824,-0.01640039,-1.117369,55.4442
push,0,0,0,0,0,0,0,0.05230664,-0.06495215,-1.026733,55.54414
push,0,0,0,0,0,0,0,0.0904209,-0.2462959,-1.138906,55.64908
push,0,0,0,0,0,0,0,0.02329297,-0.08891406,-1.042738,55.74902
push,0,0,0,0,0,0,0,0.03406543,-0.1149766,-1.014586,55.84895
push,0,0,0,0,0,0,0,0.06491308,-0.1149941,-1.046486,55.94888
push,0,0,0,0,0,0,0,0.04331543,-0.1068926,-0.9954726,56.04881
push,0,0,0,0,0,0,0,0.06791797,-0.1549639,-0.9834355,56.14875
push,0,0,0,0,0,0,0,-0.03270703,-0.01394434,-0.9880664,56.24868
push,0,0,0,0,0,0,0,-0.01433398,-0.0400957,-0.9944013,56.34362
push,0,0,0,0,0,0,0,0.07264258,-0.1284414,-1.095732,56.44355
push,0,0,0,0,0,0,0,0.01865527,-0.09992871,-0.9664491,56.54349
push,0,0,0,0,0,0,0,-0.01786231,-0.03731152,-0.8644239,56.64342
push,0,0,0,0,0,0,0,-0.03391602,-0.005563477,-1.01304,56.74336
push,0,0,0,0,0,0,0,0.0241543,-0.07991797,-0.9857558,56.8433
push,0,0,0,0,0,0,0,0.04569434,-0.03534766,-1.010632,56.94324
push,0,0,0,0,0,0,0,0.0351123,-0.08598925,-1.031931,57.04318
push,0,0,0,0,0,0,0,0.06052441,-0.1386123,-0.9607822,57.14312
push,0,0,0,0,0,0,0,0.005179687,-0.05680371,-1.126813,57.24305
push,0,0,0,0,0,0,0,-0.06967382,-0.09759668,-0.9853965,57.34299
push,0,0,0,0,0,0,0,0.003610352,-0.0466709,-0.9642372,57.44292
push,0,0,0,0,0,0,0,0.05109082,-0.1077588,-0.9387012,57.54285
push,0,0,0,0,0,0,0,0.05287891,-0.08397656,-1.003855,57.64279
push,0,0,0,0,0,0,0,-0.008778321,-0.05559473,-1.032693,57.74273
push,0,0,0,0,0,0,0,-0.007424804,-0.06406347,-1.033132,57.84267
push,0,0,0,0,0,0,0,-0.00187207,-0.1007959,-1.006848,57.9426
push,0,0,0,0,0,0,0,0.002275391,-0.06363965,-1.058088,58.04254
push,0,0,0,0,0,0,0,-0.02310742,-0.08864355,-1.030558,58.14248
