push,0,0,0,0,0,0,0,-0.07493261,0.2541455,-1.179993,9.218194
push,0,0,0,0,0,0,0,-0.009573242,0.407416,-1.436498,9.318118
push,0,0,0,0,0,0,0,-0.08173535,0.2669355,-1.360204,9.418051
push,0,0,0,0,0,0,0,0.1236084,0.2580898,-1.145589,9.517981
push,0,0,0,0,0,0,0,0.08667676,0.02663965,-0.9579052,9.617912
push,0,0,0,0,0,0,0,-0.07090625,-0.1446807,-0.7752744,9.717845
push,0,0,0,0,0,0,0,-0.002720703,-0.2378056,-0.5143301,9.817776
push,0,0,0,0,0,0,0,0.001182617,-0.2460166,-0.61533,9.917706
push,0,0,0,0,0,0,0,0.1478867,-0.06989844,-0.8432792,10.01764
push,0,0,0,0,0,0,0,0.01224023,0.08766894,-1.003445,10.11757
push,0,0,0,0,0,0,0,-0.05760645,0.1758584,-1.056744,10.2175
push,0,0,0,0,0,0,0,-0.0338584,0.2851397,-1.167788,10.31738
push,0,0,0,0,0,0,0,0.009036133,0.4932763,-1.506327,10.41736
push,0,0,0,0,0,0,0,0.06728809,0.4114023,-1.358643,10.51729
push,0,0,0,0,0,0,0,0.0469873,0.208251,-1.10577,10.61722
push,0,0,0,0,0,0,0,0.06637891,0.04444922,-0.8122548,10.71716
push,0,0,0,0,0,0,0,0.08551465,-0.1359004,-0.6201875,10.81709
push,0,0,0,0,0,0,0,0.06082422,-0.2463848,-0.4408389,10.91702
push,0,0,0,0,0,0,0,0.02510156,-0.2153877,-0.5003047,11.01695
push,0,0,0,0,0,0,0,-0.06823633,0.04798145,-0.8219355,11.12853
push,0,0,0,0,0,0,0,0.1307168,0.1996201,-1.16381,11.22847
push,0,0,0,0,0,0,0,-0.06261426,0.2492187,-1.116108,11.3284
push,0,0,0,0,0,0,0,-0.04492285,0.4467725,-1.453502,11.42833
push,0,0,0,0,0,0,0,0.03141406,0.3743779,-1.33691,11.52826
push,0,0,0,0,0,0,0,0.06446094,0.2921045,-1.135299,11.62819
push,0,0,0,0,0,0,0,0.08017285,0.01068848,-0.8825625,11.72812
push,0,0,0,0,0,0,0,0.05667969,-0.1156728,-0.591041,11.82805
push,0,0,0,0,0,0,0,-0.001624023,-0.2790469,-0.4753067,11.92799
push,0,0,0,0,0,0,0,0.01553418,-0.1382324,-0.5750459,12.02792
push,0,0,0,0,0,0,0,-0.05067383,0.08253516,-0.9487197,12.12784
push,0,0,0,0,0,0,0,0.04443848,0.1840342,-1.170756,12.22777
push,0,0,0,0,0,0,0,0.2055566,0.2648115,-1.042493,12.32771
push,0,0,0,0,0,0,0,-0.05612109,0.4056631,-1.385838,12.42764
push,0,0,0,0,0,0,0,0.1073232,0.4245723,-1.412638,12.52756
push,0,0,0,0,0,0,0,0.06929687,0.3117119,-1.233082,12.62749
push,0,0,0,0,0,0,0,0.02326562,0.1012559,-0.9657528,12.72743
push,0,0,0,0,0,0,0,0.03908594,-0.05719824,-0.6683203,12.82736
push,0,0,0,0,0,0,0,-0.006676758,-0.2183135,-0.5472441,12.92725
push,0,0,0,0,0,0,0,0.05463184,-0.216751,-0.5464776,13.02721
push,0,0,0,0,0,0,0,-0.05018653,-0.002475586,-0.8291064,13.12714
push,0,0,0,0,0,0,0,0.1273174,0.1627529,-1.085439,13.22707
push,0,0,0,0,0,0,0,0.01422461,0.237542,-1.032319,13.327
push,0,0,0,0,0,0,0,0.11779,0.3631319,-1.302528,13.42693
push,0,0,0,0,0,0,0,0.01866309,0.5240039,-1.449532,13.52687
push,0,0,0,0,0,0,0,0.06246875,0.3951123,-1.298301,13.6268
push,0,0,0,0,0,0,0,0.03187012,0.1995879,-1.011511,13.72674
push,0,0,0,0,0,0,0,0.04152929,-0.04871094,-0.7569062,13.82667
push,0,0,0,0,0,0,0,0.08134765,-0.142541,-0.5401269,13.9266
push,0,0,0,0,0,0,0,0.0987334,-0.2138779,-0.5585781,14.02653
push,0,0,0,0,0,0,0,0.05737012,-0.04052539,-0.7159873,14.12646
push,0,0,0,0,0,0,0,0.1063867,0.138665,-0.9380097,14.2264
push,0,0,0,0,0,0,0,-0.06972168,0.2078906,-1.014014,14.32633
push,0,0,0,0,0,0,0,0.0360957,0.3679707,-1.264587,14.42626
push,0,0,0,0,0,0,0,0.01471387,0.510001,-1.447308,14.52619
push,0,0,0,0,0,0,0,0.08795214,0.4251983,-1.312449,14.62612
push,0,0,0,0,0,0,0,0.08741211,0.2409717,-1.078826,14.72605
push,0,0,0,0,0,0,0,0.08671094,0.01475488,-0.7783281,14.82598
push,0,0,0,0,0,0,0,0.09441895,-0.1535518,-0.6086709,14.92591
push,0,0,0,0,0,0,0,0.04501953,-0.2546172,-0.5283213,15.02585
push,0,0,0,0,0,0,0,0.03464258,-0.05727246,-0.667334,15.12578
push,0,0,0,0,0,0,0,0.08077441,0.08874024,-0.9214804,15.22571
push,0,0,0,0,0,0,0,0.01547754,0.2057246,-1.114103,15.32563
push,0,0,0,0,0,0,0,0.09020801,0.3350039,-1.232335,15.42957
push,0,0,0,0,0,0,0,0.02163769,0.448496,-1.423396,15.5295
push,0,0,0,0,0,0,0,0.05538086,0.4071817,-1.363949,15.62943
push,0,0,0,0,0,0,0,0.082458,0.2547129,-1.187798,15.72937
push,0,0,0,0,0,0,0,0.04694531,0.06190039,-0.8679706,15.8293
push,0,0,0,0,0,0,0,-0.02524805,-0.1123897,-0.6271133,15.92923
push,0,0,0,0,0,0,0,0.01440137,-0.1918896,-0.5379033,16.02916
push,0,0,0,0,0,0,0,0.05384082,-0.05843262,-0.6548623,16.12909
push,0,0,0,0,0,0,0,-0.1740488,0.04429785,-0.8795312,16.22903
push,0,0,0,0,0,0,0,0.02150488,0.2081026,-1.188262,16.32896
push,0,0,0,0,0,0,0,0.005091797,0.3547275,-1.32138,16.42889
push,0,0,0,0,0,0,0,0.09229296,0.5192002,-1.512767,16.52882
push,0,0,0,0,0,0,0,0.04913672,0.3752393,-1.322982,16.62875
push,0,0,0,0,0,0,0,-0.01305273,0.2618193,-1.030477,16.72868
push,0,0,0,0,0,0,0,0.06033789,0.05498046,-0.8209853,16.8286
push,0,0,0,0,0,0,0,0.0275791,-0.1507568,-0.6136094,16.92853
push,0,0,0,0,0,0,0,0.05781738,-0.2287187,-0.5252207,17.02847
push,0,0,0,0,0,0,0,0.005295898,-0.07022851,-0.7213516,17.1284
push,0,0,0,0,0,0,0,-0.01240625,0.1837197,-1.029212,17.22833
push,0,0,0,0,0,0,0,-0.1763477,0.3149629,-1.111889,17.32826
push,0,0,0,0,0,0,0,0.181832,0.350499,-1.363391,17.42819
push,0,0,0,0,0,0,0,-0.01085449,0.486709,-1.4748,17.52812
push,0,0,0,0,0,0,0,0.04452148,0.3662871,-1.246907,17.62806
push,0,0,0,0,0,0,0,0.06674414,0.1818066,-0.9913369,17.72799
push,0,0,0,0,0,0,0,-0.006659179,-0.03264844,-0.7354434,17.82792
push,0,0,0,0,0,0,0,0.03758105,-0.1923105,-0.5619814,17.92785
push,0,0,0,0,0,0,0,0.01841602,-0.187999,-0.4895605,18.02778
push,0,0,0,0,0,0,0,0.04114453,0.009050781,-0.7370791,18.12772
push,0,0,0,0,0,0,0,0.1638154,0.181166,-1.031159,18.22764
push,0,0,0,0,0,0,0,-0.01005469,0.264542,-1.105513,18.32757
push,0,0,0,0,0,0,0,-0.001498047,0.4869726,-1.391995,18.42751
push,0,0,0,0,0,0,0,0.1302559,0.4215674,-1.446271,18.52744
push,0,0,0,0,0,0,0,0.06429102,0.3094434,-1.18523,18.62737
push,0,0,0,0,0,0,0,0.04158008,0.114793,-0.9298565,18.7273
push,0,0,0,0,0,0,0,-0.0004228515,-0.04546484,-0.7135097,18.82723
push,0,0,0,0,0,0,0,0.07416796,-0.207623,-0.5500596,18.92716
push,0,0,0,0,0,0,0,0.03304004,-0.1801143,-0.5064482,19.02709
push,0,0,0,0,0,0,0,0.1380459,0.04107715,-0.7475654,19.12703
push,0,0,0,0,0,0,0,0.1261084,0.2316201,-1.065352,19.22696
push,0,0,0,0,0,0,0,-0.1306982,0.3262178,-1.352123,19.32689
push,0,0,0,0,0,0,0,0.07203516,0.5762627,-1.568295,19.42682
push,0,0,0,0,0,0,0,0.08746289,0.4287148,-1.344311,19.52675
push,0,0,0,0,0,0,0,0.05594629,0.2214707,-0.9825674,19.62669
push,0,0,0,0,0,0,0,0.06877637,-0.02704199,-0.7161289,19.72662
push,0,0,0,0,0,0,0,0.1126387,-0.1354805,-0.5414092,19.82655
push,0,0,0,0,0,0,0,0.09890039,-0.1989394,-0.5169023,19.92648
push,0,0,0,0,0,0,0,-0.01097363,0.01543457,-0.8296016,20.02638
push,0,0,0,0,0,0,0,0.03773047,0.1503789,-1.168775,20.12634
push,0,0,0,0,0,0,0,0.0458291,0.3295508,-1.130816,20.22628
push,0,0,0,0,0,0,0,0.02432813,0.5564424,-1.400072,20.32621
push,0,0,0,0,0,0,0,0.1268877,0.3866924,-1.367246,20.42714
push,0,0,0,0,0,0,0,0.1104316,0.3299004,-1.226316,20.52207
push,0,0,0,0,0,0,0,0.06446972,0.0611084,-0.8613672,20.622
push,0,0,0,0,0,0,0,0.1304805,-0.1095625,-0.5503896,20.72193
push,0,0,0,0,0,0,0,0.03937793,-0.1957686,-0.5330859,20.82186
push,0,0,0,0,0,0,0,-0.0006269531,-0.198623,-0.5686924,20.92179
push,0,0,0,0,0,0,0,-0.06392968,0.1172988,-0.9289824,21.02172
push,0,0,0,0,0,0,0,0.1107842,0.3281113,-1.190179,21.12165
push,0,0,0,0,0,0,0,0.02661816,0.3921758,-1.432228,21.22159
push,0,0,0,0,0,0,0,0.08291797,0.4561552,-1.492725,21.32152
push,0,0,0,0,0,0,0,0.04004785,0.429542,-1.317612,21.42145
push,0,0,0,0,0,0,0,0.02716797,0.2648955,-1.006921,21.52138
push,0,0,0,0,0,0,0,-0.01747461,-0.01568457,-0.6928282,21.62131
push,0,0,0,0,0,0,0,0.05813867,-0.1536748,-0.534999,21.72124
push,0,0,0,0,0,0,0,0.08824024,-0.2155527,-0.4911836,21.82118
push,0,0,0,0,0,0,0,0.05505176,-0.07208692,-0.7282735,21.92111
push,0,0,0,0,0,0,0,0.3321924,0.1509541,-1.004084,22.02104
push,0,0,0,0,0,0,0,-0.05792578,0.2977334,-1.123755,22.12097
push,0,0,0,0,0,0,0,0.08681934,0.442832,-1.420092,22.2209
push,0,0,0,0,0,0,0,0.07577538,0.4375352,-1.463978,22.32083
push,0,0,0,0,0,0,0,0.1112549,0.3866699,-1.263968,22.42076
push,0,0,0,0,0,0,0,0.03343555,0.08963965,-0.9448916,22.52069
push,0,0,0,0,0,0,0,0.01908203,-0.06618555,-0.6272588,22.62062
push,0,0,0,0,0,0,0,0.0674834,-0.1661689,-0.476832,22.72055
push,0,0,0,0,0,0,0,0.1330312,-0.1763457,-0.5694228,22.82049
push,0,0,0,0,0,0,0,0.08312793,0.06507128,-0.8006026,22.92042
push,0,0,0,0,0,0,0,0.2153223,0.1751572,-1.098447,23.02065
push,0,0,0,0,0,0,0,-0.1272187,0.4302842,-1.204269,23.12057
push,0,0,0,0,0,0,0,0.1393711,0.5226426,-1.524558,23.22047
push,0,0,0,0,0,0,0,0.07274023,0.3528057,-1.356612,23.32038
push,0,0,0,0,0,0,0,0.06369531,0.2738828,-1.059287,23.42029
push,0,0,0,0,0,0,0,0.01915527,0.03489844,-0.8734453,23.5202
push,0,0,0,0,0,0,0,0.03782422,-0.1859639,-0.5856191,23.62011
push,0,0,0,0,0,0,0,-0.04379297,-0.1556777,-0.4485596,23.72001
push,0,0,0,0,0,0,0,0.03048047,-0.08409766,-0.6452149,23.81993
push,0,0,0,0,0,0,0,0.08470313,0.1970176,-1.208635,23.91984
push,0,0,0,0,0,0,0,0.2157256,0.2907187,-1.259013,24.01974
push,0,0,0,0,0,0,0,0.08535547,0.45929,-1.460933,24.11965
push,0,0,0,0,0,0,0,0.04939941,0.4194268,-1.408289,24.21956
push,0,0,0,0,0,0,0,0.06123926,0.3629873,-1.216628,24.31947
push,0,0,0,0,0,0,0,-0.006714844,0.1446953,-0.8820928,24.41937
push,0,0,0,0,0,0,0,0.01968359,-0.07831543,-0.623833,24.51928
push,0,0,0,0,0,0,0,0.1106289,-0.168416,-0.4970225,24.61919
push,0,0,0,0,0,0,0,0.1611133,-0.1976143,-0.5784678,24.71946
push,0,0,0,0,0,0,0,-0.02709473,0.03963867,-0.7561191,24.81938
push,0,0,0,0,0,0,0,0.219293,0.230043,-1.122014,24.91928
push,0,0,0,0,0,0,0,-0.04681055,0.367833,-1.200093,25.01916
push,0,0,0,0,0,0,0,0.1828672,0.5044941,-1.519501,25.11905
push,0,0,0,0,0,0,0,0.2059326,0.373336,-1.349777,25.21894
push,0,0,0,0,0,0,0,0.1241914,0.1911611,-1.05311,25.31883
push,0,0,0,0,0,0,0,0.03036914,0.002724609,-0.7584141,25.42273
push,0,0,0,0,0,0,0,0.003232422,-0.1420244,-0.5174756,25.52262
push,0,0,0,0,0,0,0,0.0231709,-0.2227715,-0.463627,25.62251
push,0,0,0,0,0,0,0,-0.02471484,-0.05875293,-0.6881513,25.72281
push,0,0,0,0,0,0,0,0.004556641,0.1787392,-1.079533,25.8227
push,0,0,0,0,0,0,0,0.1060752,0.2974238,-1.302858,25.92259
push,0,0,0,0,0,0,0,0.2283887,0.4917451,-1.49702,26.0225
push,0,0,0,0,0,0,0,-0.003432617,0.40929,-1.344597,26.12239
push,0,0,0,0,0,0,0,0.04937695,0.3485156,-1.112895,26.22229
push,0,0,0,0,0,0,0,-0.03366016,0.01270898,-0.8282012,26.3222
push,0,0,0,0,0,0,0,-0.00343457,-0.1770625,-0.5931093,26.42209
push,0,0,0,0,0,0,0,-0.01393945,-0.1769502,-0.4426826,26.522
push,0,0,0,0,0,0,0,-0.02665234,-0.08249219,-0.655499,26.62189
push,0,0,0,0,0,0,0,0.03691797,0.1124434,-0.9907187,26.7218
push,0,0,0,0,0,0,0,0.06663867,0.2652275,-1.227477,26.82169
push,0,0,0,0,0,0,0,0.02480957,0.4604795,-1.417227,26.9216
push,0,0,0,0,0,0,0,0.05550098,0.401793,-1.41299,27.02192
push,0,0,0,0,0,0,0,0.02760058,0.3408301,-1.200125,27.12185
push,0,0,0,0,0,0,0,-0.002961914,0.1190996,-0.9251055,27.22179
push,0,0,0,0,0,0,0,0.001702149,-0.0343916,-0.6616446,27.32172
push,0,0,0,0,0,0,0,0.1179863,-0.2273564,-0.512583,27.42167
push,0,0,0,0,0,0,0,0.07769433,-0.197166,-0.5503759,27.52161
push,0,0,0,0,0,0,0,-0.03053028,0.04093457,-0.8706612,27.62155
push,0,0,0,0,0,0,0,-0.1062666,0.2913232,-1.072849,27.72149
push,0,0,0,0,0,0,0,0.080667,0.3426182,-1.36927,27.82143
push,0,0,0,0,0,0,0,0.1235771,0.5635478,-1.443237,27.92137
push,0,0,0,0,0,0,0,0.06266699,0.3204092,-1.271162,28.02131
push,0,0,0,0,0,0,0,-0.03595703,0.2090771,-0.9372978,28.12125
push,0,0,0,0,0,0,0,-0.05137598,0.06436524,-0.7101582,28.2212
push,0,0,0,0,0,0,0,0.007255859,-0.2314531,-0.5863955,28.32113
push,0,0,0,0,0,0,0,0.05786035,-0.1981836,-0.5602529,28.42107
push,0,0,0,0,0,0,0,0.02736426,0.04686035,-0.8130283,28.52101
push,0,0,0,0,0,0,0,0.1472441,0.1814228,-1.148486,28.61695
push,0,0,0,0,0,0,0,-0.05106543,0.2610859,-1.276078,28.71689
push,0,0,0,0,0,0,0,0.2200674,0.4817637,-1.416292,28.81683
push,0,0,0,0,0,0,0,0.1989414,0.3262539,-1.321375,28.91677
push,0,0,0,0,0,0,0,0.02532129,0.4042226,-1.140474,29.0167
push,0,0,0,0,0,0,0,-0.01959082,0.08326855,-0.8548008,29.11664
push,0,0,0,0,0,0,0,-0.0339375,-0.08506543,-0.6865264,29.21659
push,0,0,0,0,0,0,0,0.05000195,-0.2531465,-0.5413535,29.31653
push,0,0,0,0,0,0,0,0.09517676,-0.1334111,-0.6252871,29.41647
push,0,0,0,0,0,0,0,0.01830762,0.08445996,-0.8836905,29.51641
push,0,0,0,0,0,0,0,-0.09105567,0.2291602,-1.050353,29.61635
push,0,0,0,0,0,0,0,0.1952392,0.3947627,-1.467082,29.71628
push,0,0,0,0,0,0,0,0.07846777,0.4491367,-1.440781,29.81622
push,0,0,0,0,0,0,0,0.02937891,0.3666641,-1.197875,29.91616
push,0,0,0,0,0,0,0,0.04103418,0.09950195,-0.9744805,30.01609
push,0,0,0,0,0,0,0,-0.05874316,-0.101126,-0.6724941,30.11603
push,0,0,0,0,0,0,0,0.1427031,-0.180126,-0.5383056,30.23262
push,0,0,0,0,0,0,0,0.0695,-0.1166729,-0.6030293,30.33256
push,0,0,0,0,0,0,0,0.01064648,0.05528125,-0.9353106,30.4325
push,0,0,0,0,0,0,0,0.02068164,0.2068848,-0.993498,30.53244
push,0,0,0,0,0,0,0,0.06066797,0.4482627,-1.4125,30.63238
push,0,0,0,0,0,0,0,0.1477432,0.4309824,-1.405695,30.73232
push,0,0,0,0,0,0,0,0.08333886,0.3523213,-1.206959,30.83226
push,0,0,0,0,0,0,0,-0.01183594,0.08538965,-0.9193359,30.93221
push,0,0,0,0,0,0,0,0.01766894,-0.04882617,-0.6746533,31.03213
push,0,0,0,0,0,0,0,-0.04092383,-0.2192754,-0.4946269,31.13208
push,0,0,0,0,0,0,0,0.01843945,-0.1852275,-0.6179082,31.23203
push,0,0,0,0,0,0,0,0.1677676,-0.006743164,-0.8074385,31.33197
push,0,0,0,0,0,0,0,0.1056641,0.2581006,-1.22614,31.43191
push,0,0,0,0,0,0,0,0.01256641,0.4454219,-1.35478,31.53185
push,0,0,0,0,0,0,0,0.1477158,0.4584219,-1.471885,31.63179
push,0,0,0,0,0,0,0,0.1493008,0.2875615,-1.270681,31.73173
push,0,0,0,0,0,0,0,0.1204316,0.128624,-1.018979,31.83167
push,0,0,0,0,0,0,0,0.1014053,-0.008562501,-0.7156767,31.93161
push,0,0,0,0,0,0,0,-0.004673828,-0.203292,-0.4822315,32.03154
push,0,0,0,0,0,0,0,0.0113584,-0.169123,-0.5023798,32.13148
push,0,0,0,0,0,0,0,0.1435957,0.003647461,-0.6976338,32.23142
push,0,0,0,0,0,0,0,0.2267392,0.2603613,-1.100957,32.33137
push,0,0,0,0,0,0,0,0.08906641,0.4549932,-1.340097,32.4313
push,0,0,0,0,0,0,0,0.1659687,0.400708,-1.494691,32.53124
push,0,0,0,0,0,0,0,0.036375,0.2804961,-1.263445,32.63117
push,0,0,0,0,0,0,0,0.0650498,0.1361846,-0.9006308,32.73112
push,0,0,0,0,0,0,0,-0.05088672,-0.01657226,-0.7213926,32.83106
push,0,0,0,0,0,0,0,0.001664062,-0.1906328,-0.4453438,32.931
push,0,0,0,0,0,0,0,0.1278164,-0.1125185,-0.5918799,33.03094
push,0,0,0,0,0,0,0,0.1396631,-0.04881055,-0.8354579,33.13088
push,0,0,0,0,0,0,0,-0.02114258,0.2699091,-1.10262,33.23035
push,0,0,0,0,0,0,0,0.01714453,0.3915117,-1.290066,33.33032
push,0,0,0,0,0,0,0,0.1334746,0.3866133,-1.496069,33.41761
push,0,0,0,0,0,0,0,0.1290469,0.2580381,-1.285417,33.51757
push,0,0,0,0,0,0,0,0.1453877,0.2024082,-1.111908,33.61752
push,0,0,0,0,0,0,0,0.06408105,-0.08947363,-0.8806866,33.71746
push,0,0,0,0,0,0,0,0.06056836,-0.2807949,-0.5810518,33.81741
push,0,0,0,0,0,0,0,0.0555293,-0.1189912,-0.5413838,33.93003
push,0,0,0,0,0,0,0,-0.004426758,0.007464843,-0.7908359,34.02998
push,0,0,0,0,0,0,0,0.01675293,0.2594033,-1.134354,34.12994
push,0,0,0,0,0,0,0,-0.1297754,0.3211875,-1.389027,34.22989
push,0,0,0,0,0,0,0,0.05959277,0.3350879,-1.560915,34.32985
push,0,0,0,0,0,0,0,0.05347949,0.2936006,-1.285493,34.42981
push,0,0,0,0,0,0,0,0.02145801,0.1645205,-1.046656,34.52976
push,0,0,0,0,0,0,0,0.03763574,-0.01086914,-0.7490547,34.62971
push,0,0,0,0,0,0,0,0.1046025,-0.1344277,-0.5962988,34.72967
push,0,0,0,0,0,0,0,0.1371338,-0.1783506,-0.5628652,34.82962
push,0,0,0,0,0,0,0,0.01406836,-0.04223535,-0.6738496,34.92958
push,0,0,0,0,0,0,0,0.05286523,0.2362344,-1.077205,35.02953
push,0,0,0,0,0,0,0,-0.07912597,0.314875,-1.302401,35.12949
push,0,0,0,0,0,0,0,-0.08171289,0.2776318,-1.277712,35.22944
push,0,0,0,0,0,0,0,0.06619433,0.3454268,-1.346849,35.3294
push,0,0,0,0,0,0,0,0.08542676,0.3011025,-1.210137,35.42888
push,0,0,0,0,0,0,0,0.03277148,0.145834,-1.028659,35.52882
push,0,0,0,0,0,0,0,0.009403321,-0.0496543,-0.8237901,35.62878
push,0,0,0,0,0,0,0,0.01118359,-0.1922285,-0.5275694,35.72873
push,0,0,0,0,0,0,0,0.1019375,-0.2077148,-0.5251084,35.82869
push,0,0,0,0,0,0,0,0.09671386,-0.07037598,-0.7085322,35.92865
push,0,0,0,0,0,0,0,0.2005781,0.2197822,-1.037438,36.02861
push,0,0,0,0,0,0,0,-0.09391699,0.3765596,-1.399786,36.12857
push,0,0,0,0,0,0,0,0.140085,0.4210215,-1.442855,36.22853
push,0,0,0,0,0,0,0,-0.04476855,0.2641074,-1.275035,36.32848
push,0,0,0,0,0,0,0,0.02418457,0.1830234,-1.063247,36.42844
push,0,0,0,0,0,0,0,0.04220312,0.06236133,-0.9382313,36.5284
push,0,0,0,0,0,0,0,0.04236523,0.04352441,-0.9760987,36.62836
push,0,0,0,0,0,0,0,0.001134766,-0.2408447,-0.771707,36.72832
push,0,0,0,0,0,0,0,0.2192402,-0.1697422,-0.6921777,36.82827
push,0,0,0,0,0,0,0,0.03527832,-0.1697588,-0.7518037,36.92823
push,0,0,0,0,0,0,0,0.06878809,-0.1728067,-0.8405497,37.02819
push,0,0,0,0,0,0,0,0.2199736,-0.2159883,-0.8636963,37.12814
push,0,0,0,0,0,0,0,0.1212822,-0.1697334,-0.8872725,37.2281
push,0,0,0,0,0,0,0,0.09006348,-0.1594678,-1.136342,37.32757
push,0,0,0,0,0,0,0,0.2924512,-0.2543301,-1.395642,37.42748
push,0,0,0,0,0,0,0,0.2598799,-0.08162598,-0.90758,37.52739
push,0,0,0,0,0,0,0,-0.1451973,-0.2685303,-0.6902441,37.6273
push,0,0,0,0,0,0,0,-0.05047754,-0.3380537,-1.027874,37.72721
push,0,0,0,0,0,0,0,0.08865625,-0.2668056,-1.146212,37.82712
push,0,0,0,0,0,0,0,-0.02816406,-0.1986865,-0.9985644,37.92703
push,0,0,0,0,0,0,0,0.109167,-0.250497,-1.03923,38.02694
push,0,0,0,0,0,0,0,0.2707178,-0.1361533,-1.047558,38.12685
push,0,0,0,0,0,0,0,0.2085986,-0.2661777,-1.102629,38.22676
push,0,0,0,0,0,0,0,0.05489746,-0.212498,-1.061886,38.32668
push,0,0,0,0,0,0,0,0.0379541,-0.1761631,-1.022751,38.43058
push,0,0,0,0,0,0,0,0.04751367,-0.1440654,-1.001924,38.53049
push,0,0,0,0,0,0,0,0.03227441,-0.1752598,-0.9711923,38.6304
push,0,0,0,0,0,0,0,0.2177559,-0.2817715,-0.7287363,38.7303
push,0,0,0,0,0,0,0,0.115749,-0.05509277,-2.355984,38.83022
push,0,0,0,0,0,0,0,0.5540166,-0.3456328,-1.346541,38.93013
push,0,0,0,0,0,0,0,0.1188975,-0.9763096,-1.749461,39.03004
push,0,0,0,0,0,0,0,0.4693945,-0.5343506,-0.5786641,39.13034
push,0,0,0,0,0,0,0,0.9793954,0.1868789,0.1949404,39.23027
push,0,0,0,0,0,0,0,0.4088027,0.2468106,-0.2575928,39.33017
push,0,0,0,0,0,0,0,0.6394033,-0.0500664,-0.7174961,39.42613
push,0,0,0,0,0,0,0,0.6090957,-0.1220791,-0.7743594,39.52605
push,0,0,0,0,0,0,0,0.3559424,1.400155,-1.047859,39.62598
push,0,0,0,0,0,0,0,0.3242803,-0.05093457,-1.284359,39.72591
push,0,0,0,0,0,0,0,0.3246318,0.2306025,-0.7229521,39.82584
push,0,0,0,0,0,0,0,-0.2834883,0.1877578,-0.5165244,39.92577
push,0,0,0,0,0,0,0,0.02353027,0.01403418,-1.0064,40.0257
push,0,0,0,0,0,0,0,0.2863652,-0.1436797,-0.7287578,40.12564
push,0,0,0,0,0,0,0,-0.1596025,-0.03271289,-1.066006,58.86324
push,0,0,0,0,0,0,0,-0.1762881,-0.03960449,-1.03651,58.96318
push,0,0,0,0,0,0,0,-0.02918848,-0.06961426,-0.9785664,59.06312
push,0,0,0,0,0,0,0,-0.06245215,0.02064258,-0.9901611,59.16306
push,0,0,0,0,0,0,0,-0.1802471,-0.1001035,-1.192348,59.26299
push,0,0,0,0,0,0,0,-0.05109082,-0.07524414,-1.197236,59.36293
push,0,0,0,0,0,0,0,-0.09582324,-0.1054385,-1.156538,59.46286
push,0,0,0,0,0,0,0,-0.07944434,-0.05923535,-1.130883,59.5628
push,0,0,0,0,0,0,0,-0.1291387,-0.04921094,-1.10148,59.66273
push,0,0,0,0,0,0,0,-0.1482764,-0.01936133,-1.01752,59.76267
push,0,0,0,0,0,0,0,-0.1517109,0.01783203,-0.9780175,59.8626
push,0,0,0,0,0,0,0,-0.15379,-0.009780273,-0.970585,59.96254
push,0,0,0,0,0,0,0,-0.1698203,0.03154883,-0.7448428,60.06247
push,0,0,0,0,0,0,0,-0.2820635,0.00106543,-0.6833311,60.16241
push,0,0,0,0,0,0,0,-0.2557529,-0.1116387,-0.6201699,60.26234
push,0,0,0,0,0,0,0,-0.228999,0.03661133,-0.8307783,60.36226
push,0,0,0,0,0,0,0,-0.05326465,0.07846484,-0.8545957,60.46221
push,0,0,0,0,0,0,0,-0.1919453,-0.2528828,-0.9487686,60.56214
push,0,0,0,0,0,0,0,-0.2033818,0.07916992,-1.172748,60.66208
push,0,0,0,0,0,0,0,-0.1369102,0.04215137,-1.070182,60.76201
push,0,0,0,0,0,0,0,-0.129875,-0.03158008,-1.013805,60.86195
push,0,0,0,0,0,0,0,-0.1300557,-0.05817578,-1.045006,60.96188
push,0,0,0,0,0,0,0,-0.1560547,-0.01827637,-1.112972,61.06183
push,0,0,0,0,0,0,0,-0.1912939,-0.08273144,-1.139497,61.16176
push,0,0,0,0,0,0,0,-0.1406025,-0.1351406,-1.144933,61.2617
push,0,0,0,0,0,0,0,-0.131041,-0.03854492,-1.077747,61.36163
push,0,0,0,0,0,0,0,-0.1074785,-0.08450586,-0.9940967,61.46157
push,0,0,0,0,0,0,0,-0.1403359,-0.0345498,-0.9912227,61.56152
push,0,0,0,0,0,0,0,-0.1488535,-0.01267969,-1.005987,61.66145
push,0,0,0,0,0,0,0,-0.2349551,0.04625098,-0.8461953,61.76139
push,0,0,0,0,0,0,0,-0.2030078,0.01361133,-0.8320362,61.86133
push,0,0,0,0,0,0,0,-0.2442158,0.01461621,-0.9557177,61.96127
push,0,0,0,0,0,0,0,-0.3055635,0.01305371,-0.8564531,62.0612
push,0,0,0,0,0,0,0,-0.2192305,-0.04731445,-0.7671445,62.16114
push,0,0,0,0,0,0,0,-0.2658477,-0.04521191,-0.7421212,62.26108
push,0,0,0,0,0,0,0,-0.3028311,-0.04133984,-0.7127597,62.36101
push,0,0,0,0,0,0,0,-0.2444863,-0.02937988,-0.860002,62.46095
push,0,0,0,0,0,0,0,-0.1754268,-0.04525879,-0.988417,62.56088
push,0,0,0,0,0,0,0,-0.1343496,-0.1686269,-1.025668,62.66081
push,0,0,0,0,0,0,0,-0.134458,-0.038875,-1.0813,62.76075
push,0,0,0,0,0,0,0,-0.1133779,-0.08458496,-1.059126,62.86069
push,0,0,0,0,0,0,0,-0.127584,-0.0554707,-1.021038,62.96062
push,0,0,0,0,0,0,0,-0.1165342,-0.08745605,-1.114784,63.06056
push,0,0,0,0,0,0,0,-0.13629,-0.0892334,-1.131508,63.1605
push,0,0,0,0,0,0,0,-0.1308789,-0.06765722,-1.113747,63.26043
push,0,0,0,0,0,0,0,-0.1323389,-0.06300195,-1.08027,63.36037
push,0,0,0,0,0,0,0,-0.1343037,-0.08808496,-1.09618,63.4603
push,0,0,0,0,0,0,0,-0.1098457,-0.05766113,-0.9953457,63.56024
push,0,0,0,0,0,0,0,-0.1065059,-0.093625,-0.94833,63.66018
push,0,0,0,0,0,0,0,-0.1402051,-0.03532617,-0.9481944,63.76011
push,0,0,0,0,0,0,0,-0.1368125,-0.09069336,-0.9836709,63.86005
push,0,0,0,0,0,0,0,-0.1994219,0.01162012,-0.962127,63.95948
push,0,0,0,0,0,0,0,-0.1973125,-0.07470214,-1.05543,64.05943
push,0,0,0,0,0,0,0,-0.228418,0.09156152,-0.8802959,64.15936
push,0,0,0,0,0,0,0,-0.2395068,-0.04264942,-0.8814327,64.25931
push,0,0,0,0,0,0,0,-0.2714648,-0.04589941,-0.9150332,64.35926
push,0,0,0,0,0,0,0,-0.2964492,0.006947266,-0.7566641,64.45921
push,0,0,0,0,0,0,0,-0.219248,-0.009753906,-0.8265059,64.55916
push,0,0,0,0,0,0,0,-0.1636699,-0.1082793,-0.9677939,64.6591
push,0,0,0,0,0,0,0,-0.1655498,-0.1072256,-1.127987,64.75906
push,0,0,0,0,0,0,0,-0.1518848,-0.08700098,-1.07312,64.859
push,0,0,0,0,0,0,0,-0.09713965,-0.05076269,-1.06178,64.95895
push,0,0,0,0,0,0,0,-0.09074317,-0.1027891,-1.007458,65.05891
push,0,0,0,0,0,0,0,-0.04729492,-0.09072754,-1.061981,65.15885
push,0,0,0,0,0,0,0,-0.122166,-0.06530175,-1.115724,65.2588
push,0,0,0,0,0,0,0,-0.1153838,-0.09239062,-1.074503,65.35874
push,0,0,0,0,0,0,0,-0.09575976,-0.07872754,-1.008308,65.45869
push,0,0,0,0,0,0,0,-0.1118877,-0.0637998,-0.9289395,65.55858
push,0,0,0,0,0,0,0,-0.08079883,-0.02581836,-0.9815098,65.65858
push,0,0,0,0,0,0,0,-0.09820117,-0.02229981,-1.007033,65.75853
push,0,0,0,0,0,0,0,-0.1253154,-0.02793457,-0.9770645,65.85847
push,0,0,0,0,0,0,0,-0.1553467,-0.0542793,-0.9444776,65.95842
push,0,0,0,0,0,0,0,-0.1535381,0.02016016,-0.9575654,66.05837
push,0,0,0,0,0,0,0,-0.1743916,-0.002180664,-0.9572188,66.15832
push,0,0,0,0,0,0,0,-0.1853184,-0.1030039,-0.9759619,66.25826
push,0,0,0,0,0,0,0,-0.2424932,-0.1034697,-0.7588193,66.35822
push,0,0,0,0,0,0,0,-0.2318838,-0.04104492,-0.6338877,66.45816
push,0,0,0,0,0,0,0,-0.3216318,-0.02551758,-0.6099141,66.55811
push,0,0,0,0,0,0,0,-0.1220127,-0.1134033,-1.033952,66.65806
push,0,0,0,0,0,0,0,-0.1552959,-0.002944336,-1.042323,66.758
push,0,0,0,0,0,0,0,-0.1739248,-0.05699219,-1.062902,66.85796
push,0,0,0,0,0,0,0,-0.09752051,-0.05693262,-1.079528,66.95791
push,0,0,0,0,0,0,0,-0.1298164,0.05173925,-1.05139,67.05784
push,0,0,0,0,0,0,0,-0.09866894,-0.0249707,-1.039938,67.15733
push,0,0,0,0,0,0,0,-0.07760058,-0.01229199,-1.088565,67.25729
push,0,0,0,0,0,0,0,-0.08530468,-0.04464941,-1.061725,67.35725
push,0,0,0,0,0,0,0,-0.08294824,-0.05745801,-1.062238,67.45721
push,0,0,0,0,0,0,0,-0.07811914,-0.04332813,-1.00993,67.55717
push,0,0,0,0,0,0,0,-0.06204687,-0.0691084,-1.027871,67.65714
push,0,0,0,0,0,0,0,-0.03843652,-0.06150293,-0.9289258,67.7571
push,0,0,0,0,0,0,0,-0.06458008,-0.1020273,-0.9473496,67.85706
push,0,0,0,0,0,0,0,-0.057625,-0.06960937,-0.9488183,67.95702
push,0,0,0,0,0,0,0,-0.1006611,-0.05153125,-1.02161,68.05698
push,0,0,0,0,0,0,0,-0.1174111,0.01306152,-0.9429454,68.15694
push,0,0,0,0,0,0,0,-0.1468623,-0.01154102,-0.9580908,68.2569
push,0,0,0,0,0,0,0,-0.1692139,-0.009288086,-0.90558,68.35686
push,0,0,0,0,0,0,0,-0.1507324,-0.1026836,-1.035135,68.4568
push,0,0,0,0,0,0,0,-0.2510801,-0.03649219,-0.8467999,68.55678
push,0,0,0,0,0,0,0,-0.2234922,-0.034625,-0.775585,68.65673
push,0,0,0,0,0,0,0,-0.268502,0.01387012,-0.7486045,68.75621
push,0,0,0,0,0,0,0,-0.2566895,-0.02030566,-0.7102637,68.85612
push,0,0,0,0,0,0,0,-0.1152959,-0.0462334,-1.024259,68.95603
push,0,0,0,0,0,0,0,-0.106251,-0.1319844,-1.108861,69.05593
push,0,0,0,0,0,0,0,-0.1665,-0.02049902,-1.118516,69.15584
push,0,0,0,0,0,0,0,-0.1095537,-0.04380469,-1.055618,69.25574
push,0,0,0,0,0,0,0,-0.07963867,-0.08524024,-0.9825674,69.35564
push,0,0,0,0,0,0,0,-0.02651758,-0.1569297,-1.015517,69.45555
push,0,0,0,0,0,0,0,-0.108041,-0.05644532,-1.112023,69.55545
push,0,0,0,0,0,0,0,-0.08504492,-0.1033281,-1.085979,69.65535
push,0,0,0,0,0,0,0,-0.06817774,-0.08401562,-1.076474,69.75525
push,0,0,0,0,0,0,0,-0.03803418,-0.1142979,-0.956915,69.85516
push,0,0,0,0,0,0,0,-0.02939258,-0.09678905,-0.9861104,69.95544
push,0,0,0,0,0,0,0,-0.06396875,-0.09026172,-0.9384474,70.05534
push,0,0,0,0,0,0,0,-0.0444375,-0.07146582,-0.9547793,70.15524
push,0,0,0,0,0,0,0,-0.09091894,0.008297852,-0.9448565,70.25515
push,0,0,0,0,0,0,0,-0.09978125,-0.08482421,-0.9714999,70.35506
push,0,0,0,0,0,0,0,-0.1297529,0.002376953,-1.034758,70.45498
push,0,0,0,0,0,0,0,-0.1477344,0.02542871,-0.985919,70.55489
push,0,0,0,0,0,0,0,-0.1814248,-0.02684278,-0.9567344,70.6548
push,0,0,0,0,0,0,0,-0.2394541,0.09907324,-0.7907383,70.75471
push,0,0,0,0,0,0,0,-0.2002705,-0.02376953,-0.9008828,70.85461
push,0,0,0,0,0,0,0,-0.3057178,-0.03902637,-0.7418037,70.95453
push,0,0,0,0,0,0,0,-0.275792,0.08685644,-0.9571102,71.05444
push,0,0,0,0,0,0,0,-0.1432393,-0.006189453,-0.819707,71.15435
push,0,0,0,0,0,0,0,-0.09291308,-0.1406045,-1.04472,71.25426
push,0,0,0,0,0,0,0,-0.1210488,-0.1608184,-1.10359,71.35417
push,0,0,0,0,0,0,0,-0.09630176,0.003832031,-1.050254,71.45409
push,0,0,0,0,0,0,0,-0.05528808,-0.07945605,-1.032188,71.55399
push,0,0,0,0,0,0,0,-0.08826172,-0.104376,-1.032442,71.65391
push,0,0,0,0,0,0,0,-0.07717188,-0.07045313,-1.126642,71.75418
push,0,0,0,0,0,0,0,-0.09203809,-0.107627,-1.090541,71.85413
push,0,0,0,0,0,0,0,-0.04702832,-0.09646679,-1.022766,71.95407
push,0,0,0,0,0,0,0,-0.05430859,-0.05026367,-1.002916,72.05401
push,0,0,0,0,0,0,0,-0.04364453,-0.1370254,-0.8586718,72.15395
push,0,0,0,0,0,0,0,-0.02850391,0.01042676,-0.8772432,72.25388
push,0,0,0,0,0,0,0,-0.0260625,-0.106918,-0.8135957,72.35382
push,0,0,0,0,0,0,0,-0.02351562,0.03767969,-0.8852422,72.45376
push,0,0,0,0,0,0,0,-0.03064551,-0.07596973,-0.9585947,72.5537
push,0,0,0,0,0,0,0,-0.05914746,0.004765625,-0.9866924,72.65364
push,0,0,0,0,0,0,0,-0.0766123,-0.03258789,-1.068575,72.75358
push,0,0,0,0,0,0,0,-0.1438008,-0.04747461,-1.056263,72.85352
push,0,0,0,0,0,0,0,-0.1819219,0.0585,-1.042778,72.95345
push,0,0,0,0,0,0,0,-0.2218252,-0.03005078,-1.03209,73.05338
push,0,0,0,0,0,0,0,-0.1857852,-0.1174756,-0.8800157,73.15333
push,0,0,0,0,0,0,0,-0.1977578,0.03553906,-0.7052842,73.25327
push,0,0,0,0,0,0,0,-0.3397813,-0.08281348,-0.6301123,73.3532
push,0,0,0,0,0,0,0,-0.1029775,-0.1648096,-0.979418,73.45313
push,0,0,0,0,0,0,0,-0.1173281,-0.1974072,-1.126347,73.55308
push,0,0,0,0,0,0,0,-0.08508398,-0.09739649,-1.11937,73.65302
push,0,0,0,0,0,0,0,-0.07374316,-0.1051045,-1.088434,73.75295
push,0,0,0,0,0,0,0,-0.08006153,-0.08662988,-1.047745,73.8529
push,0,0,0,0,0,0,0,-0.09477051,-0.05083399,-1.005948,73.95284
push,0,0,0,0,0,0,0,-0.07596484,-0.07890527,-1.072617,74.05277
push,0,0,0,0,0,0,0,-0.1126855,-0.04654297,-1.195334,74.1527
push,0,0,0,0,0,0,0,-0.0659209,-0.1604092,-1.147851,74.25264
push,0,0,0,0,0,0,0,-0.06240039,-0.1135781,-1.105555,74.35258
push,0,0,0,0,0,0,0,0.01435742,-0.1169248,-1.044664,74.45251
push,0,0,0,0,0,0,0,-0.005883789,-0.06380665,-1.061106,74.55246
push,0,0,0,0,0,0,0,-0.04876367,-0.152043,-1.013353,74.65239
push,0,0,0,0,0,0,0,-0.02579297,-0.02985156,-1.150092,74.75233
push,0,0,0,0,0,0,0,-0.09831738,0.01104785,-1.037424,74.85227
push,0,0,0,0,0,0,0,-0.09360839,-0.04285449,-0.9072851,74.95221
push,0,0,0,0,0,0,0,-0.04938184,-0.1135459,-1.001641,75.05215
push,0,0,0,0,0,0,0,-0.1129287,-0.06830469,-1.027673,75.15209
push,0,0,0,0,0,0,0,-0.1806133,-0.09505761,-1.054631,75.25204
push,0,0,0,0,0,0,0,-0.2343858,-0.03643262,-0.8311348,75.35197
push,0,0,0,0,0,0,0,-0.2113223,-0.1499023,-0.8927578,75.46857
push,0,0,0,0,0,0,0,-0.2116992,0.01741699,-0.8989316,75.55185
push,0,0,0,0,0,0,0,-0.257039,-0.04903027,-0.9222606,75.65179
push,0,0,0,0,0,0,0,-0.2134082,-0.06069824,-1.054182,75.75172
push,0,0,0,0,0,0,0,-0.2246689,-0.03064648,-0.9528584,75.85166
push,0,0,0,0,0,0,0,-0.2406318,-0.08889649,-0.9268379,75.9516
push,0,0,0,0,0,0,0,-0.2174551,0.004055664,-0.9679981,76.05154
push,0,0,0,0,0,0,0,-0.2230957,-0.07623731,-1.053547,76.15147
push,0,0,0,0,0,0,0,-0.2735156,-0.08197265,-1.02675,76.25142
push,0,0,0,0,0,0,0,-0.1992822,-0.07782128,-0.9571933,76.35136
push,0,0,0,0,0,0,0,-0.2169492,-0.0258291,-0.9758603,76.45129
push,0,0,0,0,0,0,0,-0.2110693,-0.04933105,-0.9170244,76.55124
push,0,0,0,0,0,0,0,-0.2398994,-0.08140039,-1.039696,76.65118
push,0,0,0,0,0,0,0,-0.2511114,-0.03975586,-1.006897,76.75112
push,0,0,0,0,0,0,0,-0.2036201,-0.08415429,-0.8458721,76.85105
push,0,0,0,0,0,0,0,-0.1789072,-0.01238086,-0.9633242,76.95098
push,0,0,0,0,0,0,0,-0.225044,-0.002210937,-0.9681826,77.05093
push,0,0,0,0,0,0,0,-0.2362568,0.02648535,-1.025007,77.15086
push,0,0,0,0,0,0,0,-0.2840195,0.01582422,-1.397914,77.2508
