0,1,0,0.3512198,-0.8640514,-0.4336688,0.3839153,-0.9067517,-0.4749049,0.3922117,-1.014843,-0.3350923,0.7418631,-0.9001637,-0.4039001,0.7162442,-1.25982,-0.6601003,0.6237671,-1.183936,-0.4097567,0.6000993,-1.028263,-0.3782811,0.4002638,-0.918952,-0.4653887,0.2367834,-0.8186671,-0.5446883,0.1108795,-0.7117957,-0.525413,0.1235684,-0.6100481,-0.3938968,0.1216157,-0.636887,-0.4417209,0.2199479,-0.5563674,-0.4649001,0.1396711,-0.5827192,-0.304348,0.1953045,-0.6354228,-0.3633968,0.3485358,-0.4951231,-0.1655125,0.2550831,-0.6290791,-0.3192323,0.2733843,-0.743027,-0.4060971,0.2367834,-0.9816589,-0.6176444,0.4022166,-0.8735676,-0.3548561,0.3834283,-0.9721442,-0.2696998,0.6262084,-0.9062631,-0.4644131,0.5654511,-1.051444,-0.3433887,0.6867198,-1.037535,-0.3267959,0.7135602,-1.276656,-0.3819408,0.6030276,-1.106343,-0.316304,0.5908273,-1.002156,-0.386089,0.4490635,-0.940667,-0.4505043,0.2963192,-0.8555107,-0.4739278,0.1689512,-0.6956915,-0.5034522
1,0,0,0.2166152,0.02404004,-0.9701905,0.206789,0.003902344,-1.000504,0.2458828,0.04324414,-0.8679355,0.2794658,0.001404297,-0.9122558,0.2537578,-0.004155274,-1.037727,0.1973838,0.01768067,-0.9274942,0.2758701,0.005166016,-0.9029951,0.3088359,-0.009206055,-0.9220957,0.2616152,0.001111328,-0.910918,0.2581201,0.01694629,-0.907871,0.2152412,-0.01079102,-0.8456836,0.1657871,-0.01241309,-0.8538125,0.184627,-0.05323828,-0.9059473,0.2909775,-0.008079101,-0.9107979,0.3107735,0.07351954,-0.9524335,0.2738867,0.005375,-0.9376934,0.3253388,-0.02622656,-0.97025,0.3163779,0.008422852,-0.932829,0.3160107,-0.07791504,-0.9532412,0.3619307,-0.01283789,-0.9553722,0.3088086,-0.01722852,-0.9734424,0.3113008,-0.03898828,-0.9679463,0.3876797,-0.01266309,-0.9936504,0.3626933,0.03211914,-1.025988,0.3850586,-0.02595801,-1.012342,0.4206904,-0.01946973,-0.9626456,0.3583906,-0.01595215,-0.997001,0.3256768,0.05064551,-0.9153653,0.2909482,0.0486582,-0.8794238,0.3382334,-0.05497266,-0.8814893
0,1,0,0.5771644,-0.873812,-0.3514408,0.6091285,-0.7569358,-0.2596965,0.605956,-0.9426197,-0.3001998,0.9873273,-1.146115,-0.5215092,0.7809038,-1.223708,-0.4080483,0.6998957,-0.9296882,-0.3907242,0.587412,-0.6978869,-0.462216,0.1635831,-0.9504276,-0.2726281,0.352684,-0.7078918,-0.4985727,0.1103925,-0.8396508,-0.3758399,0.2841205,-0.6220042,-0.4505043,0.2870472,-0.613952,-0.4334245,0.1672443,-0.4529114,-0.2492047,0.1704153,-0.3992307,-0.1559962,0.3600033,-0.5017111,-0.215532,0.519824,-0.6044358,-0.2731167,0.3573192,-0.8269634,-0.3607128,0.4139283,-0.8913788,-0.4370841,0.3529283,-1.004107,-0.459532,0.5100635,-0.9191947,-0.4395239,0.5598403,-1.057056,-0.3890158,0.4968876,-1.071939,-0.3263089,0.739912,-0.8264748,-0.2062601,0.8287279,-1.172224,-0.2523757,0.8692312,-1.139527,-0.4422079,0.724052,-0.9716556,-0.419273,0.5278761,-0.9967875,-0.4185401,0.3451205,-0.8574634,-0.459045,0.1899365,-0.7771882,-0.3951167,0.1906678,-0.6734879,-0.3638838
0,1,0,0.6615319,0.8706954,-0.635457,0.857952,0.7364951,-0.6091052,0.766452,0.7779755,-0.5398088,0.7249716,0.7957882,-0.4339131,0.865027,1.073216,-0.4456248,0.9728755,1.266464,-0.5676248,0.8525839,1.022464,-0.4822242,0.7369276,0.8365358,-0.4853968,0.6466475,0.4478436,-0.3482682,0.4275352,0.4541873,-0.339729,0.5888201,0.3848924,-0.4363528,0.4431508,0.3653713,-0.4200043,0.3265189,0.2355635,-0.2984929,0.2867469,0.2216563,-0.1625842,0.3567762,0.3880635,-0.1789327,0.6420107,0.5534951,-0.4156118,0.8376996,0.5586205,-0.5764082,0.7752354,0.483956,-0.374133,0.7113071,0.5020114,-0.4861281,0.89382,0.5886319,-0.4985727,0.81818,0.6613436,-0.5944651,0.7440041,0.7372279,-0.5249245,0.8821068,0.7760243,-0.3978007,0.9904438,0.9848875,-0.4453805,0.9055318,1.0332,-0.4153691,0.9894667,0.8855797,-0.489545,0.9326149,0.672324,-0.449773,0.8162273,0.4712671,-0.4226884,0.6054114,0.3160831,-0.4797844,0.2589886,-0.6412795,-0.4119522
0,1,0,0.04158312,-1.157095,-0.3419245,-0.02990873,-1.133916,-0.3760841,0.05353915,-1.209068,-0.1462372,0.1194202,-1.143675,-0.06376494,0.08403914,-1.095364,0.06848417,0.09282411,-1.221512,0.1790151,0.1623632,-1.497719,0.2278148,-0.02649183,-1.312768,0.2634402,0.1228355,-1.231271,0.0672643,-0.00306836,-1.178079,-0.109392,0.1765163,-1.111711,-0.2799489,0.01669549,-0.9126068,-0.3197209,0.03645933,-0.8457517,-0.2482291,0.08111237,-0.8479472,-0.2172405,0.09599517,-0.679343,-0.118664,-0.02698041,-0.5885758,0.08044019,0.1213714,-0.4433951,0.06677572,-0.03674097,-0.7869472,-0.04888059,0.1238111,-0.8894276,-0.1838122,-0.008192147,-0.9333478,-0.1928399,0.09892349,-1.00118,-0.1257405,0.06695933,-1.028507,-0.02594413,-0.1328762,-1.284952,-0.2372486,0.1128322,-1.056812,-0.04278122,0.1828599,-1.119763,0.0004076624,-0.02893158,-1.270312,0.03895977,0.1196645,-1.393287,0.1887757,0.008643377,-1.344975,0.3061389,0.0979479,-1.239323,0.1777953,-0.0360081,-1.086335,0.03627573
1,0,0,-0.4227871,-0.4235752,0.7550536,-0.4417149,-0.4238262,0.728664,-0.3584473,-0.4454414,0.7498339,-0.4288359,-0.3722158,0.6342451,-0.3439297,-0.4253623,0.7018515,-0.4134199,-0.4162422,0.7783945,-0.4572178,-0.4725078,0.7600986,-0.3356924,-0.4166143,0.7309424,-0.3953437,-0.3947178,0.6708701,-0.4743252,-0.5141191,0.7891104,-0.4531436,-0.491916,0.7490966,-0.4135049,-0.428502,0.7579746,-0.3414561,-0.4119649,0.6980606,-0.285624,-0.4011416,0.6660244,-0.4287334,-0.4252647,0.7427822,-0.5085478,-0.5042803,0.8740625,-0.4688613,-0.4068232,0.8379258,-0.5513535,-0.5576885,0.8453544,-0.5099355,-0.4721914,0.8738233,-0.4664746,-0.4114199,0.7989453,-0.4818066,-0.4593701,0.8490205,-0.4469531,-0.4584834,0.6258076,-0.4281338,-0.4191855,0.7433711,-0.4959922,-0.4812627,0.7726367,-0.4609688,-0.3975947,0.8139873,-0.4807627,-0.4612295,0.7955596,-0.5012373,-0.4401748,0.9021454,-0.5069833,-0.4638692,0.8190655,-0.4725088,-0.4529141,0.7789922,-0.4363135,-0.430419,0.6835586
1,0,0,0.3468291,0.02891601,-1.060337,0.2195615,-0.07563574,-1.027739,0.3119434,-0.0308291,-0.9947851,0.2815205,-0.03029102,-0.9682529,0.2941699,-0.09394727,-1.05926,0.2702695,-0.08342871,-0.9263135,0.3427607,-0.1364629,-0.8929365,0.3746777,-0.1153506,-0.9176288,0.3277012,0.07804395,-0.9202989,0.3881982,-0.09308398,-0.7721846,0.4512784,-0.05767383,-0.7133467,0.3934707,-0.2000977,-0.7019355,0.4119316,-0.08758398,-0.8788682,0.6457754,-0.4104238,-2.446553,0.0051875,0.2372588,-0.8239492,0.9144815,-0.5507754,-0.6841748,-0.181748,0.02604102,-0.9675235,0.1106074,-0.2141572,-0.9583457,0.1046963,-0.2421269,-0.9750186,0.18054,-0.2054502,-1.03578,0.1620703,-0.1776162,-0.9321182,0.1691816,-0.121375,-0.9377734,-0.05269043,-0.1818565,-0.8456544,0.2028086,0.3411689,-1.132411,-0.0622539,0.1071855,-0.9519814,-0.1066904,0.1566504,-1.00456,-0.1349863,0.06442285,-0.9485351,-0.03865332,0.0772373,-0.9545029,-0.4788985,0.2913183,-1.022143,-0.2508301,0.1664658,-0.9934044
0,1,0,-0.03185991,-1.063644,-0.1113447,0.03889909,-1.136112,0.08336697,0.1011205,-1.468928,0.1973148,0.09038436,-1.444527,0.2192757,0.002544,-1.246156,0.08287995,0.1318632,-1.217364,-0.08157605,0.033044,-1.098048,-0.1447731,0.1055114,-0.9126068,-0.4153691,0.169684,-0.7220433,-0.3006884,0.1108795,-0.6981312,-0.2028447,0.06866778,-0.548071,-0.1586803,-0.003312646,-0.8130547,-0.02545712,0.0584202,-0.5915042,0.09215193,0.07428014,-0.9133396,-0.02814115,0.05476058,-0.764255,0.03066337,0.1150277,-0.95482,-0.1977209,0.01620847,-1.07804,-0.4871053,-0.05626053,-0.8799113,-0.5356606,-0.02356351,-0.9030921,-0.3387519,-0.1179918,-1.09634,-0.2145565,-0.08602766,-1.107807,-0.08084475,0.01328015,-1.170271,0.08507542,0.1286922,-1.365716,0.1680363,0.1045358,-1.483812,0.2475802,0.1072199,-1.307887,0.2070754,0.09209125,-1.272996,-0.05229593,0.05012381,-1.056079,-0.1569718,0.02938437,-0.7679162,-0.297273,0.1491873,-0.7010595,-0.2570125,0.03572803,-0.7464439,-0.3094718
0,1,0,-0.004288235,-0.6747078,-0.1833252,0.03401959,-0.562224,-0.1852763,0.01352443,-1.01948,-0.05010046,0.1001434,-1.120496,-0.1006086,0.03816778,-1.008499,-0.1350125,0.0205994,-0.8513641,-0.1843008,-0.00868072,-0.6742192,-0.1137845,0.0198681,-0.7115514,-0.2133366,0.0632997,-0.6783674,-0.1496526,0.001324125,-0.8272077,-0.106708,-0.1753322,-1.204431,-0.19162,-0.07724424,-1.077796,-0.4512372,-0.01234035,-1.061447,-0.4365971,-0.06089574,-0.921636,-0.26726,0.08526057,-1.00484,-0.088164,-0.009656309,-1.086823,0.25002,0.1804202,-1.522364,0.3705558,0.02181927,-1.337411,0.3786079,0.1177117,-1.233955,0.2331829,0.02987139,-1.206139,0.06165194,0.08208796,-1.127571,-0.1201282,0.1508958,-0.8684438,-0.2350532,0.09989908,-0.876983,-0.3890158,0.1628518,-0.7596198,-0.3153284,0.04768405,-0.7879227,-0.292392,0.007912074,-0.763768,-0.1779571,-0.03283549,-0.9860514,-0.04448811,-0.001115626,-0.8106149,0.04798747,0.1196645,-1.052175,-0.02667699,-0.0001400367,-0.8555107,-0.1423317
1,0,0,-0.4507412,-0.4046758,0.6512549,-0.4155059,-0.3700918,0.6696289,-0.428291,-0.4353261,0.7270625,-0.378415,-0.4255478,0.7376123,-0.3296904,-0.3947441,0.7836992,-0.3454053,-0.4415713,0.7296123,-0.3150332,-0.4713056,0.9254492,-0.3308193,-0.4162529,0.8439668,-0.3484063,-0.4177099,0.9004551,-0.29475,-0.4723389,0.8613456,-0.262209,-0.472291,0.8683818,-0.3497295,-0.37825,0.8366855,-0.3327637,-0.3791621,0.8098066,-0.3430117,-0.3738213,0.8038906,-0.3228047,-0.4214385,0.8248711,-0.3315391,-0.3971816,0.8602256,-0.3286016,-0.3846709,0.7968193,-0.28921,-0.3784766,0.6760166,-0.3569492,-0.4107373,0.7706689,-0.3882236,-0.4042783,0.793876,-0.4484903,-0.4382793,0.7263457,-0.400544,-0.4665615,0.8285488,-0.4157939,-0.4100606,0.7648349,-0.4672519,-0.4009365,0.8384854,-0.408914,-0.4743125,0.8585097,-0.4764707,-0.4360635,0.8795312,-0.4288388,-0.4142978,0.9077392,-0.4733848,-0.4078154,0.7946006,-0.4525557,-0.4237041,0.7805811,-0.4870566,-0.4101641,0.8371806
0,1,0,0.05109939,-1.057056,0.2395281,0.04719548,-0.8857679,0.1202122,0.06817921,-1.114151,0.04383927,-0.07456021,-0.9982517,0.292963,0.006447912,-0.7740155,-0.04131705,0.1472362,-0.8911361,-0.05424866,0.06427529,-1.068035,0.07263082,0.09477529,-1.057543,0.1726715,0.1091711,-0.9841002,0.03749561,0.1709039,-1.399631,0.1450998,0.1450391,-1.729276,-0.0232601,0.1211271,-1.338387,-0.06840015,0.0198681,-1.008744,-0.1965011,0.1135635,-0.526843,-0.355589,0.0813551,-0.6651915,-0.2018691,0.03621505,-0.5217192,-0.1035369,0.112588,-0.5185481,0.0596992,0.04256027,-0.4519358,0.08044019,0.05061238,-0.6471361,-0.1408692,0.07818405,-0.8742989,-0.2889766,0.05402772,-0.9933721,-0.2331004,-0.1226286,-1.237615,-0.3324082,0.3026645,-1.028996,-0.3072763,-0.00868072,-1.191011,-0.2867812,0.1099039,-1.041928,-0.303861,-0.009656309,-1.094631,0.08239137,0.2821677,-1.043636,0.06970405,0.1230798,-1.039975,0.0984956,0.2636238,-1.131232,0.1768197,0.08355212,-1.620696,0.1909712
0,1,0,0.0198681,-0.7339993,0.2731992,-0.1028647,-0.9291996,0.271735,0.01840394,-0.9855628,0.2424549,-0.0484527,-0.9733641,0.1416829,-0.003556932,-1.212483,0.08287995,0.03279971,-0.9762908,0.2243995,-0.09603251,-0.9021149,0.3700672,0.03816778,-1.026556,0.217323,-0.049184,-0.8833282,0.289792,-0.1389755,-0.7064276,0.3117513,0.008643377,-1.043879,0.1931682,0.007179215,-1.687064,0.3332236,-0.1104283,-1.549691,0.1834076,-0.06455692,-1.234931,-0.04400109,-0.03649668,-0.843312,-0.1852763,0.08208796,-0.6451833,-0.2877568,0.01669549,-0.6893478,-0.1906444,0.0164512,-0.6266394,-0.1647812,-0.002335501,-0.6729993,-0.09182518,0.01254729,-0.7583999,-0.06254506,-0.01038761,-0.9296882,-0.09816884,-0.07724424,-0.801343,0.05189138,-0.002092771,-0.8096393,-0.1403806,0.05890722,-0.8740562,-0.3063007,0.0584202,-0.9211475,-0.3053252,0.03133555,-1.09146,-0.3333838,-0.1811888,-1.256892,-0.2828757,-0.2536563,-1.145872,-0.1901558,0.07452442,-1.256892,-0.2570125,-0.03918071,-1.114884,-0.2418838
1,0,0,-0.3836231,-0.4921719,0.728208,-0.3473398,-0.5003623,0.71617,-0.2700908,-0.4762217,0.6457969,-0.2989101,-0.4858027,0.7072168,-0.4539668,-0.4664004,0.7657305,-0.4652461,-0.5183105,0.7606143,-0.3904971,-0.4581475,0.7182285,-0.4176328,-0.5238848,0.8209511,-0.4977451,-0.4867734,0.8088027,-0.4652852,-0.4830215,0.8344414,-0.4432022,-0.469957,0.7797598,-0.4481201,-0.4453701,0.7699883,-0.432583,-0.4233399,0.826498,-0.4544199,-0.4610595,0.8114697,-0.509251,-0.5239218,0.8266065,-0.5035732,-0.4638252,0.8445038,-0.4485996,-0.4208037,0.8565224,-0.4453838,-0.481459,0.7975957,-0.4782461,-0.4856972,0.8399053,-0.4172285,-0.4515361,0.8310703,-0.411292,-0.472497,0.7484922,-0.4086426,-0.4738223,0.7571679,-0.356168,-0.4797764,0.7739561,-0.4012969,-0.4383623,0.8712959,-0.2739658,-0.4909795,0.8200186,-0.3395195,-0.4800186,0.854748,-0.3843057,-0.4845009,0.7432753,-0.3401133,-0.4602363,0.7477539,-0.3979424,-0.4749942,0.7727011,-0.3199912,-0.4495762,0.7843525
0,1,0,0.01523133,-1.296908,0.1219191,0.09989908,-1.124156,-0.02204022,0.04914822,-1.041439,-0.1689278,-0.09603251,-0.825255,-0.3041037,0.04841536,-0.8052468,-0.4200043,0.02328344,-0.7459553,-0.3287486,0.09453256,-0.6932517,-0.2257812,-0.01282892,-0.7574227,-0.1215923,-0.03918071,-0.5885758,0.008459773,0.09892349,-0.7308267,0.04017964,0.03353257,-0.6742192,0.01358356,-0.001115626,-0.8538038,-0.1996721,0.1174675,-1.095851,-0.3248447,0.0205994,-1.238348,-0.1533122,-0.01770842,-1.177103,-0.1501411,0.02596747,-1.089507,-0.157949,-0.009900595,-0.9855628,0.02066008,-0.02161233,-1.18296,0.08287995,0.04914822,-1.421103,0.1643751,0.07135181,-1.422568,0.2517269,0.09087138,-1.21468,0.1238718,0.09233554,-1.151483,-0.05571283,0.0337753,-1.041195,-0.1808839,0.05280784,-1.004107,-0.2172405,0.0813551,-0.9435953,-0.3338724,0.0493925,-0.794755,-0.2538399,0.01230456,-0.7603511,-0.2191932,0.02816449,-0.7562029,-0.1999164,-0.06187288,-0.9238315,-0.1557519,0.04914822,-0.8311116,0.09141908
0,1,0,-0.05504065,-1.161244,0.08922361,0.09062709,-1.349367,-0.02057606,0.06012709,-1.506015,0.2126877,-0.02039246,-1.483568,0.1809679,-0.0484527,-1.364252,0.09117479,0.1074642,-1.097071,-0.1769799,0.08379641,-1.012647,-0.337045,-0.05137947,-0.8291589,-0.40512,-0.1001807,-0.6673869,-0.3311884,0.06281113,-0.6666557,-0.2496932,0.0798925,-0.6068755,-0.2018691,0.108684,-0.4931719,-0.1979652,0.05231927,-0.5910156,0.08263566,0.04231598,-0.7908511,-0.0569327,0.04987952,-0.6725107,0.07799889,0.1108795,-0.9714113,-0.2560369,0.1660244,-1.045587,-0.304348,-0.1157964,-0.9938592,-0.2958089,0.1367443,-1.146359,-0.3607128,-0.0657768,-1.214191,-0.2382242,0.3607361,-1.044367,-0.2265125,0.1257638,-1.307887,0.1592513,0.1526042,-1.366447,0.4093522,0.1513844,-1.397924,0.2707594,0.1055114,-1.290807,0.08336697,0.1218599,-1.076576,-0.06254506,0.08159939,-0.9675074,-0.3209408,0.2021352,-0.730584,-0.3816965,0.0452443,-0.6049228,-0.2692128,0.1628518,-0.7142354,-0.1989408
1,0,0,-0.3336592,-0.5925547,0.6678751,-0.3166651,-0.7069268,0.6976836,-0.4679834,-0.006623047,0.8162041,-0.6173701,-0.9435841,0.8042842,-0.3266494,-0.2888047,0.8683164,-0.3773564,-0.5026386,0.8458018,-0.4596191,-0.4292578,0.8370517,-0.3933125,-0.498376,0.8828067,-0.4176348,-0.4794365,0.803832,-0.37329,-0.4937315,0.8296241,-0.4262041,-0.4720342,0.7846612,-0.4703017,-0.5000508,0.8284033,-0.4736132,-0.5460498,0.8343652,-0.4284629,-0.478168,0.821291,-0.424458,-0.4615117,0.8346729,-0.363914,-0.445501,0.8108066,-0.3723262,-0.5117841,0.7538671,-0.3690635,-0.4974297,0.8103525,-0.3495459,-0.4740576,0.7927696,-0.3775332,-0.5201602,0.7123438,-0.4245342,-0.5792559,0.7913828,-0.4801123,-0.5706826,0.8730507,0.02657226,-0.006783203,0.8092334,-0.3308027,-0.7391084,0.9973926,-0.5853955,-0.4331094,0.8332207,-0.2331475,-0.6066504,0.6005508,-0.4472461,-0.7592314,0.3957383,-0.1986514,-0.2476162,0.5991172,-0.431502,-0.9003135,0.989665,-0.1343106,-0.4849414,1.062019
0,1,0,0.04158312,-0.6285921,-0.2479848,-0.005752397,-0.4153349,-0.1769799,0.006447912,-0.489268,-0.1742959,0.09209125,-0.7020351,-0.2072372,-0.05528494,-0.5985791,-0.1947926,0.009620522,-0.8811312,-0.3153284,0.1745635,-0.9640921,-0.4444049,-0.1453208,-0.9601882,-0.4319603,-0.1811888,-0.8979667,-0.3880402,0.1379642,-1.051688,-0.224317,0.04914822,-1.001911,-0.00910861,-0.03088432,-1.26226,0.1633995,0.07671989,-1.430131,0.4244793,0.07940392,-1.43184,0.4156958,0.0008355523,-1.232004,0.2048799,0.03084853,-1.028752,0.009435362,0.1601678,-1.11098,-0.3248447,0.07818405,-0.9262713,-0.295076,0.1408925,-0.8120791,-0.3211851,0.02840722,-0.6573837,-0.2523757,0.04085182,-0.7339993,-0.2848285,-0.02576053,-0.618343,-0.1574604,-0.1233599,-0.735952,0.1241161,0.04158312,-0.6017517,0.03383598,0.1057557,-0.7396116,0.04847604,-0.1350716,-0.796952,-0.4102437,-0.007703575,-0.9174879,-0.459532,-0.1567882,-0.7086231,-0.2067486,0.05036809,-0.9999601,-0.2687242,-0.1677686,-1.234688,-0.1396477
0,1,0,-0.1441009,-0.98654,0.2436763,-0.07992829,-1.050467,0.008946789,-0.08114816,-0.7671833,-0.1355011,-0.1018876,-1.185156,0.04335225,-0.01087618,-0.9372517,0.2078083,0.1067313,-1.12318,0.2602676,0.1072199,-1.496255,0.2495314,0.1872524,-1.577019,0.2375754,-0.01526867,-1.260796,0.1294842,0.2050635,-1.064375,-0.05644413,0.07037622,-0.8406279,-0.1167128,-0.01356022,-0.7288755,-0.1272047,0.08257654,-0.5095189,-0.1337926,0.09575243,-0.5180596,-0.0142324,0.0157199,-0.535628,0.09044348,0.0813551,-0.7469309,0.03725132,0.1816401,-0.69618,0.01821878,0.09428827,-0.8379439,-0.1389164,0.07745119,-1.09024,-0.334848,-0.0887117,-1.160511,-0.3511965,0.02938437,-1.162708,-0.2082128,0.06622802,-1.101219,0.02017151,0.106,-1.127084,0.1199679,0.06159126,-1.273483,0.1846275,0.04060753,-1.402071,0.3005281,0.07793976,-1.504551,0.1865802,0.01254729,-1.374012,0.1004468,0.05988437,-1.1366,-0.03838873,0.06647231,-0.9704357,-0.2226086,0.09331112,-0.7552273,-0.3063007
1,0,0,0.1226006,-0.1175,-0.8228379,0.1713252,-0.07398144,-0.8591856,0.2482627,0.01278027,-1.015667,0.2153535,0.05043555,-1.115353,0.1674209,0.09496875,-1.058882,0.303543,-0.03720019,-0.9862393,0.2654717,0.06844336,-1.063639,0.2206738,0.06291015,-1.025212,0.2950469,0.0322041,-1.030822,0.2792334,-0.00003613281,-0.9975967,0.2930049,0.02813379,-1.013149,0.3450567,0.004814453,-1.046311,0.3322685,0.02113281,-1.048772,0.3220703,0.01520605,-1.003526,0.3125342,0.02483105,-1.031143,0.3221523,-0.01865625,-1.003623,0.3215918,-0.04150097,-0.9794346,0.2932891,0.01066699,-0.9859257,0.2279268,-0.003987304,-0.9657021,0.2395166,0.0438584,-0.9445283,0.2001816,-0.009841797,-0.9501513,0.2099785,-0.07491113,-0.9501036,0.1425469,0.05692187,-0.9734394,0.223793,-0.07268457,-1.033133,0.2085488,0.02101074,-1.00559,0.1833252,-0.01445117,-0.9779668,0.2589902,-0.01516211,-0.9151396,0.333249,-0.06270117,-0.9116573,0.2696397,-0.02363086,-1.007107,0.2464541,-0.02341113,-0.9340527
0,1,0,0.2669831,0.8192116,-0.1015842,0.5773511,1.244992,-0.2782405,0.4455921,0.8692312,0.08727088,0.1679196,0.8943631,0.008946789,0.6754391,0.7716318,-0.02130892,0.6058999,0.9560959,-0.04863631,0.2857713,0.7772442,0.2949158,0.8081752,0.6967231,0.1155754,0.426071,0.7084364,-0.08791971,0.3304228,1.060528,0.1602269,0.4646231,0.8338517,-0.37462,0.3260319,0.9451155,0.1780396,0.8943071,1.289887,-0.2984929,0.5270873,1.14056,-0.08547996,0.444615,0.6201074,-0.1516037,0.02249612,0.2409316,-0.1462372,0.3382307,0.5388566,-0.3807209,0.7864602,1.224739,-0.553229,0.6605547,1.195948,-0.7613609,0.5265987,1.037104,-0.7098772,0.5136671,0.8204315,-0.7137811,0.4616948,0.5212882,-0.6300889,0.4546198,0.468096,-0.5561558,0.380931,0.39514,-0.4980841,0.4006948,0.3097394,-0.4329359,0.3489668,0.3914804,-0.3780369,0.2574668,0.5554478,-0.2062601,0.4882909,0.5742361,-0.4209799,0.5200108,0.599368,-0.4204929,0.6305433,0.611324,-0.5615239
1,0,0,0.3490576,-0.0270459,-0.9158555,0.3477266,-0.03522363,-0.9551094,0.3454307,-0.08180761,-0.9362735,0.3639385,-0.05801953,-0.9104756,0.3986338,-0.03401367,-0.9297881,0.3628984,0.0236582,-0.9069854,0.3352422,0.01932617,-0.8585986,0.3258213,-0.01433594,-0.8990635,0.3765859,-0.03359961,-0.8714678,0.2772002,0.03410058,-0.8883408,0.3265224,-0.02197851,-0.8375235,0.2894219,-0.00128418,-0.851667,0.3361084,-0.03482519,-0.9974336,0.2671269,0.04539941,-0.9532959,0.2707168,0.0544209,-0.8704619,0.3009287,-0.04091992,-0.8351113,0.3326113,0.006819336,-1.015704,0.2778506,-0.07189746,-1.04369,0.2919014,-0.03519043,-1.002437,0.2458535,-0.05620605,-0.9881953,0.2439023,-0.01356934,-1.004654,0.2510273,-0.02533203,-0.971458,0.2239785,-0.02954883,-0.8623193,0.1782422,-0.05214942,-0.8107412,0.2362822,-0.05756933,-0.8927412,0.4268613,-0.1126348,-0.9347227,0.3418027,-0.00884375,-1.020402,0.4299629,-0.144458,-0.949373,0.4383525,-0.1243906,-0.9809062,0.4542217,-0.1894229,-0.9830938
0,1,0,0.4751725,-1.075843,-0.545664,0.5703322,-0.928224,-0.480273,0.5593517,-0.8428234,-0.2872682,0.5566677,-0.7874358,-0.1891803,0.8228713,-0.9323722,-0.1111005,0.8968044,-1.181983,-0.2684799,0.8209201,-1.017284,-0.3170369,0.7140472,-0.8852794,-0.2740923,0.5068924,-0.9084601,-0.4161004,0.2431271,-0.912851,-0.3897486,0.1750521,-0.761084,-0.3629082,0.1721238,-0.5746671,-0.4365971,0.1047801,-0.6839797,-0.2767763,0.2838762,-0.5932111,-0.2731167,0.2975391,-0.6400595,-0.3265532,0.3841596,-0.6239553,-0.2209001,0.4937165,-0.4926834,-0.1955239,0.3775716,-0.6124879,-0.3004441,0.5037198,-0.4704798,-0.4600206,0.3719593,-0.6485987,-0.3565646,0.3714723,-0.7586426,-0.46612,0.6088843,-0.7154553,-0.6364326,0.7203924,-0.8628315,-0.2799489,0.7848077,-0.8572192,-0.3080092,0.6601237,-0.6141948,-0.132817,0.3836726,-0.5558788,-0.1228122,0.8633761,-0.6976442,0.9764075,1.611967,-2.208735,-1.278885,0.6564641,-0.09862319,-0.2086998,0.4461352,-0.5236719,-0.193817
1,0,0,-0.3205176,-0.4407715,0.7974882,-0.4093506,-0.4596465,0.7809951,-0.3939512,-0.4864365,0.7943643,-0.3337383,-0.4612139,0.7388955,-0.2893193,-0.4669033,0.7042676,-0.3091631,-0.4570615,0.7105439,-0.4406797,-0.4580303,0.7874502,-0.4793291,-0.4669111,0.8088242,-0.4265175,-0.4904023,0.8197138,-0.3461602,-0.4954365,0.8086016,-0.5012012,-0.4614443,0.806833,-0.4847353,-0.52671,0.8355663,-0.4778662,-0.4721026,0.9011924,-0.4509609,-0.4120019,0.8304072,-0.4115615,-0.4612959,0.8036406,-0.4616094,-0.4690283,0.8231581,-0.47529,-0.4266396,0.8431201,-0.5041454,-0.4640166,0.9180713,-0.4614404,-0.4646202,0.8627969,-0.418666,-0.4742646,0.8036992,-0.413377,-0.4564258,0.8208106,-0.4272187,-0.4450996,0.8826328,-0.4436846,-0.4440322,0.9022861,-0.4376172,-0.4739062,0.8641914,-0.4293994,-0.4592666,0.8686407,-0.3565977,-0.4888213,0.8197285,-0.3650469,-0.4988115,0.8219687,-0.3550615,-0.4445869,0.967131,-0.4154131,-0.50475,0.8698877,-0.3586386,-0.4839082,0.8609248
0,1,0,0.8292165,-1.183936,-0.3995092,0.7645553,-1.294224,-0.5627437,0.6632963,-1.025579,-0.510773,0.3963599,-0.9040676,-0.46612,0.2645994,-0.5653951,-0.4819799,0.1884723,-0.5468511,-0.398045,0.1560196,-0.5685677,-0.426348,0.2099446,-0.5036638,-0.4456248,0.2333681,-0.4599879,-0.2882438,0.2785081,-0.4038674,-0.1840565,0.2746042,-0.5729602,-0.3912128,0.1933518,-0.6954472,-0.4287877,0.2431271,-0.7203348,-0.4690483,0.2460554,-0.9745839,-0.6225238,0.4354006,-0.8498999,-0.6720564,0.3795244,-0.8774716,-0.34412,0.383184,-1.040952,-0.2211444,0.6569511,-0.9828787,-0.386576,0.8360472,-1.254695,-0.5576199,0.7574803,-1.318623,-0.5427372,0.7152686,-1.063887,-0.456361,0.3753762,-0.9565269,-0.4339131,0.3573192,-0.6805629,-0.4107323,0.1977443,-0.6468918,-0.5278528,0.1523599,-0.6586035,-0.5100402,0.2248274,-0.5888201,-0.4761248,0.1384512,-0.4475433,-0.3429001,0.1601678,-0.4875596,-0.1191526,0.3155961,-0.4673072,-0.2718968,0.3412166,-0.550755,-0.5268772
0,1,0,0.05817592,-0.7025237,-0.1647812,0.02572319,-0.6490873,-0.07986916,0.01279157,-0.6576279,0.1316796,0.1113681,-0.6895921,0.01553629,0.08867591,-0.642255,-0.1074408,-0.1179918,-0.7981719,-0.4053642,0.2582557,-0.8762517,-0.3433887,0.007179215,-1.069744,-0.2174848,0.06085995,-1.209799,-0.1591688,-0.09847226,-1.171735,-0.02984805,0.03353257,-1.374012,-0.1686851,-0.01087618,-1.498696,0.2758832,-0.01234035,-1.469659,0.3922708,0.07501144,-1.378159,0.1114272,0.02255213,-1.159535,-0.006668859,0.1870081,-0.9819031,-0.315817,-0.05235661,-0.8398951,-0.4636802,0.05744306,-0.6959358,-0.3438757,0.07379156,-0.629812,-0.2396884,0.06842349,-0.7913396,-0.3082519,0.07769547,-0.8174472,-0.2067486,-0.04381593,-0.7171637,0.01748747,-0.08822468,-0.6954472,0.165108,0.01962381,-0.8538038,0.08995491,0.02401629,-0.7632794,-0.1674652,0.04817107,-0.9218788,-0.4229327,-0.02454066,-1.182472,-0.386089,-0.2336481,-1.225903,-0.3380206,-0.2241319,-1.081211,-0.1379408,-0.1504446,-1.27446,0.06555585
0,1,0,0.1155163,-1.030216,-0.2509131,0.033044,-0.9338348,-0.3067878,0.04670846,-0.6786116,-0.3597372,0.2079919,-0.7840189,-0.2745809,-0.002579787,-0.7259472,-0.1335483,-0.01917258,-0.8359911,-0.04351252,-0.04406022,-0.5614912,0.08824802,0.05061238,-0.5080547,0.1009353,0.09062709,-0.8855237,-0.03741314,0.06110424,-1.003131,-0.142576,0.1491873,-1.013867,-0.3507079,-0.1353159,-1.093167,-0.4261037,-0.1072557,-1.074136,-0.2850727,-0.2285243,-1.073403,0.03456728,0.1916433,-1.051931,0.1477838,0.05573617,-1.326431,0.2605118,0.1001434,-1.478688,0.2878392,0.04597561,-1.337167,0.35616,0.03157983,-1.135379,0.1785281,0.1013632,-1.130744,0.02724803,0.0937997,-1.065595,-0.224804,0.1357671,-0.9394472,-0.3133757,0.1560196,-0.7906068,-0.2904408,0.04817107,-0.7720628,-0.2326119,0.008887663,-0.7732827,-0.1647812,-0.0006286092,-0.9870269,-0.1462372,-0.05601624,-0.873812,0.1124028,0.04670846,-0.5302599,0.01846306,0.08013523,-0.6795872,0.08580827,0.1081955,-0.7562029,0.1338751
1,0,0,-0.3926074,-0.5212002,0.7618877,-0.4335098,-0.5146875,0.8594491,-0.3765517,-0.465374,0.7066718,-0.3922431,-0.4479375,0.7990361,-0.4453223,-0.4890723,0.8432177,-0.4390137,-0.4464795,0.8327929,-0.437376,-0.4518496,0.8697685,-0.4110059,-0.4524375,0.7995742,-0.3654795,-0.4742246,0.7773681,-0.3104287,-0.4169502,0.7220225,-0.2917764,-0.4505488,0.7514268,-0.4282715,-0.4282832,0.7761787,-0.4582978,-0.4156084,0.7690391,-0.4754297,-0.4999814,0.7921407,-0.4592451,-0.435085,0.7579453,-0.4331572,-0.4905098,0.8185322,-0.4916367,-0.4142978,0.7631162,-0.3799717,-0.4359541,0.7822256,-0.4943525,-0.4464795,0.7795908,-0.5113389,-0.4230556,0.8415615,-0.4934668,-0.4728545,0.8085108,-0.5491269,-0.456458,0.8872374,-0.5082334,-0.4641777,0.8495576,-0.5026875,-0.4855879,0.8389912,-0.4558037,-0.408957,0.8586445,-0.4539014,-0.4746475,0.8268536,-0.4388516,-0.4116875,0.7830938,-0.4461211,-0.4676338,0.8132744,-0.4358867,-0.4765029,0.774,-0.4147578,-0.4699267,0.8395078
0,1,0,0.04500002,-0.812812,-0.2291965,-0.04308463,-0.7527875,-0.08352879,-0.00306836,-0.4941475,-0.1084164,0.05549188,-0.5275759,-0.008620038,0.03011567,-0.6878837,0.05677088,0.106487,-0.9372517,-0.1042682,-0.007947861,-1.040952,-0.3211851,0.003275303,-1.12684,-0.2431037,0.0896515,-1.21468,-0.07059717,0.06037138,-1.172224,-0.2047959,-0.05577195,-0.9899552,-0.03350923,-0.03259277,-1.143431,0.1121601,0.1469919,-1.244447,0.2417236,0.06891207,-1.452579,0.3112642,0.08403914,-1.455996,0.1414402,0.05012381,-1.32204,0.0728751,-0.01209606,-1.097559,-0.09572909,0.07940392,-0.9126068,-0.2694571,0.1423551,-0.7774309,-0.3026411,0.06598374,-0.7469309,-0.1430646,-0.02820028,-0.6617761,-0.1874718,-0.004288235,-0.3875189,-0.1516037,0.05061238,-0.4241198,-0.09206791,0.1081955,-0.9133396,-0.1535565,-0.02454066,-0.8511198,-0.05741972,0.06159126,-0.7671833,-0.157949,-0.0484527,-0.8789358,-0.5232161,-0.1421482,-0.9709227,-0.5154082,-0.1148208,-1.214436,-0.5954407,-0.1675244,-1.134159,-0.3487568
0,1,0,0.054272,-0.9367631,0.104108,0.08916448,-1.087799,0.2148832,-0.1121367,-0.7178951,-0.0915809,-0.1262882,-0.7776752,-0.005448984,-0.02893158,-0.7891442,0.05555101,-0.09237288,-1.374743,0.02773505,0.05988437,-1.617035,0.3024793,-0.07895269,-1.509188,0.1206992,0.04646418,-1.165879,0.01382785,0.02792021,-0.8923559,-0.2250483,-0.149956,-0.7593755,-0.1533122,0.1113681,-0.6534798,-0.1174441,0.05207654,-0.4175319,0.03822691,-0.1165277,-0.4397355,0.1458311,0.1735879,-0.7444912,0.02358685,0.03328828,-0.7954879,0.08824802,0.07598703,-1.029972,-0.09938872,-0.002092771,-1.169051,-0.261892,0.09721504,-1.266895,-0.3023968,-0.04820842,-1.113908,-0.2045532,0.03572803,-1.015576,-0.02106463,-0.05943158,-1.080235,0.03944679,0.04841536,-1.371571,-0.01569656,-0.06699667,-1.523095,0.2280591,0.09672802,-1.481859,0.04042393,0.0005912661,-1.172468,-0.06840015,0.05720033,-0.8945514,-0.2650646,-0.01941687,-0.8662468,-0.2670158,0.09355541,-0.715211,-0.1935727,0.1079512,-0.6498201,-0.2806802
0,1,0,0.01059611,-0.9006507,-0.2069929,0.1709039,-0.8547794,0.0121194,-0.02868885,-1.089019,-0.1447731,-0.004532522,-1.149043,-0.562988,0.08233225,-1.279828,-0.5932437,0.1106352,-1.123911,-0.139892,0.05476058,-1.021188,-0.0618122,0.05622318,-1.162219,0.1228962,0.1042916,-1.214436,0.1668148,-0.04357164,-1.520167,0.2539239,0.02450331,-1.434279,0.2834483,0.05109939,-1.233467,0.04017964,0.0937997,-1.0756,-0.1428203,0.117956,-0.9418869,-0.2482291,-0.01014488,-0.7713315,-0.2965402,0.07720846,-0.7588869,-0.2670158,0.08770032,-0.7044749,-0.1628285,0.04256027,-0.5488039,-0.1057324,-0.009167736,-0.2799147,0.08678386,0.1218599,-0.7278999,-0.137208,0.06769219,-0.7574227,-0.1681965,0.08623616,-0.971167,-0.1635598,-0.06040872,-0.9921507,-0.1547763,0.1352801,-1.115128,-0.2814131,0.1365,-1.075356,-0.2174848,-0.09285989,-1.251524,-0.2196802,0.06183554,-1.041683,-0.2440809,0.09672802,-0.9572598,-0.005204698,0.08428343,-1.393043,0.2495314,0.04743977,-1.489911,0.3098001
0,1,0,0.02255213,-0.8601475,-0.0405842,-0.04674425,-0.7432713,0.003823002,-0.00550811,-0.9887354,0.1199679,0.07379156,-1.068279,0.2817399,0.09770361,-1.508455,0.2963799,0.03914337,-1.630944,0.1841389,0.2016482,-1.2891,0.07360796,0.1069756,-1.17076,-0.08377307,0.05573617,-0.5778397,-0.1899131,0.228,-0.7949993,-0.233589,-0.06479965,-0.5100074,-0.08084475,0.0108404,-0.5500237,0.07677902,0.1072199,-0.520255,0.08019591,-0.01746413,-0.7552273,-0.01179265,0.02865151,-0.912851,-0.1684408,-0.1358045,-0.8552679,-0.2865369,0.03206841,-0.9550628,-0.3621769,0.1587036,-1.098779,-0.3726688,0.1355244,-1.010208,-0.2989799,-0.03039575,-1.050467,-0.1225679,0.0889202,-0.9501833,-0.0840158,0.08355212,-1.122203,-0.006180287,0.06842349,-1.137576,0.07507212,0.143088,-1.075843,0.1475396,0.084772,-1.572628,0.1643751,0.1282036,-1.43062,0.1892643,0.05524759,-1.177835,0.06433597,0.1067313,-1.155387,-0.1496526,0.2362964,-0.7989032,-0.1940598,-0.05967586,-0.7391231,-0.181861
0,1,0,0.08818734,-0.7554716,-0.2938561,0.05890722,-0.6366442,-0.1581917,0.02499188,-0.7074032,-0.2657959,-0.02649183,-0.7281426,-0.6154489,0.08208796,-0.8840595,-0.6195971,0.1211271,-0.9855628,-0.3738887,0.09623945,-1.054859,-0.3175239,-0.09505691,-1.047051,-0.1479441,-0.01185177,-1.206872,0.03310312,0.1150277,-1.377183,0.2556308,-0.1933876,-1.587024,0.1402203,-0.03356836,-1.41476,0.07067963,0.06769219,-1.277144,-0.130133,-0.1011563,-0.9636035,-0.2116281,0.157728,-0.8701507,-0.2962959,0.1335717,-0.7832875,-0.3082519,0.06525244,-0.745224,-0.2238284,0.1138078,-0.535628,-0.111589,0.01254729,-0.474628,0.01333927,-0.06357978,-0.4433951,0.05506399,0.1282036,-0.7088674,-0.1125646,-0.1216514,-0.6041915,-0.3099604,0.00815636,-0.876983,-0.2299278,0.09257983,-1.227612,-0.2028447,-0.33564,-1.162708,-0.2628691,0.103316,-1.238835,-0.368032,-0.2092475,-1.043636,-0.2823887,-0.02673612,-0.9321279,-0.1694164,-0.09139574,-1.217364,0.002358841,-0.1118924,-1.503576,0.151932
0,1,0,0.453456,-0.5217192,-0.2304164,0.3714723,-0.6124879,-0.46612,0.3155961,-0.7674276,-0.5078447,0.4673632,-0.8706393,-0.5761639,0.5049397,-0.8130547,-0.395848,0.535684,-0.7835318,-0.5063805,0.5334885,-0.7344879,-0.5524961,0.6352361,-0.7108201,-0.3931639,0.6859885,-0.7049634,-0.334848,0.6535358,-0.8125677,-0.3053252,0.8882637,-1.063156,-0.4080483,0.8789917,-1.119763,-0.4012161,0.8118924,-0.9396914,-0.4087811,0.6103485,-0.8355041,-0.4400125,0.3995325,-0.7913396,-0.5068691,0.3033957,-0.6708038,-0.5339522,0.148943,-0.6041915,-0.4541639,0.2907084,-0.5756426,-0.5076004,0.3290162,-0.6656801,-0.4534326,0.2958322,-0.4895108,-0.2106525,0.3002231,-0.5058593,-0.1813724,0.4749283,-0.5287957,-0.2282209,0.5044511,-0.62054,-0.2855597,0.3504885,-0.7471752,-0.3128887,0.4114885,-0.8045155,-0.4395239,0.4495521,-0.8794227,-0.4017046,0.5200683,-0.8489227,-0.4736851,0.6108354,-0.9174879,-0.6008088,0.4363762,-0.9453038,-0.3668121,0.5730162,-0.8020758,-0.3934082
1,0,0,-0.4394639,-0.4083955,0.7783477,-0.4289531,-0.3661133,0.7792871,-0.334834,-0.3908769,0.815166,-0.3533574,-0.4082089,0.7502783,-0.3945273,-0.4218574,0.798333,-0.359122,-0.3614306,0.8519688,-0.451458,-0.4730498,0.9956806,-0.3828457,-0.4475058,0.9388573,-0.3950703,-0.4017275,0.9072832,-0.4183877,-0.4728506,0.903957,-0.3292461,-0.4111201,0.9800303,-0.395082,-0.5003721,0.8525635,-0.4052022,-0.4556357,0.8913779,-0.3543096,-0.4385478,0.8893984,-0.3620371,-0.4255029,0.8512314,-0.3840039,-0.417709,0.9402256,-0.4297002,-0.4500771,0.8782022,-0.4392725,-0.4445107,0.8547842,-0.4529033,-0.4163496,0.855249,-0.4274307,-0.4301358,0.8268437,-0.4024219,-0.4532285,0.7773096,-0.3589678,-0.3994717,0.7178389,-0.311625,-0.4618789,0.7370605,-0.4439062,-0.4373311,0.8463476,-0.4908145,-0.4348604,0.8867471,-0.4244463,-0.4504033,0.8515224,-0.4816133,-0.4577393,0.8117695,-0.424998,-0.4020899,0.7542247,-0.3893516,-0.3926963,0.8194395,-0.3957295,-0.4241611,0.858749
0,1,0,0.4987828,0.7260032,-0.5110157,0.5329439,0.7809038,-0.1064637,0.7105758,0.5774071,0.1551031,0.6534798,0.3234039,-0.1111005,0.7993917,0.8907035,-0.1635598,0.9299884,-1.100488,-0.3919441,0.6013192,-0.6693397,-0.3443643,0.4236873,-0.2328235,-0.06498481,0.4551644,-0.636887,-0.1145158,0.6176677,-0.9672631,-0.5090646,0.6703713,-0.6559195,-0.562988,0.510552,-0.7984162,-0.1928399,0.8404396,-1.048516,-0.6300889,0.8824071,-1.073892,-0.6754717,0.5329999,-0.9723869,-0.6061769,0.4097801,-0.730584,-0.665957,0.2480081,-0.5592957,-0.492229,0.2221433,-0.4263153,-0.3902372,0.3116921,-0.5353837,-0.4844212,0.3468274,-0.3011427,-0.3416802,0.2326352,-0.3343267,-0.088164,0.4466237,-0.575887,-0.1442845,0.4183192,-0.6424993,-0.3875532,0.4068518,-0.8564879,-0.4182959,0.4088045,-0.8150074,-0.3192323,0.3987997,-0.92554,-0.6039799,0.5207996,-0.8428234,-0.7457452,0.5139674,-0.8894276,-0.4670971,0.4046563,-1.006548,-0.221633,0.6064445,-0.9123641,-0.2504245
0,1,0,0.02596747,-0.7559602,-0.3470483,0.04256027,-0.6732436,-0.2355402,-0.00550811,-0.7940237,-0.06205649,-0.02063674,-0.7459553,0.1597399,0.00595934,-0.6098039,0.1702317,-0.02258792,-0.8625872,-0.09548481,0.06866778,-0.8562436,-0.184545,0.07867107,-0.9394472,-0.2970288,-0.02087947,-0.959211,-0.4451362,0.002055428,-1.017284,-0.4924718,0.1401596,-0.9731197,-0.2557926,0.03157983,-1.051688,-0.3877959,0.06232411,-1.096828,-0.3975564,0.1330831,-0.8233038,-0.06278779,0.054272,-1.111467,0.04823175,0.02035511,-1.098291,0.1926796,0.04475573,-1.514312,-0.03741314,0.03133555,-1.389872,0.03383598,0.03719219,-1.266408,-0.07791642,0.01303586,-1.097071,-0.2077242,0.1028274,-1.018747,-0.3270402,0.03353257,-0.8616116,-0.316304,0.04158312,-0.7954879,-0.2360288,0.09453256,-0.8003674,-0.1757601,0.06671505,-0.6673869,-0.09426493,-0.03698369,-0.6039472,0.05237995,0.07745119,-0.3965482,0.06775132,0.0674479,-0.8381882,-0.002764947,0.009863252,-0.8816198,0.01651188,0.06622802,-1.072672,-0.1738089
0,1,0,0.3231596,-0.5334309,-0.7169521,0.2155554,-0.7505921,-0.5141883,0.1957915,-1.081211,-0.4841769,0.5654511,-0.9191947,-0.872869,0.5671595,-0.9518917,-1.047817,0.6213273,-0.8703951,-0.440501,0.7255162,-1.151727,-0.2472519,0.6972116,-1.352784,-0.5861688,0.6486562,-1.117323,-0.3629082,0.5588632,-0.9828787,-0.3963366,0.3883078,-0.8735676,-0.4417209,0.2075033,-0.715211,-0.440988,0.1684642,-0.6703153,-0.4831998,0.2897313,-0.5097632,-0.4614848,0.02181927,-0.7049634,-0.3990206,0.2277557,-0.3755629,-0.3487568,0.1799316,-0.4770677,-0.1908887,0.2380033,-0.477312,-0.2631119,0.2355635,-0.663483,-0.2980043,0.2292199,-0.7374162,-0.4956444,0.2172638,-0.7588869,-0.5949522,0.2204365,-0.7910954,-0.3812079,0.3507313,-0.9065074,-0.5805564,0.4273485,-0.9716556,-0.5664049,0.5527638,-0.9999601,-0.4156118,0.5188485,-0.8896719,-0.3926769,0.7582116,-1.237128,-0.4065841,0.8023761,-1.268603,-0.4990597,0.6645162,-1.090972,-0.3960923,0.4683403,-0.9916637,-0.4487959
0,1,0,0.261184,-0.5319668,-0.5405402,0.1560196,-0.5351394,-0.5144326,0.2087232,-0.5778397,-0.421957,0.2114072,-0.6300547,-0.3960923,0.3119364,-0.8391637,-0.4553838,0.340728,-0.6705595,-0.4644131,0.4346677,-0.5395319,-0.3331411,0.2855831,-0.6268837,-0.4295206,0.3946514,-0.6171231,-0.2562812,0.4427198,-0.6661671,-0.4370841,0.5515439,-0.9030921,-0.8731118,0.6237671,-0.8667354,-0.5742127,0.66964,-1.124156,-0.334361,0.6662231,-0.9413999,-0.2967845,0.4554071,-0.7142354,-0.0666917,0.2077476,-0.7437599,-0.3965808,1.025148,-0.7542517,0.1878001,1.398467,-2.415647,-1.947932,0.3648843,-0.1842681,0.1729158,0.7933484,-0.09862319,-0.3094718,0.4568713,-1.009963,-0.08669984,0.6850113,-0.7381475,-0.3185011,0.5786285,-0.6676312,-0.1455044,0.7030683,-0.7862158,-0.2391998,0.8958273,-0.6259081,-0.5783609,0.8641074,-0.2962632,-0.3206965,1.12348,-0.08544729,0.08971218,1.098835,-0.6708038,-0.3121558,0.6215716,-0.1061867,-1.491897,0.1971997,0.6208403,-1.474573
0,1,0,0.106487,-0.9875155,0.005775736,0.0986792,-1.192963,0.1114272,-0.01868401,-1.6307,0.1624239,-0.0352768,-1.439892,0.02017151,-0.03332407,-1.202724,-0.1040239,0.007423501,-0.9116312,-0.1808839,0.08306355,-0.8596589,-0.3106932,0.0813551,-0.6044358,-0.1777128,0.0930684,-0.7059391,-0.2318806,0.06793647,-0.5034195,-0.1230565,0.07208312,-0.4104554,-0.09206791,0.0798925,-0.4914635,-0.2426167,0.05305213,-0.6156589,-0.3497323,0.02596747,-0.5627111,-0.2318806,-0.2265716,-0.7215547,-0.1891803,-0.01234035,-1.246156,-0.4307405,0.1655358,-1.197112,-0.4949131,0.2506922,-1.221755,-0.383892,0.02865151,-0.9670188,0.04871877,0.02938437,-1.271776,0.1170396,-0.1675244,-1.608252,0.2290363,-0.04381593,-1.513092,0.2470917,-0.05650481,-1.338875,0.01553629,0.03889909,-1.094631,-0.2187047,0.1777361,-0.6507957,-0.2767763,-0.0352768,-0.6942273,-0.3180125,-0.0238078,-0.7095987,-0.3243561,0.01059611,-0.6564081,-0.2321249,0.05402772,-0.5505108,-0.1681965,0.05622318,-0.4055759,-0.1123203
1,0,0,0.3660654,-0.09562402,-0.9781933,0.3302158,-0.1194082,-0.9754872,0.2987568,-0.04551172,-0.9738945,0.3527051,-0.112418,-0.912164,0.3216523,-0.1058252,-0.9494863,0.3313213,-0.06294434,-0.9354561,0.4239619,-0.1421162,-1.024058,0.3152021,0.05224512,-1.003705,0.38479,-0.01002344,-0.9719405,0.3720596,-0.0451582,-0.9640918,0.3385557,-0.1446973,-0.9875644,0.3417725,-0.07616211,-0.9818125,0.3266475,0.06592675,-0.9590615,0.3109287,-0.02797168,-0.97421,0.321707,-0.02265039,-0.9851963,0.3375293,-0.0119082,-0.9801591,0.3820107,-0.1184375,-0.9856007,0.3517139,0.01554395,-1.014786,0.3441709,0.01984863,-0.9496182,0.3294961,-0.00546582,-0.9890811,0.3287959,0.05232715,-1.036614,0.3401113,-0.06006933,-1.033002,0.324251,-0.0561914,-0.9259005,0.3457676,0.005948242,-1.01581,0.2973594,-0.04466309,-0.9784229,0.3455332,-0.003530273,-0.9216036,0.3026065,-0.01795215,-0.9053252,0.2283877,-0.06445508,-0.8800508,0.2569824,-0.05509082,-0.9374766,0.3066982,-0.1164111,-0.9322237
0,1,0,-0.06138431,-0.9755595,0.2422122,-0.0706563,-0.9667761,0.2751519,-0.02234364,-1.005328,0.2373311,-0.1104283,-0.9333478,0.1541275,-0.07236475,-0.9731197,0.2278148,-0.1353159,-1.100244,0.2622203,-0.05967586,-1.111224,0.2480672,0.009863252,-0.9291996,0.2053669,0.05939579,-0.8996752,0.1504679,-0.1045716,-0.7464439,0.259779,0.02621176,-1.817848,0.3603082,0.4651677,-0.7937794,0.1084989,-0.03015146,-0.6449391,-0.01398811,0.03767921,-0.9977631,0.03505586,-0.2094918,-1.647535,0.2566079,0.02328344,-1.506991,0.113867,-0.009656309,-0.9958119,-0.0840158,0.08330784,-0.7857273,-0.1855206,0.1079512,-0.6522599,-0.2191932,0.09550814,-0.5863788,-0.3001998,0.07476716,-0.7154553,-0.282633,0.1677313,-0.7552273,-0.2104083,0.09892349,-0.7110628,-0.1350125,0.07525573,-0.95482,-0.1691721,0.01791536,-0.837211,-0.06400923,0.084772,-0.5832078,-0.4231769,0.04231598,-0.7076475,-0.4631932,0.1709039,-0.8550237,-0.3687649,-0.03771655,-1.013623,-0.4783203,-0.2268159,-1.012159,-0.2723838
0,1,0,0.04841536,-1.207603,0.03920405,0.1011205,-1.078771,-0.2167519,0.1655358,-0.906996,-0.2875125,-0.149469,-0.7627909,-0.3109359,0.05256356,-0.6344472,-0.3897486,-0.002092771,-0.6712909,-0.3099604,0.08770032,-0.653724,-0.1847878,-0.08358791,-0.5458755,0.1629109,0.06720362,-0.6366442,0.1058149,0.02279642,-0.6808071,0.006507039,0.002788286,-0.3811752,0.09117479,-0.09822797,-1.075843,-0.4546525,0.1640717,-1.169296,-0.1952812,-0.07773282,-1.420372,-0.1123203,-0.1885081,-1.124156,-0.1628285,-0.004288235,-1.151483,0.04237511,0.05768734,-1.256159,0.1145998,0.06159126,-1.009719,0.1060591,0.0164512,-0.9694601,0.2073197,0.08330784,-1.076087,0.1202122,-0.08334363,-0.8167158,0.1919483,-0.001604198,-1.036071,0.2092708,0.07379156,-1.114151,0.1968278,0.07208312,-0.9423755,0.2078083,0.09745932,-0.8559993,0.1573001,0.008399091,-0.9460351,0.2595363,0.002544,-1.236639,0.3942236,0.006692199,-0.979952,0.3341992,-0.05894456,-0.9943478,0.3783636,0.06427529,-1.282268,0.3093115
0,1,0,0.09526386,-1.089019,-0.1535565,0.05158797,-1.130744,0.04725616,0.0591515,-1.129035,0.2656356,0.2231205,-1.065107,0.2348914,0.2016482,-1.295444,0.3210233,0.1945717,-1.557255,0.210248,0.07720846,-1.417688,0.07824317,0.08574758,-1.106587,-0.08060046,0.04231598,-0.998983,-0.2511558,0.1408925,-0.7644993,-0.2255369,0.05036809,-0.5861361,-0.2416411,0.2262915,-0.6895921,-0.2518887,0.008399091,-0.5068349,-0.08377307,0.1569951,-0.6163918,-0.02765258,0.1616319,-0.9965432,-0.06718028,0.09599517,-0.7881671,-0.01252395,-0.1223843,-0.8032957,-0.1269604,-0.1277524,-0.8772273,-0.3233806,-0.09871654,-0.9906881,-0.383892,0.2194593,-1.360103,-0.05717699,0.231171,-1.315208,0.1294842,0.04817107,-1.266164,0.02871219,0.2165325,-0.9704357,0.1319239,0.3099837,-1.383771,0.2944272,0.0930684,-1.490887,0.3005281,0.1587036,-1.382307,0.2817399,0.1452834,-1.333263,0.00870406,0.1162476,-1.069499,-0.1650239,0.1613876,-0.7937794,-0.3387519,0.1201515,-0.6771475,-0.2599408
0,1,0,0.2406873,-1.002887,-0.5078447,0.007423501,-1.210287,-0.386089,0.1211271,-0.9550628,-0.1806411,0.1892036,-1.114151,-0.09060375,0.05085511,-1.223708,-0.0618122,0.01230456,-1.5087,0.05994349,-0.02698041,-1.42696,0.03895977,0.04158312,-1.365471,-0.07328121,0.06939908,-1.065595,-0.2572568,-0.01356022,-0.8113478,-0.3372878,0.1282036,-0.6371312,-0.3394848,0.1035603,-0.6500629,-0.2721411,0.115272,-0.5117159,-0.1494083,0.07867107,-0.6373755,-0.1459929,0.05183225,-0.8745432,0.03115194,0.07086324,-0.8120791,-0.1469685,0.04500002,-0.8111035,-0.09524052,0.2284886,-0.9740953,-0.2955646,0.1721238,-0.8901589,-0.4639245,0.1333274,-1.107076,-0.2809245,-0.01234035,-1.155387,-0.2367601,0.1616319,-1.222975,-0.1625842,0.2018925,-1.275191,-0.07645226,0.0674479,-1.071695,-0.04595227,0.05646747,-1.290807,0.2922317,-0.06431264,-1.501623,0.2524597,0.05695604,-1.429644,0.1124028,0.0164512,-1.23054,-0.06620469,-0.01087618,-1.038755,-0.2438366,0.07135181,-0.8203755,-0.3853561
0,1,0,0.07184039,-0.9111442,-0.313133,0.1399153,-1.006304,-0.3687649,-0.09896083,-1.126351,-0.2980043,-0.03942344,-0.9411556,-0.05302879,0.1621205,-1.183203,0.1429028,0.02694306,-1.394019,0.1575429,0.1182003,-1.534807,0.243919,0.04353586,-1.268359,0.149248,0.148456,-1.168076,0.01748747,0.106,-1.122203,-0.157949,0.1118551,-0.9821475,-0.3199652,0.06281113,-0.7776752,-0.2108968,0.0937997,-0.6991068,-0.2904408,0.07452442,-0.5934553,-0.1472128,-0.08651623,-0.5319668,0.05677088,0.04402443,-0.477799,0.1809679,0.08989578,-0.7635237,-0.08133177,0.08574758,-0.8784472,-0.04936916,0.09331112,-0.8955269,-0.3821851,-0.09969214,-1.048516,-0.419273,0.2016482,-1.148068,-0.2050402,0.009620522,-1.244936,-0.2006477,0.1962801,-1.119519,-0.09768027,0.03645933,-1.325455,-0.06376494,0.1213714,-1.469903,0.1758441,0.1120994,-1.412807,0.2383083,0.08330784,-1.216144,0.1592513,0.1511401,-1.192475,0.00553145,0.2009153,-0.9867842,-0.1864962,0.05817592,-0.7874358,-0.2511558
1,0,0,-0.4250791,-0.4159814,0.8398086,-0.4138682,-0.3935801,0.8717734,-0.4239951,-0.4302656,0.8042881,-0.4476982,-0.4006279,0.9242881,-0.4916358,-0.4299736,0.8451464,-0.4950478,-0.4514306,0.8946943,-0.4408613,-0.3587148,0.8618575,-0.3830762,-0.3379824,0.9038281,-0.4417968,-0.4637432,0.8480214,-0.4279043,-0.3607578,0.8682988,-0.4080996,-0.3683994,0.6995703,-0.4420352,-0.3671465,0.815917,-0.4235156,-0.4124746,0.7458447,-0.3999892,-0.3736367,0.7220137,-0.3775049,-0.3824238,0.6888242,-0.3584072,-0.3793105,0.7516611,-0.3659267,-0.324125,0.7723389,-0.5366289,-0.3298994,0.7661328,-0.4917431,-0.3321045,0.6184424,-0.1818867,-0.1873545,0.6283994,-0.5642051,-0.5761465,0.6446738,-0.4293486,-0.4834971,0.6561123,-0.3672041,-0.4151553,0.5201289,-0.4683213,-0.6857734,0.6033916,-0.8248574,-1.085463,0.7440498,-0.2760117,-0.4088115,0.6591455,-0.486624,-0.5323359,0.6068721,-0.515375,-0.5194531,0.6204365,-0.2395088,-0.5506826,0.5673535,-0.5806963,-0.7271835,0.6096269
1,0,0,0.3293779,0.07259277,-0.9232461,0.2815898,0.1282988,-0.8850459,0.2992461,0.1684668,-0.9657314,0.3515156,0.03647558,-0.9846417,0.3122168,0.02290918,-0.9461485,0.3517187,0.003253906,-0.9207383,0.3811865,0.002422852,-0.9987032,0.3241221,-0.008370116,-1.048648,0.3240244,0.009223633,-1.070049,0.2931778,0.01458887,-1.024313,0.3283076,-0.006486328,-1.082891,0.331375,0.004285156,-0.9535732,0.3485479,-0.06312207,-1.008814,0.3233086,-0.01805762,-0.9127148,0.2693194,0.06326757,-0.8416816,0.3705283,0.01546582,-0.8849806,0.2874375,-0.007891601,-1.020348,0.2907588,-0.007670898,-0.9561983,0.341582,-0.06886719,-0.922873,0.2587266,-0.09443261,-0.8896835,0.2151367,-0.04720313,-0.858292,0.1699922,-0.0420664,-0.8147803,0.3045918,-0.1150605,-0.8558994,0.3189199,0.07240234,-0.9608681,0.3534307,-0.0596416,-0.9926484,0.356373,0.06003027,-1.051103,0.3375381,-0.03379297,-1.005767,0.3886485,-0.05616699,-1.05407,0.3434795,0.01530957,-1.063086,0.2958525,-0.04448242,-0.9851035
1,0,0,0.34121,0.009951171,-0.8742177,0.2618184,0.06276953,-0.9147676,0.2404063,-0.03646192,-0.8657823,0.2606865,0.04665527,-0.9269248,0.2398135,-0.004806641,-0.9519336,0.2744375,-0.03652539,-0.9224179,0.3102695,-0.04647754,-0.9209365,0.2821514,-0.03590137,-0.9973125,0.2428652,-0.01988672,-0.9081026,0.2711016,0.03580957,-0.8822022,0.2915742,-0.01832519,-0.9380195,0.2592158,-0.03014649,-0.9846758,0.2204482,-0.05237207,-0.9369376,0.251417,-0.001706055,-0.949336,0.224666,-0.05054785,-0.9428115,0.2131601,0.01495801,-0.8849473,0.1522637,-0.03374219,-0.9022335,0.3306192,-0.03047363,-0.9122207,0.2776963,-0.02664648,-1.001429,0.3276474,-0.08549707,-0.958043,0.3368242,-0.02981445,-1.026325,0.280917,0.01983398,-1.022618,0.3443525,-0.08519141,-0.9728349,0.3583682,-0.05472559,-0.9577275,0.3268086,-0.08617578,-0.9461757,0.3069375,-0.03328222,-0.8931748,0.2896484,0.05047168,-0.8966289,0.2725937,0.004524414,-0.9039443,0.3011426,0.06976562,-0.9632041,0.2727295,0.1063574,-0.9729083
1,0,0,-0.3256719,-0.4598398,0.7501181,-0.4326943,-0.4900391,0.7345644,-0.4075107,-0.5397793,0.7917285,-0.3617949,-0.4906562,0.7453857,-0.3844072,-0.4752275,0.7410176,-0.4699287,-0.4833291,0.7922119,-0.4726211,-0.5323301,0.8826826,-0.461167,-0.5136338,0.7759707,-0.4342354,-0.4478457,0.8331113,-0.4147978,-0.4301386,0.75225,-0.4497529,-0.4571357,0.8244531,-0.4635879,-0.4870518,0.850747,-0.5047187,-0.5164649,0.8964003,-0.4605283,-0.4632012,0.8485859,-0.4823105,-0.468997,0.7673692,-0.4755449,-0.4383047,0.8195742,-0.4316992,-0.4450547,0.7292939,-0.4226943,-0.4635615,0.7781143,-0.4228106,-0.4599687,0.8094072,-0.3933721,-0.4963095,0.8065381,-0.3800879,-0.4795088,0.836207,-0.3476221,-0.4844248,0.7773867,-0.3571279,-0.4388769,0.7761758,-0.3755039,-0.4715059,0.7969882,-0.3798955,-0.4864111,0.7810791,-0.3581885,-0.4945937,0.7931045,-0.3682851,-0.4732959,0.8069531,-0.3783164,-0.501583,0.7525996,-0.3402051,-0.4521143,0.7683506,-0.3492988,-0.5280283,0.7392598
0,1,0,0.1015515,-0.4098159,1.154039,-0.243709,-0.5767116,0.9854352,0.2145238,-0.5337686,0.1363148,0.2125711,-0.3685797,0.1875558,0.09813617,-0.04381593,1.684495,-0.1092644,0.01376716,1.761355,-0.02654785,-0.1650846,1.076935,0.3057795,-0.3802915,0.1241161,0.3094391,-0.3219755,0.07922032,-0.182709,-0.3295406,1.859932,-0.4318328,-0.3392996,1.616176,-0.4428132,-0.3878566,0.911015,0.4119195,-0.286596,-0.6081281,0.8477029,-0.2204722,-0.3973121,-0.4916129,-0.9266089,-0.4329359,-1.159684,-1.743032,-1.076608,0.05836263,-0.4925324,-0.2770206,0.9228559,-0.1367801,-0.02716401,0.761571,-0.3056286,-0.0000809101,-1.026948,-1.31042,-0.5083333,-1.010844,-1.646164,-0.8667681,-0.1717286,-0.8246155,-0.2967845,0.98654,-0.2514608,-0.2250483,1.097559,-0.2629282,-0.5288284,-0.1470852,-0.5696366,-0.6552209,0.1125319,-0.6064803,1.553956,0.4804831,-0.399324,1.291168,0.3528707,0.05720033,1.318984,0.4338788,0.1050244,0.9198,0.4719439,0.07696418,0.7182561
0,1,0,0.1613876,-1.29154,0.2788115,0.02230785,-1.561892,0.3124841,0.05280784,-1.306667,0.3034549,0.0469512,-1.012892,-0.01569656,0.0493925,-0.9643348,-0.1032926,-0.01209606,-0.8435562,-0.04082848,0.1162476,-0.6054114,-0.05424866,0.07842834,-0.6032159,-0.078405,-0.05064816,-0.6888592,-0.03033662,0.1216157,-0.9604309,-0.215532,0.06671505,-0.9333478,-0.07376823,0.1574837,-0.8015872,-0.1196411,0.01547561,-0.7591312,-0.2001607,0.01474431,-0.658115,-0.339729,0.09062709,-0.8847908,-0.2941004,0.1328404,-1.123423,-0.4646558,-0.01990388,-0.7901198,-0.545664,0.2523991,-0.9299309,-0.4666085,0.007667788,-0.9555514,-0.1311086,0.07623132,-1.105856,0.06213896,0.07428014,-1.170516,0.1175281,0.04134039,-1.109027,0.170476,0.1377199,-1.431351,0.2524597,0.02987139,-1.435988,0.4339955,0.1487003,-1.2952,0.1924353,0.1011205,-1.192963,-0.05571283,-0.002335501,-0.9335921,-0.191133,0.185544,-0.6937388,-0.3394848,0.01181599,-0.65104,-0.282633,0.07013194,-0.6576279,-0.2382242
0,1,0,0.794268,0.8582523,-0.858716,0.197444,0.8855797,-0.004960411,0.2455108,0.5251921,0.2558751,1.035828,1.24548,0.426432,0.5397761,0.7621155,0.3424956,0.6373755,0.7513794,0.1043522,0.8850351,0.6918436,-0.03716885,0.796952,0.6981872,-0.3028838,0.7161882,1.471181,-0.3285043,0.4455921,0.6281595,0.4039841,0.7491279,1.075656,0.4293603,0.07641958,0.6569511,-0.1625842,0.2699114,0.7018484,0.1131357,0.6742192,0.8436123,-0.2065044,0.5561231,1.394808,0.2331829,0.3897159,0.6693957,-0.4251281,0.2501476,1.036129,-0.0874327,0.4721882,0.7706562,-0.05302879,0.5009798,0.5488599,-0.2833643,0.6200514,1.315997,-0.09792456,0.8801556,1.23328,-0.322892,0.5763755,0.9116872,-0.2999571,0.05616717,0.4434511,-0.255304,0.3616557,0.3216954,-0.3170369,0.4724309,0.6957475,-0.2387128,0.9648234,1.231572,-0.828216,0.7989032,0.9865959,-0.5969049,0.6007761,0.8018875,-0.7359847,0.5302599,0.4966433,-0.5993447,0.3621427,0.3592719,-0.5795808
0,1,0,0.2645994,-0.7713315,-0.4902763,0.1596792,-0.6671426,-0.5193121,0.1328404,-0.6281036,-0.4861281,0.1340602,-0.6385954,-0.4990597,0.1545554,-0.5461198,-0.4666085,0.1809072,-0.5126915,-0.2579881,0.2470325,-0.3514081,-0.3285043,0.2553274,-0.5683234,-0.4441606,0.1999397,-0.6971557,-0.4856411,0.2104316,-0.9765351,-0.7396443,0.2872915,-0.836724,-0.5622567,0.3717166,-0.7564472,-0.487348,0.4083159,-1.10854,-0.5705531,0.6083957,-0.9321279,-0.6742519,0.5168957,-1.062667,-0.5434685,0.6157165,-1.29032,-0.276045,0.7762671,-1.109027,-0.3748643,0.568868,-1.061691,-0.5007682,0.4373518,-0.9884911,-0.5644522,0.3112036,-0.8250107,-0.4990597,0.1228355,-0.6812957,-0.4919848,0.139184,-0.639084,-0.475392,0.1840798,-0.5366036,-0.5068691,0.1133193,-0.4568153,-0.4810043,0.1408925,-0.6332273,-0.2377372,0.2863159,-0.268203,-0.09060375,0.2240961,-0.4902436,-0.2274881,0.3053485,-0.6964228,-0.5803121,0.2189723,-0.9909309,-0.7137811,0.2919283,-0.8613673,-0.5439571
0,1,0,0.2604512,-1.256647,0.2161031,0.1979886,-1.536515,0.414476,0.1528485,-1.418908,0.3598197,0.1887166,-1.310815,0.1009353,0.1345473,-1.1854,-0.07864773,-0.01843972,-0.9841002,-0.2801932,-0.06894785,-0.7871915,-0.3058122,0.06891207,-0.7208234,-0.2906851,0.09209125,-0.7605954,-0.2740923,0.01913524,-0.6410351,-0.3053252,-0.0221009,-0.8562436,-0.02569985,0.127228,-0.8689309,0.08824802,0.09014007,-0.8674667,-0.1079278,0.07428014,-0.6754391,-0.09597182,0.1718795,-0.6151719,-0.1879604,-0.1650846,-0.9077273,-0.4231769,0.1772476,-0.9860514,-0.2587209,-0.06968071,-1.169296,-0.2316363,-0.2329168,-1.15246,-0.1084164,-0.1826514,-1.247131,-0.1550206,-0.05406351,-1.059007,-0.09743599,0.05329641,-1.55262,0.1294842,0.01718406,-1.661444,0.1668148,0.03767921,-1.414515,0.03822691,-0.03478823,-1.320331,-0.1318399,0.08306355,-1.148556,-0.1223252,0.03279971,-0.8030514,-0.28312,-0.00550811,-0.8391637,-0.3851118,0.003519589,-0.7344879,-0.3114245,0.06427529,-0.7198478,-0.2662845
0,1,0,0.01401145,-0.7444912,-0.1601444,-0.02600482,-0.5685677,0.01577903,0.07793976,-0.4997599,0.05335554,0.04060753,-0.7818234,-0.127449,-0.05699183,-0.5163511,0.01431486,-0.06089574,-0.8335514,-0.3877959,0.1511401,-1.022164,-0.2633561,0.09721504,-1.140504,-0.04522096,0.27314,-1.275436,0.02553958,0.2541075,-1.467463,0.04969592,0.2980277,-1.509431,0.2588034,0.2109202,-1.474051,0.4166715,0.103316,-1.374988,0.4098392,0.0930684,-1.266895,0.2529483,0.1111238,-1.252012,0.02261126,0.08526057,-1.037291,-0.2653089,0.01303586,-0.7566915,-0.3053252,0.007912074,-0.5707632,-0.2723838,0.1379642,-0.5961394,-0.2377372,0.1535798,-0.6083397,-0.231392,-0.09042015,-0.8208641,-0.2074799,-0.1482475,-0.606387,-0.04497668,-0.01868401,-0.7720628,-0.04644084,-0.08163673,-0.9577468,-0.07816071,-0.06821655,-0.5724716,0.01846306,-0.02234364,-0.801343,-0.3538806,-0.3022117,-0.943351,-0.6015401,-0.2736644,-0.9914194,-0.3641281,0.04402443,-0.9211475,-0.3248447,-0.4376318,-2.651351,0.1070363
1,0,0,-0.3611953,-0.4341933,0.767374,-0.3867207,-0.4039385,0.7801084,-0.3834277,-0.4330566,0.7935742,-0.418415,-0.5018173,0.7869688,-0.4421552,-0.4913731,0.8017109,-0.438251,-0.4829043,0.8669922,-0.4462441,-0.4419922,0.6974619,-0.4275059,-0.4538965,0.7658965,-0.4229531,-0.4279043,0.8384531,-0.4236826,-0.4706953,0.7714522,-0.3865576,-0.4348564,0.7208037,-0.3265303,-0.4371738,0.6999219,-0.3634239,-0.4244541,0.737458,-0.4675361,-0.421209,0.8259716,-0.4678575,-0.4810507,0.8556572,-0.4855742,-0.5233291,0.9318945,-0.4823526,-0.4898945,0.8478379,-0.4973447,-0.4457314,0.9424424,-0.4765605,-0.4385987,0.9039169,-0.4846377,-0.4674209,0.863622,-0.503626,-0.4326885,0.8173564,-0.4604082,-0.4144814,0.8519014,-0.4632568,-0.4689492,0.7750869,-0.5188946,-0.4916582,0.7962246,-0.5123565,-0.4547871,0.798626,-0.5164287,-0.4506162,0.7540722,-0.4807334,-0.4448847,0.6816192,-0.460373,-0.3870713,0.686669,-0.4669775,-0.3961709,0.7472363,-0.4447334,-0.4293291,0.7799717
1,0,0,0.01971484,-0.1226045,-1.068491,-0.0009277344,-0.1292695,-1.024321,-0.004545898,-0.1739531,-1.035879,0.09765918,-0.02899316,-0.9713495,0.1168144,-0.0771455,-0.9379111,0.07517871,-0.1261191,-0.9513721,-0.02976367,0.003274414,-0.9461054,-0.0007529297,-0.1275166,-1.033634,-0.07521289,-0.002140625,-0.9022842,-0.01587695,-0.1205684,-0.9802168,-0.02180371,-0.1150693,-0.9686279,-0.02329102,-0.09309766,-0.9172353,-0.05183594,-0.04866504,-0.9866553,0.003387695,-0.08398926,-1.002617,-0.03522265,-0.1570713,-0.9841641,-0.06435742,-0.06088573,-1.014511,-0.05246875,-0.1122236,-0.9115849,-0.1054961,-0.06390527,-0.9099824,-0.08922169,-0.05674512,-0.8565127,0.05007324,-0.170917,-0.9498711,-0.02708594,-0.03280957,-1.045604,-0.02995606,-0.09169532,-0.9972022,0.02358984,-0.06132617,-1.043882,-0.01744336,-0.05675782,-1.016769,-0.02354297,-0.05928222,-0.9175507,0.01796387,-0.07011719,-0.8848418,0.02250976,-0.0895625,-1.012161,0.0009765625,-0.09981934,-0.9842119,0.04323047,-0.1306484,-0.9623837,0.02055957,-0.08012403,-1.038248
0,1,0,0.004252448,-0.5200108,-0.05912817,0.09745932,-0.557343,0.02724803,0.07818405,-0.7410758,0.03115194,0.06549517,-0.7198478,0.0001633762,0.02718735,-1.061691,-0.3304571,-0.01258463,-1.128304,-0.322405,0.0493925,-1.202968,-0.1994278,0.1511401,-1.143431,-0.07181705,0.03353257,-1.176859,-0.09768027,0.04548704,-1.172711,0.02919921,0.127715,-1.036315,0.2568522,0.1294235,-1.442331,0.1768197,0.04060753,-1.404755,0.2141519,0.07671989,-1.36596,0.034323,0.08867591,-1.213216,-0.2165092,0.1809072,-0.8767387,-0.2252926,0.03670362,-0.733755,-0.3128887,0.06720362,-0.703255,-0.2884881,0.03353257,-0.5863788,-0.1296444,0.1689512,-0.5495352,-0.05961674,0.01742835,-0.4607192,0.1277757,0.2470325,-0.822571,-0.1489197,-0.01721985,-0.834527,-0.0405842,0.218728,-0.964579,-0.2482291,-0.1050602,-1.210776,-0.4214685,0.05695604,-1.088043,-0.2657959,0.2699674,-1.305936,-0.1742959,0.2597198,-1.226392,-0.2252926,0.08794305,-1.057788,-0.09060375,-0.03283549,-1.311059,0.05603958
0,1,0,0.1011205,-0.3877632,-0.3558317,-0.004288235,-0.7276556,0.1124028,0.08526057,-0.8869879,0.00553145,0.06232411,-0.6925189,-0.05327307,-0.04357164,-0.6105351,-0.3485125,-0.03869214,-0.7847517,-0.2899522,-0.0623599,-1.018747,-0.2238284,-0.08139244,-1.253719,-0.421957,0.1945717,-1.256892,-0.1511167,0.06085995,-1.436963,-0.1113447,0.2814364,-1.237372,0.08800373,0.1506515,-1.351076,0.06897119,0.0198681,-1.165147,0.1560802,0.04085182,-1.539688,0.09752001,0.01791536,-1.423543,0.1058149,0.06012709,-1.213703,-0.01057277,0.08696746,-1.10976,-0.1930842,0.1787117,-0.9677517,-0.2731167,-0.02527196,-0.8440433,-0.3221607,-0.05040388,-0.7776752,-0.2865369,0.01108313,-0.6698267,-0.1459929,0.04621989,-0.5649081,-0.03546041,-0.09578822,-0.6703153,0.1809679,0.07208312,-0.9223673,-0.2282209,-0.1570325,-0.693496,-0.1882047,0.06037138,-0.8303788,-0.2260239,0.02840722,-0.9721442,-0.2238284,-0.05601624,-1.210287,-0.2345646,0.05134368,-1.240543,-0.2726281,-0.07626866,-0.998983,-0.2187047
1,0,0,-0.092833,-0.0848418,-0.8417813,-0.09953613,-0.04456543,-0.8754463,-0.03507031,-0.1153076,-0.9184092,-0.005640625,-0.05906152,-0.9730196,-0.04776856,-0.2146191,-0.9691631,-0.0259082,-0.08230859,-1.115663,0.03263184,-0.153915,-1.117362,-0.01571191,-0.1106992,-1.111162,-0.03518067,-0.06406739,-1.036741,-0.01432813,-0.1025566,-0.9875321,0.007429687,-0.1085469,-0.9634483,-0.01034961,-0.08316797,-0.9865527,0.005092773,-0.1221816,-0.9785469,0.007773438,-0.1214746,-0.9557344,0.02713672,-0.1356748,-1.011253,0.02654297,-0.08634569,-1.061014,0.02697266,-0.104626,-1.094769,0.01025684,-0.02632226,-1.085514,0.02851563,-0.06552051,-1.06252,0.02544824,-0.01640039,-1.117369,0.05230664,-0.06495215,-1.026733,0.0904209,-0.2462959,-1.138906,0.02329297,-0.08891406,-1.042738,0.03406543,-0.1149766,-1.014586,0.06491308,-0.1149941,-1.046486,0.04331543,-0.1068926,-0.9954726,0.06791797,-0.1549639,-0.9834355,-0.03270703,-0.01394434,-0.9880664,-0.01433398,-0.0400957,-0.9944013,0.07264258,-0.1284414,-1.095732
