other,0.154729,0.02349408,-0.004520086,-0.2582638,-0.7167373,-0.619114,-0.1904869,0.1077085,-0.968483,0.1573001,6.084746
other,0.06722198,-0.07608195,0.05327168,-0.283076,-0.7108873,-0.6102142,-0.2052945,0.01328015,-1.066328,0.2253751,6.184785
other,-0.1599192,0.1236841,0.1588097,-0.3160213,-0.6974404,-0.6043363,-0.2201931,-0.2351123,-0.8633201,0.332248,6.284817
other,0.01174458,-0.1002513,0.1164025,-0.3389968,-0.6913593,-0.5973437,-0.2242408,-0.0838322,-1.084872,0.3034549,6.38485
other,-0.05930546,0.1367647,-0.02555311,-0.3658565,-0.6761472,-0.5976197,-0.2276501,-0.1894837,-0.8435562,0.1575429,6.484894
other,-0.005343592,0.01806483,0.01615437,-0.3899519,-0.6690217,-0.5886995,-0.2319059,-0.1548355,-0.95482,0.2163474,6.601046
other,0.05645614,0.01310821,-0.08073328,-0.4057632,-0.6641911,-0.5806899,-0.2387585,-0.09822797,-0.9557956,0.1316796,6.684917
other,0.006484283,-0.01768333,-0.0745182,-0.4348507,-0.6496553,-0.5634859,-0.2670888,-0.1370244,-0.98532,0.1485151,6.785302
other,-0.06128113,-0.06759368,-0.1235491,-0.4575255,-0.6298853,-0.5518721,-0.2989183,-0.1902165,-1.040219,0.0894679,6.884843
other,-0.07920846,-0.03085456,0.09534957,-0.495423,-0.5932939,-0.5410411,-0.3314104,-0.2231563,-1.008744,0.2917431,7.001223
other,0.003510533,0.1731987,0.1289064,-0.5145824,-0.5695875,-0.530894,-0.3590636,-0.1345846,-0.8064668,0.3083359,7.101213
other,0.152453,-0.02414914,0.1142394,-0.5273553,-0.5613453,-0.5081962,-0.3853885,0.04865965,-1.005571,0.3015037,7.184621
other,0.1115106,-0.01010812,0.06828305,-0.5371016,-0.5454403,-0.4926859,-0.4138567,0.03328828,-0.9977631,0.241235,7.284708
other,0.02319699,0.05497267,-0.02911491,-0.5510595,-0.5311673,-0.4677229,-0.4420746,-0.02283221,-0.9328592,0.1431471,7.384801
other,0.08617423,0.02692721,-0.08644586,-0.5649252,-0.5195583,-0.4547085,-0.4518394,0.04182741,-0.9584797,0.09215193,7.484885
other,0.08018921,0.02257829,-0.07369397,-0.5819839,-0.5043052,-0.4493601,-0.4528206,0.01376716,-0.959211,0.1126471,7.584982
other,0.1363502,-0.07796116,-0.1142569,-0.5935493,-0.49619,-0.4453768,-0.4507041,0.05476058,-1.056812,0.08312424,7.68507
other,0.09928363,-0.1340564,-0.07432614,-0.5829907,-0.5046529,-0.4396233,-0.4606285,0.05134368,-1.120252,0.1158197,7.785161
other,-0.07314236,0.06541114,0.1854199,-0.5861842,-0.5006477,-0.4196068,-0.479239,-0.08529636,-0.9231002,0.375191,7.885244
other,-0.02514825,-0.04337199,0.1065526,-0.6034076,-0.4819708,-0.4170801,-0.4792155,-0.06675239,-1.028507,0.3002838,7.98459
other,-0.05343136,0.07651567,0.05945262,-0.6190461,-0.4589869,-0.4177049,-0.4812853,-0.1292165,-0.9084601,0.2483115,8.084875
other,-0.03525002,0.08127526,-0.03436642,-0.6338563,-0.442728,-0.4166385,-0.4781531,-0.1404397,-0.8974797,0.1619353,8.185228
other,-0.0204456,0.05404386,-0.04356773,-0.6447482,-0.434827,-0.4108151,-0.4758741,-0.1365358,-0.9184634,0.1663278,8.284724
other,-0.01646375,-0.03631696,-0.06294093,-0.6492358,-0.4331289,-0.3984026,-0.4818377,-0.1165277,-1.008499,0.1555917,8.401219
other,0.0289952,-0.1140311,-0.1407921,-0.6518232,-0.4259416,-0.3897288,-0.4917436,-0.06040872,-1.089752,0.07238808,8.484657
other,-0.2429074,-0.1805997,0.09115487,-0.6624575,-0.398824,-0.3764384,-0.5102781,-0.335153,-1.162463,0.2880835,8.584586
other,-0.03739963,0.2749627,0.01811439,-0.6613689,-0.3843431,-0.3789551,-0.5208306,-0.1389755,-0.7117957,0.189507,8.70103
other,-0.02765169,-0.3026209,0.04478751,-0.673368,-0.3809742,-0.3550501,-0.5247605,-0.1062801,-1.283732,0.2426992,8.801088
other,0.06628434,0.1388782,0.1022676,-0.6638229,-0.3815904,-0.3500949,-0.5395937,0.01303586,-0.8494113,0.2756389,8.884763
other,0.05589885,0.1145776,-0.06643303,-0.6575461,-0.3985052,-0.3466547,-0.5372684,0.02816449,-0.8703951,0.1163083,9.001145
other,0.09074538,0.03102931,-0.1390381,-0.6577806,-0.4001747,-0.3564205,-0.5292913,0.04548704,-0.9501833,0.04652331,9.101239
other,0.09448384,-0.1037898,-0.05365831,-0.6615067,-0.3980063,-0.3646388,-0.5206136,0.02377201,-1.084139,0.137779,9.184617
other,0.04642577,-0.2724582,0.0295498,-0.6492211,-0.4125804,-0.3686581,-0.5219009,-0.001848485,-1.259331,0.2139076,9.284672
other,-0.09014222,0.1931581,0.2615521,-0.6435269,-0.4203397,-0.3578404,-0.5302244,-0.1050602,-0.7971947,0.4444874,9.384714
other,0.0652348,-0.1261707,0.0812523,-0.6492378,-0.4204427,-0.3668826,-0.516832,0.02328344,-1.109516,0.2785673,9.484768
other,-0.1827985,0.1235763,0.1063777,-0.6545274,-0.404556,-0.3749214,-0.5170708,-0.2556075,-0.8618559,0.2914989,9.584818
other,0.00367025,0.09903892,-0.04195315,-0.6589009,-0.401546,-0.385751,-0.5057732,-0.09871654,-0.8794227,0.149248,9.684867
other,-0.02074486,0.06593453,-0.08732302,-0.6597824,-0.406226,-0.3871984,-0.499745,-0.1231156,-0.907483,0.1163083,9.784913
other,-0.06094522,-0.1295379,-0.07668293,-0.6629482,-0.4103304,-0.3712806,-0.5042612,-0.1394641,-1.103659,0.1392432,9.884963
other,-0.01749063,-0.09803805,-0.1735983,-0.6643499,-0.3977046,-0.363325,-0.5181363,-0.08822468,-1.077063,0.02578387,9.985018
other,-0.1345407,-0.1184728,0.1815085,-0.6748744,-0.3723213,-0.3563024,-0.5281759,-0.222912,-1.105123,0.3712871,10.08507
other,0.2008553,0.3083695,0.1672156,-0.6777058,-0.3577896,-0.3426034,-0.5434375,0.1252753,-0.6744635,0.342007,10.18511
other,0.1064188,-0.04036218,0.09552269,-0.6791468,-0.3585484,-0.3308983,-0.5483694,0.04987952,-1.028019,0.2761275,10.28517
other,-0.02941883,0.07316714,-0.01855569,-0.6727119,-0.3683699,-0.3213426,-0.5554289,-0.0526009,-0.912851,0.1582757,10.3846
other,0.05144086,0.08055164,-0.07897883,-0.6662955,-0.3812402,-0.3275193,-0.5508515,0.03499517,-0.9038234,0.09971547,10.48477
other,0.03321121,-0.07778485,-0.1096877,-0.666925,-0.3830613,-0.3385555,-0.5420842,-0.00306836,-1.060227,0.07336368,10.58498
other,0.0288581,-0.04257505,-0.1797865,-0.661034,-0.388074,-0.3534671,-0.5361843,-0.02234364,-1.026799,-0.004471839,10.6852
other,0.0425152,-0.2835463,0.03445509,-0.6406378,-0.4136122,-0.36069,-0.537039,0.02450331,-1.276656,0.1985363,10.80113
other,-0.04838889,0.4310766,0.3010434,-0.6436254,-0.4092979,-0.3577351,-0.5387458,-0.06797227,-0.5605156,0.4654711,10.88478
other,-0.002271637,-0.4180194,0.1314037,-0.6515509,-0.4159859,-0.3611743,-0.5215268,-0.03918071,-1.402315,0.3273669,10.98493
other,-0.0226351,0.128283,-0.01038292,-0.6606982,-0.397649,-0.3739616,-0.5152726,-0.1072557,-0.853071,0.1795037,11.08509
other,-0.001206413,0.08765063,-0.06712272,-0.6695426,-0.3910763,-0.3725495,-0.5098814,-0.1014006,-0.8877192,0.1355835,11.18524
other,-0.08552722,-0.08836628,-0.08101865,-0.6768436,-0.387354,-0.3551873,-0.515443,-0.1670358,-1.061447,0.1353393,11.30122
other,-0.1415102,0.07108253,-0.03547944,-0.6782135,-0.3760464,-0.3381759,-0.5331534,-0.1992442,-0.9065074,0.1673034,11.40113
other,-0.1865209,-0.1806495,0.1622391,-0.6839205,-0.3703178,-0.3215262,-0.5401281,-0.2263289,-1.158804,0.3722642,11.485
other,-0.2431909,0.03899264,0.1064686,-0.6954682,-0.3694906,-0.3224261,-0.5252067,-0.3039201,-0.9357875,0.3483522,11.58536
other,0.007160358,-0.185794,0.1505395,-0.688818,-0.4081103,-0.3201742,-0.5064229,-0.1062801,-1.293004,0.3793392,11.70114
other,0.2468599,0.1784685,0.03609025,-0.6583591,-0.4426319,-0.3494389,-0.4985307,0.228,-0.7913396,0.2958913,11.80113
other,-0.007831668,0.006459874,0.01256958,-0.6259477,-0.4912814,-0.3646733,-0.4835756,0.0108404,-0.9604309,0.2797871,11.90113
other,0.1327839,0.05840338,0.07142502,-0.5878887,-0.5410273,-0.3848341,-0.4621462,0.1804202,-0.9023592,0.3483522,12.00111
other,0.07575987,-0.03509573,-0.04927646,-0.5468947,-0.5919996,-0.4101692,-0.4268534,0.1325961,-0.9889797,0.2502643,12.10111
other,0.1280142,-0.0348068,-0.2259528,-0.5228232,-0.6127341,-0.433414,-0.4041845,0.1701711,-0.9894667,0.07189951,12.2011
other,-0.03348169,-0.1407821,0.0840884,-0.5236474,-0.5979487,-0.4534175,-0.4033153,-0.02600482,-1.10732,0.3481079,12.30109
other,-0.04884077,0.3776115,0.1723863,-0.5198858,-0.5755086,-0.4706838,-0.4206725,-0.05406351,-0.6054114,0.3761682,12.40108
other,0.09935486,-0.2024243,0.02537869,-0.5257083,-0.5747532,-0.4767348,-0.4074476,0.06647231,-1.178812,0.2387953,12.48477
other,-0.009464591,0.2471009,-0.000484865,-0.5424961,-0.5503452,-0.4860843,-0.4080934,-0.0879804,-0.7344879,0.1946308,12.60115
other,-0.03121587,0.08540498,-0.07068523,-0.5623382,-0.5371425,-0.478307,-0.4080149,-0.1309234,-0.8882077,0.1389989,12.70123
other,-0.01740486,-0.003600305,-0.07649053,-0.5810927,-0.521566,-0.4600951,-0.4226258,-0.1111596,-0.9736068,0.1426601,12.78465
other,-0.09023149,0.1091127,-0.1775427,-0.6091959,-0.4835367,-0.4294144,-0.4589944,-0.1694755,-0.86454,0.03212753,12.88467
other,-0.1941969,0.04394274,0.08730064,-0.6558233,-0.4389417,-0.3740771,-0.4871264,-0.2575602,-0.928711,0.3341992,13.00101
other,0.2830623,0.06632819,0.1871603,-0.6727279,-0.4161273,-0.3303764,-0.5149046,0.2670391,-0.904312,0.4393636,13.08465
other,0.1744419,0.03711741,-0.04169503,-0.6843053,-0.3892502,-0.2959066,-0.5409712,0.1906678,-0.9372517,0.198779,13.18477
other,0.01879225,0.01803332,0.0391222,-0.7007853,-0.3513223,-0.2593013,-0.5641236,0.05183225,-0.9575041,0.2688082,13.2849
other,0.02931839,0.03264499,-0.004080733,-0.7097907,-0.3259333,-0.2408432,-0.5761589,0.06305542,-0.9438396,0.2163474,13.38502
other,0.123211,0.04502141,-0.09672963,-0.719826,-0.2997831,-0.2402019,-0.5781727,0.1240554,-0.9299309,0.1189923,13.48514
other,0.1327692,-0.09867094,-0.1676846,-0.7245776,-0.2766464,-0.2478787,-0.5805257,0.09477529,-1.076576,0.03530014,13.60128
other,0.08060355,-0.2773616,0.0501302,-0.7272506,-0.2699003,-0.2324349,-0.5867149,0.0591515,-1.260063,0.2544109,13.68461
other,-0.1596985,0.3571978,0.03507195,-0.7324822,-0.249514,-0.2193318,-0.5942273,-0.1846042,-0.6278592,0.2336715,13.78467
other,-0.1414127,-0.2477787,0.1369708,-0.7416539,-0.2265868,-0.210939,-0.5950736,-0.1848485,-1.231027,0.3407871,13.88473
other,-0.07557756,0.1762744,0.03935637,-0.7505891,-0.1855646,-0.1962115,-0.6030612,-0.1465406,-0.8050041,0.2356242,13.9848
other,-0.05483438,0.08826796,0.009878119,-0.7579652,-0.1564173,-0.1805433,-0.6069815,-0.1387328,-0.8894276,0.208051,14.08487
other,-0.08127484,-0.1107393,0.04410031,-0.7662946,-0.1346236,-0.1586737,-0.6078582,-0.1609364,-1.086823,0.2551438,14.18495
other,0.05081226,0.0771507,-0.08500442,-0.7668085,-0.1179843,-0.147551,-0.6134436,-0.03088432,-0.900408,0.119235,14.28501
other,-0.1066404,-0.06014771,0.1585205,-0.7664154,-0.1027164,-0.1160535,-0.6233686,-0.1565439,-1.040952,0.3546959,14.38507
other,0.06680994,0.181542,0.02587557,-0.7741406,-0.08915347,-0.09947842,-0.6187585,0.02303915,-0.7959749,0.240748,14.48513
other,-0.02350794,-0.01078263,0.08329739,-0.7944632,-0.06819153,-0.05819574,-0.6006591,-0.03405693,-0.9731197,0.3549401,14.6011
other,0.02930492,-0.05743596,-0.008251104,-0.8057464,-0.05114487,-0.03597531,-0.5889505,0.03157983,-1.012403,0.2961356,14.70121
other,0.03259584,0.05064321,-0.01736861,-0.8108257,-0.04645407,-0.01870784,-0.5831412,0.05646747,-0.8979667,0.302235,14.80127
other,0.006189355,-0.03622234,0.04330937,-0.8155805,-0.04539853,-0.02386117,-0.5763662,0.01962381,-0.9801947,0.3783636,14.88465
other,0.05250697,-0.06458016,-0.06871963,-0.8178072,-0.04965341,-0.04153001,-0.5718402,0.04134039,-1.006304,0.2746633,14.9847
other,0.03582907,-0.01486237,0.02948111,-0.8203281,-0.04904094,-0.04529905,-0.567983,0.01718406,-0.9528673,0.3808034,15.08476
other,0.009065159,-0.01551198,-0.007975795,-0.8223991,-0.05410826,-0.05510592,-0.5636446,-0.02063674,-0.9504276,0.351279,15.18481
other,0.02359489,0.03069128,0.05881189,-0.824236,-0.05945024,-0.06125191,-0.5597756,-0.01087618,-0.9008951,0.4252121,15.28487
other,-0.05036042,0.1257003,0.0567347,-0.8292359,-0.07041073,-0.06689684,-0.5503953,-0.0838322,-0.797439,0.4422919,15.38492
other,-0.1108916,0.1192392,-0.006901135,-0.8439238,-0.09877446,-0.0811052,-0.5210164,-0.1448322,-0.7754797,0.4366796,15.48497
other,-0.01634786,0.1357589,-0.07922037,-0.857885,-0.1346574,-0.09789547,-0.4861247,-0.0533322,-0.7232631,0.4281389,15.58503
other,-0.01637775,0.175883,-0.127762,-0.8743566,-0.1661651,-0.1091458,-0.4426928,-0.05992015,-0.6307876,0.4537594,15.68507
other,-0.04984957,-0.03884137,-0.0608495,-0.8938799,-0.1940295,-0.1191387,-0.386183,-0.1126237,-0.7713315,0.6086991,15.78512
other,0.02898035,-0.1068552,0.03446347,-0.9069044,-0.2205785,-0.1381267,-0.3313465,-0.07504878,-0.7666947,0.774375,15.88518
other,-0.005430495,-0.1365234,0.02146977,-0.9118353,-0.2427438,-0.1544566,-0.2928738,-0.1448322,-0.745224,0.8017039,15.98464
other,-0.001004107,-0.05227235,0.01341343,-0.9098119,-0.257064,-0.1699994,-0.2779577,-0.1677686,-0.6466475,0.8026795,16.08475
other,0.00128012,-0.08407483,0.02593689,-0.9074994,-0.259128,-0.1741387,-0.2810218,-0.1697198,-0.6864195,0.8100003,16.18481
other,-0.02406511,-0.101913,0.06499789,-0.902498,-0.2590319,-0.1712581,-0.2984466,-0.1794804,-0.7330237,0.832691,16.28488
other,-0.01716826,-0.09497795,-0.006476844,-0.8947653,-0.2521219,-0.1671549,-0.3284643,-0.1516644,-0.7720628,0.7272838,16.38493
other,-0.004294569,-0.04524591,-0.05618948,-0.881448,-0.241818,-0.1630018,-0.3714888,-0.112868,-0.784996,0.6201681,16.48499
other,-0.01408676,0.02132409,-0.05867159,-0.8629723,-0.2309607,-0.1596899,-0.4200418,-0.09627679,-0.7832875,0.541844,16.58505
other,0.0299214,0.008103847,-0.05058933,-0.840039,-0.2167968,-0.1593041,-0.4711218,-0.03381264,-0.8574634,0.4576633,16.68512
other,-0.04533815,-0.001044927,0.009078317,-0.8208804,-0.1986041,-0.1563729,-0.5121125,-0.09896083,-0.9091914,0.4381437,16.78518
other,-0.01815925,0.0552651,-0.001144435,-0.7990702,-0.1768443,-0.154143,-0.5535818,-0.06894785,-0.888452,0.3400558,16.88524
other,-0.04965787,0.04525948,0.04779305,-0.7785878,-0.1583621,-0.1517357,-0.5879615,-0.09993642,-0.9226116,0.311507,16.98466
other,0.005386223,0.08056895,0.04289081,-0.7601956,-0.1398439,-0.148319,-0.6168855,-0.04771984,-0.9013836,0.2383083,17.08468
other,-0.03500292,0.04843072,0.04893726,-0.7541126,-0.1245037,-0.1374718,-0.6300114,-0.08554064,-0.9374959,0.2175673,17.18472
other,-0.02293467,-0.0070561,0.02798911,-0.7527686,-0.1152006,-0.1233669,-0.6362773,-0.06211562,-0.9945921,0.1880428,17.28474
other,0.01906111,0.01052648,0.02543448,-0.7521286,-0.1104476,-0.1186933,-0.6387612,-0.01843972,-0.9779993,0.1814549,17.38478
other,0.008518262,0.006341718,0.01897316,-0.752457,-0.1067688,-0.1174937,-0.6392214,-0.03185991,-0.9821475,0.1743799,17.48481
other,0.0003032943,0.006964492,0.009561359,-0.7537781,-0.099224,-0.1104184,-0.6401414,-0.03918071,-0.9814162,0.1658393,17.58484
other,-0.006308739,0.01312941,-0.01651184,-0.7557758,-0.09065378,-0.1011523,-0.640588,-0.04308463,-0.9740953,0.1424158,17.68486
other,-0.01579794,0.03022517,-0.000958668,-0.7584487,-0.07839897,-0.08872411,-0.6408877,-0.04991686,-0.9565269,0.1619353,17.78489
other,-0.01804035,0.002699499,0.002533935,-0.7609076,-0.06366003,-0.07538053,-0.6413149,-0.05113674,-0.9838559,0.1687676,17.88492
other,-0.0319153,-0.004302239,-0.001912948,-0.7608117,-0.05366647,-0.06585142,-0.6433886,-0.06309276,-0.9914194,0.1616911,17.98495
other,-0.03421553,0.002945536,0.004084465,-0.7606709,-0.04706916,-0.0615772,-0.644494,-0.06724096,-0.9838559,0.1658393,18.08499
other,-0.01741637,0.006316531,-0.01251978,-0.7605263,-0.0429365,-0.06002355,-0.6450995,-0.0533322,-0.980439,0.1480281,18.18501
other,-0.01648765,-0.002586108,-0.001246545,-0.7610886,-0.04056522,-0.05822542,-0.6447545,-0.05284363,-0.989711,0.1607155,18.28504
other,-0.01454434,-0.01017328,0.006164715,-0.7614172,-0.04367623,-0.06204128,-0.6438068,-0.05284363,-0.9975188,0.1697432,18.38506
other,0.005192964,0.001046872,-0.01222945,-0.7599548,-0.04653099,-0.06404853,-0.6451367,-0.03185991,-0.9867842,0.147051,18.48509
other,-0.01949276,-0.02866269,-0.02145721,-0.7603225,-0.04784101,-0.06566244,-0.644445,-0.05772469,-1.016063,0.1394875,18.58512
other,-0.008979009,-0.001791108,0.009504068,-0.7599376,-0.05140111,-0.06967363,-0.6442035,-0.04869543,-0.989224,0.1699875,18.68515
other,-0.003914895,0.0007182716,0.004345563,-0.7592331,-0.0569613,-0.07535982,-0.6439266,-0.04503581,-0.9867842,0.1638881,18.78518
other,0.001335409,0.003397738,0.01819212,-0.7589818,-0.06392279,-0.08237556,-0.6427089,-0.04162047,-0.9845872,0.1787709,18.88471
other,0.006600211,0.00254011,0.01320259,-0.7579242,-0.07257047,-0.09207404,-0.6417217,-0.03991202,-0.98532,0.1729158,19.00103
other,0.009398405,-0.01099765,-0.01882285,-0.7573001,-0.07890406,-0.09786463,-0.6408533,-0.03771655,-0.9975188,0.1407073,19.10122
other,0.009122441,-0.001863655,-0.01466598,-0.7563863,-0.08187696,-0.101128,-0.6410531,-0.03893643,-0.989224,0.1431471,19.18473
other,-0.003648862,0.005331606,-0.007698481,-0.7560159,-0.08189258,-0.1024486,-0.6412783,-0.05357649,-0.9821475,0.1490037,19.2848
other,-0.008066339,0.001748222,-0.001753802,-0.7559292,-0.08235446,-0.1037789,-0.6411073,-0.05943158,-0.9858071,0.1548588,19.38487
other,0.0010335,0.003476022,0.0009990014,-0.7555607,-0.08344692,-0.1053039,-0.6411518,-0.05113674,-0.9838559,0.1568116,19.48493
other,-0.00794571,0.002368468,-0.001126992,-0.755367,-0.08419779,-0.1067897,-0.6410362,-0.06138431,-0.9850758,0.1543718,19.585
other,-0.007886036,-0.009177851,0.003427423,-0.7555658,-0.08523789,-0.1087102,-0.6403412,-0.06309276,-0.9970318,0.1599842,19.68506
other,0.00302007,0.005689769,0.002954167,-0.7545456,-0.08718348,-0.1121238,-0.6406936,-0.05455208,-0.9821475,0.1570558,19.78512
other,-0.002342053,0.0003775156,-0.004423008,-0.7543633,-0.08849826,-0.113909,-0.640413,-0.06089574,-0.9867842,0.1494923,19.88518
other,-0.008613188,-0.001429639,0.0009838308,-0.7545977,-0.08954039,-0.1156622,-0.6396774,-0.06870356,-0.9889797,0.1560802,19.98525
other,-0.009250676,-0.0008350661,0.00166702,-0.7543107,-0.08997345,-0.1180482,-0.6395192,-0.07236475,-0.9884911,0.1560802,20.10114
other,-0.007247076,0.001796943,0.0002499145,-0.7538343,-0.0918088,-0.1208209,-0.6393023,-0.07212046,-0.9858071,0.1538832,20.18473
other,0.004320376,0.006068063,9.069565E-05,-0.7531269,-0.09352368,-0.1226607,-0.639537,-0.06089574,-0.9814162,0.1521748,20.28473
other,0.002339865,0.006242039,0.002585112,-0.7526862,-0.09573305,-0.1252145,-0.6392338,-0.06382407,-0.9809276,0.1541275,20.38473
other,0.003824133,0.001778855,-0.002900996,-0.7525826,-0.09633327,-0.1260748,-0.6390966,-0.06284847,-0.9850758,0.1485151,20.48473
other,-0.002818214,-0.00611445,-0.003113215,-0.7529464,-0.09643057,-0.1263047,-0.6386079,-0.06992344,-0.9931279,0.1494923,20.58472
other,-0.002386659,-0.004039378,-0.002077758,-0.7529539,-0.09677818,-0.1268547,-0.6384373,-0.06992344,-0.9911752,0.1507122,20.68472
other,0.004160968,0.003865208,0.0007666888,-0.7528526,-0.09711266,-0.1274419,-0.6383891,-0.06382407,-0.9833673,0.1533962,20.78473
other,0.0002793744,0.004714083,-0.00391061,-0.7525414,-0.09711015,-0.1280248,-0.6386397,-0.06846084,-0.982636,0.1477838,20.88473
other,0.001856356,0.002342308,0.000618775,-0.7525432,-0.09742573,-0.1283588,-0.6385224,-0.06699667,-0.9848315,0.1524191,20.98473
other,0.002106604,0.0008985689,0.0005542026,-0.7527412,-0.09665203,-0.1278297,-0.6385127,-0.06699667,-0.9862956,0.1526634,21.08473
other,-0.0006151586,-0.002671297,6.302867E-05,-0.7525289,-0.0976541,-0.1288355,-0.6384084,-0.06992344,-0.9899552,0.151932,21.18473
other,-0.004323822,-0.005499456,0.00587031,-0.7525187,-0.09722346,-0.1279855,-0.6386571,-0.07285176,-0.9928836,0.1575429,21.28473
other,-0.002122067,-0.001625885,0.003513402,-0.7524797,-0.0981186,-0.1289037,-0.6383814,-0.07090058,-0.9884911,0.1553474,21.38472
other,0.009565163,-0.001917433,0.003742967,-0.7526624,-0.09817407,-0.1288948,-0.6381592,-0.05918885,-0.9882468,0.1560802,21.48472
other,0.0103251,7.702019E-05,-0.003630962,-0.7531127,-0.09729639,-0.1271108,-0.6381203,-0.05699183,-0.9862956,0.149735,21.58472
other,0.001653387,-0.007111433,-0.00501549,-0.7535577,-0.09399629,-0.1235656,-0.6387856,-0.06455692,-0.9941035,0.1485151,21.68472
other,-0.002264225,-0.0003868514,-0.002886823,-0.7540644,-0.09073347,-0.1206038,-0.6392254,-0.06821655,-0.9872712,0.1509549,21.78473
other,-0.009963266,0.002904789,-0.009653185,-0.7539797,-0.08779308,-0.1179833,-0.6402241,-0.0755358,-0.9843429,0.1429028,21.88473
other,0.0008080495,-0.0006529212,0.002040938,-0.7536618,-0.08436444,-0.1141257,-0.6417569,-0.06309276,-0.989711,0.1526634,21.98472
other,-0.0109409,-0.003535052,0.001724348,-0.7536931,-0.07873163,-0.1077457,-0.6435362,-0.07212046,-0.9921507,0.1504679,22.08472
other,-0.006822401,-0.008153735,6.907019E-05,-0.7543846,-0.07438543,-0.1023825,-0.6441183,-0.06553251,-0.9962989,0.1494923,22.18472
other,-0.02245011,0.007921507,0.01609674,-0.7552109,-0.07240546,-0.1003431,-0.6436965,-0.08090387,-0.9806833,0.1675477,22.28472
other,0.01865379,0.004649607,-0.001105974,-0.7549309,-0.07258672,-0.09874061,-0.6442521,-0.03698369,-0.9838559,0.1494923,22.38472
other,0.002585002,-0.005428757,0.005403533,-0.7560426,-0.07137588,-0.09495467,-0.6436526,-0.049184,-0.9936149,0.159007,22.48471
other,-0.02822253,0.001158026,-0.00776224,-0.7566168,-0.07026938,-0.09337988,-0.6433299,-0.07919542,-0.9870269,0.1472953,22.58471
other,-0.02455921,6.068257E-05,0.000494456,-0.7569467,-0.07180345,-0.09551358,-0.6424586,-0.07699996,-0.9882468,0.1570558,22.68472
other,0.01831656,-0.002277444,-0.0007299656,-0.7557961,-0.07684284,-0.09958267,-0.6426123,-0.03356836,-0.9911752,0.1538832,22.78471
other,0.02114733,0.008500131,0.004028304,-0.7543021,-0.07926482,-0.1011044,-0.6438348,-0.02942016,-0.9809276,0.1548588,22.88471
other,0.006727606,0.001924046,0.008749329,-0.7546036,-0.07700422,-0.09803957,-0.6442297,-0.04210748,-0.9872712,0.1597399,22.98471
other,-0.001848752,-0.002312064,0.01098848,-0.7553684,-0.07561031,-0.09587693,-0.643824,-0.04942829,-0.9914194,0.1638881,23.08471
other,-0.001209862,0.001110569,-0.004872281,-0.7549585,-0.07593226,-0.09508473,-0.6443841,-0.04698854,-0.9877598,0.1468083,23.18471
other,0.02603571,-0.005697744,0.00326384,-0.7546749,-0.0734745,-0.08986357,-0.6457491,-0.0147801,-0.9953234,0.1533962,23.28471
other,-0.02219635,0.008865101,0.0096584,-0.7549638,-0.07043037,-0.08747828,-0.6460781,-0.06333549,-0.980439,0.1597399,23.38471
other,-0.009271971,0.004693077,0.0009742276,-0.7560635,-0.07135817,-0.08800673,-0.6446167,-0.05040388,-0.9838559,0.1546161,23.48471
other,0.01376573,0.007297274,0.005509898,-0.757449,-0.07313758,-0.08859557,-0.6427073,-0.02649183,-0.9806833,0.1638881,23.58471
other,0.005044631,-0.01647892,-0.01784579,-0.7593371,-0.07331169,-0.08660853,-0.6407273,-0.03259277,-1.00362,0.1463197,23.68471
other,0.007738663,0.01573711,0.003228357,-0.7607176,-0.07204688,-0.08448029,-0.6395162,-0.02868885,-0.97068,0.1712073,23.78471
other,-0.006881151,0.02070258,0.02633348,-0.7622924,-0.07245412,-0.08431515,-0.637614,-0.04308463,-0.9650676,0.1992676,23.88471
other,-0.01947994,0.02030114,0.02528957,-0.7647307,-0.07636362,-0.08667794,-0.6339104,-0.05528494,-0.9638478,0.2068311,23.98471
other,-0.03220778,0.01192471,0.002418563,-0.7708483,-0.08623031,-0.09316936,-0.6242409,-0.06821655,-0.9672631,0.2058555,24.08471
other,0.01847488,-0.01733713,-0.02786619,-0.7772449,-0.09647217,-0.1019109,-0.6133494,-0.02161233,-0.9906881,0.1990233,24.18471
other,0.03401688,-0.01557354,-0.02946521,-0.7817317,-0.1092533,-0.1104449,-0.6039546,-0.006727986,-0.9848315,0.2168359,24.28471
other,0.02058312,0.002654376,0.05578608,-0.7843848,-0.1169982,-0.1159126,-0.5980101,-0.02136805,-0.9636035,0.3139483,24.3847
other,-0.04139558,0.06220489,0.1155849,-0.7905506,-0.1227554,-0.1185999,-0.5881284,-0.0845635,-0.897724,0.395932,24.48471
other,0.07451315,0.2039858,-0.002775328,-0.8008285,-0.1396065,-0.1262471,-0.5685467,0.03109126,-0.7410758,0.3185835,24.58468
other,0.08678646,0.1051259,-0.125625,-0.8243987,-0.1756371,-0.1341999,-0.5210651,0.04865965,-0.7986589,0.2941829,24.68488
other,0.09310545,0.1154105,-0.1121524,-0.8445046,-0.1990025,-0.1314247,-0.4795181,0.06207983,-0.7440041,0.3917838,24.78518
other,0.03225879,-0.008800432,-0.06950007,-0.865044,-0.2146559,-0.1250875,-0.4358611,0.003032573,-0.8147631,0.517932,24.88466
other,0.09387198,0.03557248,-0.05380925,-0.8788675,-0.2303956,-0.1192102,-0.400373,0.06891207,-0.7203348,0.5947919,24.98465
other,0.006092138,-0.03626357,0.03659334,-0.8908253,-0.2429741,-0.1131922,-0.3668535,-0.01721985,-0.7422957,0.7392398,25.08473
other,0.04775661,-0.0897929,0.03107628,-0.8980333,-0.2529008,-0.1184885,-0.3399087,0.006936485,-0.7591312,0.7707154,25.18481
other,0.01198664,-0.0640684,0.03718363,-0.9009331,-0.2606472,-0.1276728,-0.3226178,-0.04991686,-0.7122827,0.7968228,25.28489
other,0.0489155,-0.0663119,0.03466336,-0.9000237,-0.263288,-0.1359813,-0.3196025,-0.02771171,-0.7144797,0.7948717,25.38497
other,0.03256481,-0.07718998,0.04696846,-0.8957965,-0.2606485,-0.1406536,-0.3314023,-0.04698854,-0.7469309,0.7907235,25.48505
other,0.02420277,-0.09033335,0.02548683,-0.8860989,-0.2553658,-0.1444236,-0.3588299,-0.04893972,-0.8045155,0.7306991,25.58512
other,0.01862283,-0.0367802,-0.02333211,-0.87047,-0.2480257,-0.1493047,-0.3980869,-0.0443045,-0.8096393,0.6199238,25.6852
other,0.03179497,0.002043952,-0.0574929,-0.8473721,-0.2396737,-0.158191,-0.446646,-0.02258792,-0.836724,0.4974353,25.78528
other,-0.04094582,0.05265021,-0.05614193,-0.8190534,-0.2262581,-0.1686086,-0.4995297,-0.09139574,-0.8472158,0.3905639,25.88535
other,-0.1643692,-0.02765394,0.08648521,-0.789843,-0.2025195,-0.174557,-0.5519635,-0.2168126,-0.975071,0.4178913,25.9847
other,-0.06539404,0.08458577,-0.027395,-0.7661202,-0.1781501,-0.1938262,-0.5863051,-0.1538599,-0.8869879,0.2109793,26.08472
other,0.03782887,0.0668437,-0.05658554,-0.7531745,-0.1501229,-0.1898264,-0.6116838,-0.06479965,-0.9148038,0.1236275,26.18479
other,-0.08331182,0.1145388,0.04644642,-0.7457216,-0.1088416,-0.1596269,-0.63763,-0.1826514,-0.8718592,0.182432,26.28485
other,-0.05279101,-0.1109391,0.122721,-0.7509897,-0.06792182,-0.1052605,-0.6483219,-0.1228729,-1.099755,0.2600233,26.38492
other,0.0255845,0.13763,0.1633307,-0.7466418,-0.01863739,-0.05693832,-0.662523,-0.03478823,-0.8545351,0.2790558,26.48499
other,0.2153938,0.0394498,4.58523E-05,-0.7462273,0.04475716,5.629659E-05,-0.664185,0.1560196,-0.9518917,0.1177709,26.58505
other,-0.02002077,-0.1335303,-0.03637716,-0.74537,0.1200026,0.0709987,-0.6519065,-0.0706563,-1.122691,0.1036194,26.68512
other,0.07058977,0.00903334,-0.04959355,-0.7314347,0.1790287,0.1416559,-0.6425618,0.04768405,-0.9841002,0.08483113,26.78519
other,0.1018029,0.06272643,-0.04947019,-0.7174845,0.231841,0.2078349,-0.6231134,0.1111238,-0.9289553,0.08775945,26.88525
other,-0.01425453,0.002328013,0.01956126,-0.6948373,0.2928639,0.2702039,-0.5986832,0.01059611,-0.9887354,0.1568116,26.98531
other,-0.0009232971,-0.0489472,0.009694661,-0.671835,0.3469767,0.3172279,-0.5723734,0.02816449,-1.039488,0.1533962,27.08477
other,0.1450446,0.0111688,0.006777485,-0.6379348,0.4094098,0.3674369,-0.5388997,0.1726124,-0.9782435,0.1560802,27.20145
other,0.1068119,0.03480204,-0.01535363,-0.6127384,0.4496509,0.392047,-0.5183288,0.1211271,-0.9533559,0.139976,27.2847
other,0.07448988,-0.02724132,-0.1207697,-0.5769438,0.5054454,0.4133954,-0.4906781,0.05549188,-1.010695,0.05579529,27.40137
other,0.07127374,-0.1933484,0.07120546,-0.5620966,0.523146,0.4199516,-0.4837419,0.03719219,-1.178079,0.2507513,27.48488
other,-0.02528687,0.2319914,0.2968332,-0.5544972,0.5224587,0.4506814,-0.4652483,-0.01160749,-0.7562029,0.4579076,27.585
other,-0.201509,-0.08048882,0.1623621,-0.5417013,0.5487303,0.4486118,-0.4518873,-0.2114445,-1.066571,0.3522561,27.68511
other,-0.066967,0.1205911,-0.01518816,0.5142213,-0.5660732,-0.4568284,0.4543627,-0.1116482,-0.8657598,0.1548588,27.78523
other,-0.08572839,0.04976321,0.1079623,0.4836639,-0.5948882,-0.4734077,0.4336615,-0.1438566,-0.9348119,0.2839353,27.88535
other,-0.0406776,-0.1129217,0.01698561,0.4593908,-0.621814,-0.4789062,0.41588,-0.1179918,-1.092191,0.2126877,27.98511
other,-0.09098845,0.08516867,-0.004174382,0.4266486,-0.637122,-0.4917909,0.4125387,-0.1972915,-0.8960155,0.1721829,28.08477
other,-0.008179833,0.1507596,-0.02980337,0.4007169,-0.6511096,-0.4971167,0.4103138,-0.1441009,-0.8254993,0.1392432,28.18486
other,-0.04840033,-0.08923198,-0.07544427,0.4073004,-0.6570048,-0.5008091,0.3894114,-0.1519087,-1.062423,0.119235,28.28492
other,0.002099894,0.004580367,-0.1387125,0.3988285,-0.6575015,-0.5191911,0.3729185,-0.07407164,-0.9745839,0.04383927,28.38502
other,-0.3598237,0.04626006,-0.07057749,0.3849217,-0.6637287,-0.5303624,0.3605763,-0.4300683,-0.9338348,0.1065477,28.48511
other,-0.1466607,-0.1707891,0.162297,0.3906614,-0.6682544,-0.5188192,0.3628311,-0.2265716,-1.151972,0.3615281,28.58519
other,0.2221074,0.1889532,-0.05613996,0.4062403,-0.6528895,-0.5136644,0.3805954,0.1421124,-0.7954879,0.1272871,28.68527
other,-0.1688434,-0.0985804,0.1188265,0.4137496,-0.6593135,-0.5143421,0.3599572,-0.2180325,-1.077796,0.3312708,28.78537
other,0.03396048,0.06447037,0.04307303,0.4404708,-0.6387258,-0.5146216,0.3649377,0.02108797,-0.9169993,0.2475802,28.90127
other,-0.05026328,0.04247167,-0.03107935,0.4705082,-0.6168382,-0.5061718,0.3767266,-0.03869214,-0.9377387,0.1729158,29.0008
other,-0.01352169,0.06460126,-0.06161139,0.4898937,-0.6007672,-0.4904658,0.3981535,-0.01136476,-0.9148038,0.1402203,29.08491
other,0.01376502,-0.026228,-0.02199026,0.5044078,-0.5920849,-0.4634548,0.4245206,-0.02136805,-1.0024,0.1878001,29.18544
other,0.188301,0.01590661,-0.04349067,-0.5221691,0.5725532,0.4356623,-0.4579527,0.1189316,-0.9604309,0.1573001,29.28479
other,0.01170931,-0.1067403,0.1064403,-0.569329,0.5399895,0.419734,-0.4561789,-0.00306836,-1.082431,0.3385916,29.4013
other,0.06257109,0.08817178,0.007016301,-0.5933167,0.5336899,0.4048182,-0.4463996,0.06647231,-0.8755189,0.2812513,29.5011
other,-0.0605327,0.09516233,0.03826323,-0.5809709,0.5508536,0.4108933,-0.436119,-0.06357978,-0.8662468,0.320779,29.6011
other,-0.04412337,-0.05623485,0.03736782,-0.5563322,0.5826741,0.4169994,-0.4208286,-0.0706563,-1.013623,0.3363962,29.70125
other,-0.004100827,0.09435216,-0.01440761,0.5331875,-0.6014608,-0.4220003,0.4193708,-0.05870027,-0.8625872,0.278323,29.78471
other,-0.01811194,0.0460748,-0.02312609,0.5038509,-0.6245247,-0.431838,0.4118483,-0.09749667,-0.9099227,0.2651471,29.88479
other,-0.05153141,0.04007005,-0.07538871,0.4798272,-0.6395045,-0.4463513,0.401958,-0.1372686,-0.9162679,0.2029272,29.98489
other,-0.1026019,-0.04667686,-0.0785949,0.4593279,-0.6459944,-0.4690872,0.3894435,-0.1748436,-1.010695,0.1780396,30.08497
other,-0.1420333,-0.2128787,0.1815045,0.4365751,-0.6473686,-0.4955023,0.3805175,-0.2021725,-1.188571,0.4013001,30.18506
other,-0.09666595,0.2144042,0.04624835,0.4247326,-0.6420023,-0.4990042,0.3980326,-0.1843599,-0.7701116,0.2324516,30.28514
other,0.07582434,-0.02528946,0.1403698,0.4336656,-0.6393374,-0.5016852,0.389222,0.01328015,-1.004107,0.3339549,30.38523
other,0.1113507,0.1194738,0.1201553,0.4358823,-0.6280359,-0.5156374,0.3869051,0.07476716,-0.8686882,0.2895477,30.50131
other,0.008419875,0.062148,-0.03444703,0.4460377,-0.6256847,-0.5173993,0.3766523,-0.001359912,-0.9221231,0.146564,30.60122
other,0.02900574,0.05855956,-0.05099735,0.4483924,-0.6242698,-0.515049,0.3794153,0.01718406,-0.92432,0.1304598,30.70117
other,0.04583012,-0.04552603,-0.08519825,0.4471009,-0.627272,-0.5069059,0.3868811,0.01376716,-1.026799,0.1014239,30.80111
other,-0.04285664,-0.04028156,-0.1547922,0.4530938,-0.6179541,-0.4977894,0.4062565,-0.09383549,-1.023139,0.01944021,30.90128
other,0.2089117,-0.2176276,0.0290224,0.4742682,-0.5985932,-0.4925801,0.4172778,0.1765163,-1.205164,0.1958522,30.98487
other,0.03775948,0.1931484,0.224171,0.4868845,-0.5857913,-0.4991564,0.4130796,0.03987623,-0.7991475,0.3854401,31.08525
other,-0.1179469,-0.1553244,0.1132043,0.4935027,-0.5892051,-0.4797927,0.423192,-0.1431237,-1.140015,0.2949158,31.20131
other,0.0075999,0.01325282,0.1279214,0.4883855,-0.5919803,-0.4766731,0.4287443,-0.03454394,-0.9728755,0.3063832,31.28491
other,-0.05678671,0.112532,-0.03468319,0.4716482,-0.6094545,-0.4715582,0.4286561,-0.1345846,-0.8681996,0.1533962,31.38523
other,-0.007135028,0.01893617,-0.003993939,0.464811,-0.6197609,-0.4711618,0.421727,-0.09188431,-0.9572598,0.1963392,31.48476
other,-0.001820453,0.04263515,-0.09196101,0.4538572,-0.6312883,-0.4813837,0.4046707,-0.07578009,-0.9323722,0.1170396,31.60077
other,-0.04847278,-0.08034237,-0.06331604,0.4425571,-0.6416683,-0.4929447,0.3865364,-0.1082328,-1.055348,0.151932,31.7012
other,-0.09830633,-0.09066395,0.007143878,0.4205535,-0.6507862,-0.5101064,0.3733677,-0.155324,-1.070475,0.2082953,31.80095
other,-0.03068337,-0.09478015,0.04744744,0.4005097,-0.6635231,-0.5136546,0.368087,-0.1079885,-1.074867,0.2495314,31.88491
other,0.0400578,0.1263844,0.1259242,0.3863168,-0.6687575,-0.5193154,0.3658335,-0.04820842,-0.853071,0.3193148,32.0011
other,0.137956,0.06429932,0.1254233,0.3840984,-0.6689359,-0.527464,0.3560546,0.06671505,-0.9160237,0.3156552,32.10126
other,0.02288964,-0.07190253,0.07733476,0.3744176,-0.6739993,-0.5368355,0.3425551,-0.03698369,-1.053884,0.2666112,32.18472
other,0.03419663,0.07857469,-0.01120123,0.3762931,-0.6708407,-0.5469338,0.3305144,0.002299714,-0.9060189,0.1724272,32.28485
other,0.0234448,0.01842591,-0.07014829,0.3757541,-0.6732153,-0.5508868,0.3195523,0.007179215,-0.9638478,0.118748,32.38498
other,0.03702872,0.01297323,-0.0804132,0.3701991,-0.678491,-0.5502595,0.3159384,0.0157199,-0.9675074,0.1143555,32.48512
other,0.0850826,0.004731198,-0.04781071,0.3609107,-0.6855033,-0.5450747,0.3205031,0.03914337,-0.9733641,0.1524191,32.58525
other,0.0768906,-0.08246937,-0.005265028,0.3644668,-0.6781553,-0.5460787,0.3302534,0.02694306,-1.065351,0.1804793,32.70107
other,0.1615981,-0.14358,0.05627907,0.3845472,-0.6613921,-0.5539783,0.3283168,0.1533355,-1.132696,0.2275721,32.78485
other,-0.03168877,0.07615546,0.1415287,0.3816165,-0.6626751,-0.55523,0.3270324,-0.04137618,-0.9118755,0.311507,32.88525
other,-0.1067057,0.1506015,0.1329796,0.3675455,-0.667869,-0.5589405,0.3262618,-0.1316563,-0.836724,0.2954043,32.98466
other,-0.06721088,0.1166274,0.02270132,0.3246059,-0.6933241,-0.5583029,0.3197352,-0.1482475,-0.8667354,0.1951194,33.08466
other,-0.02926757,-0.02336046,-0.0004295067,0.317382,-0.701671,-0.5554335,0.3137199,-0.1170162,-1.002644,0.1858474,33.18467
other,0.003752874,0.07290797,-0.0431314,0.3083667,-0.7088078,-0.5568437,0.3040172,-0.0838322,-0.904312,0.151932,33.28468
other,-0.04919575,-0.03461931,-0.08066708,0.3027006,-0.7154529,-0.5593544,0.2891747,-0.1243355,-1.009963,0.1263116,33.38467
other,-0.005789035,-0.001918211,-0.1041245,0.2944286,-0.7173923,-0.5680521,0.2756392,-0.06675239,-0.9789748,0.0984956,33.48476
other,-0.1336082,-0.1376032,0.005204187,0.2766266,-0.7251529,-0.5768676,0.254666,-0.1838729,-1.116592,0.210248,33.58483
other,0.005116494,-0.1195145,0.05312808,0.2579072,-0.7328872,-0.5803841,0.243956,-0.0533322,-1.099999,0.2612431,33.68492
other,0.02523533,0.1101339,0.09961384,0.249866,-0.7333224,-0.5851534,0.2395844,-0.03381264,-0.8691752,0.3002838,33.78472
other,0.03156746,-0.07447434,0.03126366,0.2424004,-0.7354143,-0.5870915,0.2360749,-0.0311286,-1.053884,0.2307432,33.88465
other,0.04335574,0.04739241,0.03977564,0.2467023,-0.7252437,-0.5999125,0.230791,0.004495178,-0.9392028,0.2139076,34.00124
other,0.0640585,0.02939896,-0.02710023,0.2568967,-0.7227203,-0.6005751,0.225807,0.04621989,-0.9557956,0.149735,34.10118
other,-0.05116904,-0.007573944,0.005993802,0.2592444,-0.722513,-0.6009765,0.2226984,-0.06138431,-0.992395,0.1846275,34.20113
other,0.05806739,0.02598576,-0.07169625,0.2676133,-0.721983,-0.5945967,0.2314701,0.0420717,-0.9567713,0.1141112,34.3012
other,0.04339261,0.01089583,-0.05738733,0.2719795,-0.7249054,-0.5857925,0.2395547,0.01474431,-0.9682387,0.1414402,34.38494
other,0.02601013,-0.07197935,-0.09775056,0.279356,-0.7256088,-0.5759875,0.2523697,-0.01843972,-1.049247,0.1114272,34.48501
other,0.05851413,-0.08928157,0.005989025,0.3052147,-0.7090524,-0.5780367,0.2645037,0.03621505,-1.072916,0.198292,34.58508
other,0.005097312,0.1269072,0.03491888,0.3235412,-0.7002075,-0.5814756,0.2586826,0.01913524,-0.8574634,0.2253751,34.68515
other,-0.03166256,0.04270089,0.08901211,0.320363,-0.702103,-0.5786346,0.2638198,-0.03137289,-0.9418869,0.2807643,34.78522
other,-0.10512,0.0145149,0.08317307,0.3250649,-0.7006837,-0.5721056,0.2758082,-0.1197003,-0.9675074,0.2766161,34.88529
other,-0.02665274,-0.02652344,0.03532376,0.3239814,-0.6996312,-0.5684432,0.2870966,-0.06016444,-1.011428,0.2248881,34.98535
other,-0.1017533,0.0868177,0.01037403,0.3149437,-0.705723,-0.5599651,0.2986716,-0.170697,-0.8930872,0.2051242,35.08483
other,-0.05058322,-0.0008277725,-0.006940193,0.3224596,-0.7053992,-0.5502395,0.309303,-0.1321449,-0.9772679,0.1963392,35.18479
other,-0.03190172,0.008570246,-0.08270814,0.3322835,-0.7041689,-0.54296,0.3145286,-0.1140879,-0.9657989,0.1299712,35.28471
other,-0.02481358,-0.01041961,-0.06768293,0.3377692,-0.7028888,-0.5444095,0.3089944,-0.09139574,-0.9841002,0.1485151,35.38482
other,-0.1079927,-0.03849911,-0.06406507,0.3359613,-0.6991915,-0.554949,0.3004875,-0.155324,-1.016796,0.1394875,35.48507
other,-0.1457546,0.02311734,0.04158512,0.322746,-0.7040285,-0.558761,0.2965888,-0.2029039,-0.958724,0.2419679,35.58544
other,-0.03418465,0.0690345,0.07985416,0.3266384,-0.7013955,-0.5579774,0.3000216,-0.09066443,-0.9118755,0.2775916,35.68504
other,0.03399603,0.09069594,0.09938075,0.339696,-0.691076,-0.5555784,0.313613,-0.0221009,-0.8918673,0.2856438,35.78479
other,0.05965151,-0.07426545,0.07282294,0.3542528,-0.6840937,-0.5501337,0.3222944,0.008399091,-1.056568,0.2600233,35.88475
other,0.0489125,0.01530718,0.03571681,0.3777828,-0.6693068,-0.5473958,0.3311592,0.01913524,-0.9701914,0.2175673,35.98471
other,0.02268216,0.04188663,-0.009391357,0.4050241,-0.6548491,-0.541612,0.3373196,0.01962381,-0.9418869,0.1765754,36.08467
other,-0.01969099,-0.005397345,-0.03002654,0.4238181,-0.6458606,-0.5323899,0.3461261,-0.01551296,-0.9872712,0.1636438,36.18482
other,0.01244159,0.02604974,-0.06294879,0.448324,-0.6349134,-0.5136549,0.3633856,0.0115717,-0.9523787,0.1453441,36.2851
other,0.003145216,-0.03400334,-0.08602409,0.4644265,-0.6270837,-0.4947664,0.382466,-0.01697556,-1.010208,0.1319239,36.38542
other,0.008739743,-0.01256402,-0.1542119,0.4759312,-0.6160996,-0.4819295,0.402063,-0.02795599,-0.989224,0.05799231,36.48486
other,0.1014571,-0.05466031,0.02439775,0.496869,-0.5965418,-0.4710587,0.4187635,0.06988765,-1.034607,0.2302561,36.58495
other,0.1130945,0.03480904,0.0785322,0.5164889,-0.5791456,-0.4735305,0.4166515,0.1196645,-0.9479879,0.283691,36.6851
other,-0.08552012,-0.05619547,0.0860552,0.5200073,-0.5786852,-0.4605566,0.4273212,-0.07358462,-0.947255,0.3376161,36.78524
other,-0.07103554,-0.08936822,0.08614537,-0.527189,0.5671521,0.4472702,-0.4476155,-0.1072557,-1.070232,0.2856438,36.8854
other,-0.04065821,0.01741891,0.01941597,-0.5282116,0.5661563,0.4320796,-0.4623491,-0.1079885,-0.9640921,0.2192757,36.98476
other,-0.04753707,0.1107931,-0.02146019,-0.5275311,0.5667578,0.4166522,-0.4763375,-0.1480048,-0.8652713,0.1777953,37.08485
other,-0.00375843,-0.01273712,-0.02496782,-0.5354592,0.5640526,0.4069386,-0.479092,-0.1084755,-0.98532,0.1848718,37.18502
other,-0.01592518,-0.01429444,-0.1060086,-0.5381306,0.5637405,0.405235,-0.4779086,-0.1187247,-0.98654,0.1089875,37.28518
other,-0.05244029,0.01383261,-0.08756719,-0.529644,0.5693081,0.4174776,-0.4701894,-0.1455635,-0.9594553,0.1216748,37.38535
other,-0.09973575,-0.1338658,-0.05161629,-0.5189402,0.5781292,0.4315884,-0.4584749,-0.1821644,-1.111711,0.1560802,37.4855
other,-0.1779719,0.0862314,-0.009401204,-0.5105666,0.5790536,0.432315,-0.4659639,-0.2765927,-0.8945514,0.1834076,37.58525
other,0.1386188,0.03336841,0.08203682,-0.5195108,0.5665501,0.433991,-0.4698738,0.05695604,-0.9487191,0.2641715,37.68467
other,0.05380286,-0.05946873,0.05143298,-0.522923,0.5591335,0.4343466,-0.4746202,-0.02283221,-1.043392,0.2239109,37.80107
other,0.08152002,0.008762117,0.04936327,-0.529792,0.5502714,0.4394005,-0.472704,0.02670033,-0.9787321,0.2168359,37.88463
other,0.05306911,0.0470113,-0.01895939,-0.5420105,0.5402874,0.4406824,-0.4691622,0.02377201,-0.9392028,0.1526634,37.98471
other,0.03409571,0.004096074,-0.02893794,-0.5518504,0.5336192,0.4320212,-0.4733597,0.005715054,-0.979952,0.149735,38.08479
other,0.04017106,0.03856183,-0.03124327,-0.5584763,0.5285006,0.4214944,-0.4807638,0.002788286,-0.9440839,0.1511992,38.18483
other,0.04059045,-0.06013925,-0.04146444,-0.5701905,0.5235556,0.4033446,-0.4879399,-0.01038761,-1.039244,0.1570558,38.28482
other,0.1050849,-0.0694691,-0.03739735,-0.5818578,0.5084028,0.390921,-0.5001488,0.05134368,-1.050955,0.1570558,38.38526
other,0.09689926,0.07500104,0.03080793,-0.6018308,0.4818823,0.3919033,-0.5019969,0.084772,-0.910167,0.2202513,38.50127
other,0.005356415,-0.02353813,0.03256934,-0.6077738,0.481552,0.384896,-0.5005734,-0.00892345,-1.005084,0.2356242,38.58506
other,-0.04639873,0.04207831,0.1253974,-0.6075757,0.482933,0.383285,-0.5007195,-0.06431264,-0.9384716,0.3305395,38.68564
other,-0.07910349,-0.03254969,0.05693705,-0.6064019,0.4853466,0.3765353,-0.5049124,-0.1126237,-1.012403,0.2639272,38.78522
other,-0.08642891,0.02684669,0.02061109,-0.595689,0.4955532,0.3713896,-0.5115186,-0.1511759,-0.9543315,0.222204,38.88475
other,-0.0568185,0.1192662,0.003733972,-0.5905193,0.5046841,0.3598735,-0.51679,-0.1536156,-0.8562436,0.2109793,38.98487
other,0.02612827,0.0070243,0.00294753,-0.5947183,0.5050741,0.3502154,-0.5182271,-0.08090387,-0.9640921,0.2207399,39.08462
other,-0.02706783,-0.01516277,-0.05032863,-0.5968056,0.5060969,0.3478054,-0.5164498,-0.1348289,-0.9850758,0.1746242,39.18476
other,0.0110844,0.02800724,-0.06743808,-0.5938096,0.5105711,0.3542338,-0.5111024,-0.09017586,-0.9411556,0.1592513,39.28517
other,-0.02437492,-0.05356637,-0.09511952,-0.5901464,0.5138933,0.366464,-0.5033339,-0.1092084,-1.024848,0.1297269,39.38572
other,-0.1379342,-0.07879127,0.01886367,-0.5797971,0.5216577,0.3820907,-0.4956967,-0.2121758,-1.054128,0.2358669,39.4851
other,-0.08334563,-0.03247568,0.02047548,-0.5712467,0.5281047,0.3852528,-0.4963495,-0.1677686,-1.010208,0.2317203,39.58469
other,-0.0114956,0.02646412,0.04801848,-0.5692264,0.526418,0.3841567,-0.5012872,-0.1021319,-0.9509162,0.2507513,39.68479
other,0.04500797,0.06970395,0.08363634,-0.5747632,0.5148178,0.381169,-0.5092347,-0.04137618,-0.9106556,0.2749076,39.78481
other,0.09680964,-0.006249235,0.04991114,-0.5793926,0.5066197,0.3820444,-0.5115495,0.02108797,-0.9875155,0.2348914,39.88483
other,0.03626057,-0.0369165,0.04061363,-0.5845898,0.4969756,0.3857492,-0.5123158,-0.0221009,-1.021919,0.2185428,39.98483
other,0.04543015,0.04797988,-0.01063193,-0.5946953,0.4845443,0.3892953,-0.5099052,0.01425574,-0.9374959,0.1665721,40.08484
other,-0.01685309,-0.0001865211,-0.009287169,-0.6019614,0.4799372,0.388192,-0.5065667,-0.03576382,-0.9838559,0.1763311,40.18485
other,0.03031212,0.0150838,-0.03807735,-0.6107737,0.4731938,0.3800546,-0.5085287,0.01328015,-0.9670188,0.1560802,40.28485
other,0.07631477,0.002177085,-0.02398318,-0.6207029,0.4655657,0.3651629,-0.5144245,0.05061238,-0.9772679,0.180235,40.38484
other,0.01829777,-0.0338423,-0.07698482,-0.6289239,0.4564401,0.3476852,-0.5246257,-0.02332078,-1.011916,0.1309468,40.48484
other,0.1114583,-0.06058718,-0.01693329,-0.6392371,0.4361637,0.3276632,-0.5420092,0.05744306,-1.041439,0.1812122,40.58485
other,0.1107396,-0.01363821,0.01296163,-0.6496595,0.4149871,0.324569,-0.5480723,0.07745119,-0.9987387,0.2021959,40.68487
other,0.0422196,-0.04126794,0.001137154,-0.6573275,0.4056687,0.3199505,-0.548621,0.01767108,-1.024359,0.1948751,40.78487
other,-0.007399723,0.07237768,0.1104481,-0.6543832,0.4060768,0.323179,-0.5499451,-0.0311286,-0.9121197,0.2971112,40.88487
other,-0.04993943,0.06312155,0.08030711,-0.6540568,0.4055766,0.3151399,-0.5553415,-0.08822468,-0.9204162,0.2651471,40.98487
other,-0.07292929,-0.03893332,0.03289648,-0.65454,0.4089774,0.3099465,-0.5552008,-0.1214087,-1.021188,0.2246438,41.08488
other,-0.0555809,0.07494463,0.01176559,-0.6498885,0.4215958,0.3027243,-0.5552115,-0.1304364,-0.904312,0.2124435,41.18457
other,0.00803959,0.04108745,-0.004382954,-0.6496153,0.4293524,0.2956768,-0.553382,-0.08310089,-0.9328592,0.2085396,41.28471
other,-0.001479983,-0.01748864,-0.01198685,-0.6514301,0.4336788,0.2943861,-0.548542,-0.09383549,-0.9887354,0.2131763,41.38474
other,-0.008900883,0.04480708,-0.03825681,-0.648235,0.4403419,0.2984499,-0.5448099,-0.1018876,-0.92554,0.1902399,41.48493
other,-0.02662414,0.00285529,-0.05192291,-0.6464003,0.4429426,0.3058035,-0.5407889,-0.1104283,-0.9679959,0.1763311,41.58525
other,-0.06579579,-0.02774108,-0.03654593,-0.6401698,0.4482238,0.3226863,-0.5339959,-0.131412,-1.001667,0.1851161,41.68557
other,-0.04622927,-0.07561165,0.03965307,-0.6303862,0.4594709,0.3338124,-0.5292155,-0.1118924,-1.052664,0.2573392,41.78507
other,-0.04545835,0.07311988,-0.002204557,-0.6213946,0.4692364,0.3396044,-0.5275933,-0.1187247,-0.9038234,0.2109793,41.88483
other,-0.04519421,0.009521037,0.01631853,-0.6180264,0.4745615,0.3425339,-0.5248858,-0.1201888,-0.9670188,0.2312317,41.98471
other,0.04493005,0.05083362,0.07034002,-0.6200948,0.4676148,0.344004,-0.527712,-0.0221009,-0.9272468,0.2771031,42.0846
other,0.06505799,0.008172504,0.06426623,-0.6218209,0.4649925,0.3474448,-0.5257403,0.00815636,-0.9699472,0.2702709,42.185
other,0.05272366,-0.02927555,0.03552656,-0.6235203,0.4621742,0.3518305,-0.5232902,0.007667788,-1.009232,0.240748,42.28481
other,0.04777021,0.03948889,-0.01592959,-0.6334977,0.4504584,0.3544904,-0.5197157,0.02865151,-0.94018,0.1929239,42.38474
other,0.01942119,0.01637408,0.01566264,-0.6445596,0.4418688,0.3531548,-0.5143701,0.02011238,-0.9599438,0.2373311,42.48467
other,-0.003009642,0.03604195,-0.02293942,-0.6574241,0.4293227,0.3430947,-0.5155206,0.005472323,-0.937983,0.2104923,42.58474
other,0.0371662,-0.004331413,-0.07229667,-0.6695227,0.4166771,0.328065,-0.5200894,0.04304728,-0.975071,0.1716959,42.68496
other,0.02139194,-0.0469369,-0.08775607,-0.6750656,0.4090269,0.310047,-0.5299568,0.006447912,-1.01704,0.15852,42.78504
other,0.05722254,-0.09980261,-0.07302829,-0.6770684,0.3963932,0.2922591,-0.5468412,0.01937952,-1.073892,0.15852,42.88512
other,0.07528866,-0.04121611,0.02092258,-0.6843349,0.3687865,0.2794955,-0.5635287,0.0420717,-1.021919,0.2302561,42.9852
other,0.01224817,0.04561754,-0.001058177,-0.6966972,0.3466444,0.264719,-0.5695387,-0.01380451,-0.9335921,0.2104923,43.08527
other,0.008150634,0.06694922,0.07432256,-0.7008227,0.3335176,0.254282,-0.5770218,-0.02039246,-0.9135839,0.2795428,43.18534
other,-0.06074898,0.01926215,0.1143633,-0.7050149,0.324871,0.2349381,-0.5849931,-0.1096954,-0.9606752,0.3200477,43.28542
other,-0.09321754,-0.0342557,-0.006441105,-0.7084064,0.3162821,0.215242,-0.5931246,-0.1636204,-1.013136,0.1978034,43.38549
other,-0.05180977,0.01819758,0.01323823,-0.709666,0.315011,0.1970844,-0.5985817,-0.149469,-0.9582354,0.21952,43.48465
other,-0.05717666,0.05439318,0.02181524,-0.7160168,0.3085295,0.1761802,-0.6009077,-0.1758208,-0.9160237,0.2378197,43.58505
other,0.01376766,-0.02455077,-0.04267351,-0.723997,0.2937354,0.1552331,-0.604525,-0.1167719,-0.992395,0.1785281,43.6847
other,-0.01650562,0.0341427,-0.04978682,-0.7249225,0.2919283,0.1511558,-0.605324,-0.1509316,-0.9328592,0.1719402,43.78476
other,-0.05449971,0.002284543,-0.01412421,-0.7288423,0.2887474,0.1537508,-0.6014769,-0.1777719,-0.9636035,0.2151275,43.88481
other,-0.01841415,-0.0571236,-0.06990681,-0.729954,0.2825404,0.1598193,-0.6014947,-0.1250683,-1.026312,0.1555917,43.98486
other,-0.09789485,-0.08460639,-0.01869872,-0.7265764,0.2841699,0.1676764,-0.6026762,-0.1970488,-1.058519,0.1992676,44.0849
other,-0.008093186,0.009513452,-0.006978131,-0.7203124,0.2929206,0.177802,-0.6031036,-0.1055488,-0.9662875,0.2029272,44.18497
other,-0.02397778,0.003940088,0.01474594,-0.7178333,0.3006135,0.1870786,-0.5994568,-0.1160406,-0.9716556,0.226595,44.28503
other,0.01581655,0.03752993,0.02751335,-0.7179165,0.296105,0.1913849,-0.6002412,-0.06504394,-0.9399357,0.2341601,44.38508
other,0.07519063,0.01642738,0.02513248,-0.7180306,0.2952777,0.2024182,-0.5968836,0.01328015,-0.961895,0.2309874,44.48513
other,0.02007907,-0.07745148,0.02562794,-0.7138036,0.301475,0.215973,-0.5940983,-0.02990873,-1.057788,0.2268392,44.58518
other,0.05114877,0.05628445,0.02701857,-0.7144241,0.2926082,0.2290037,-0.5929046,0.03133555,-0.9272468,0.21952,44.68524
other,0.01563396,0.01395573,-0.01658301,-0.7231498,0.2808938,0.2289578,-0.5879893,0.0164512,-0.9660432,0.1873115,44.7853
other,0.02750914,-0.01383504,-0.02957225,-0.7338719,0.2671444,0.2140296,-0.5867344,0.02816449,-0.9901996,0.1904842,44.88536
other,0.03680927,0.007737223,-0.05346638,-0.7417603,0.2496302,0.1904884,-0.5926135,0.02352772,-0.9670188,0.1716959,44.98541
other,0.05005552,-0.1831398,-0.0004593253,-0.7495692,0.2248062,0.1663404,-0.5999493,0.0296271,-1.159779,0.2248881,45.08546
other,0.05428375,0.1477542,0.0485245,-0.7558969,0.1888823,0.1511994,-0.6083437,0.05305213,-0.8316002,0.2631959,45.18459
other,0.006040218,-0.06135699,0.01979074,-0.7651505,0.1632242,0.124256,-0.6102974,-0.00306836,-1.038755,0.2446519,45.28524
other,-0.0109599,0.02461155,0.1043662,-0.7691654,0.1374787,0.0954147,-0.6167498,-0.03381264,-0.9526231,0.3259043,45.38563
other,-0.07728974,0.03284551,0.04607169,-0.7752978,0.1050739,0.05303097,-0.6205325,-0.1255569,-0.9423755,0.2707594,45.48454
other,-0.1042177,-0.006292802,0.06253218,-0.7797332,0.07104385,0.008198053,-0.6220142,-0.179969,-0.9794634,0.2890591,45.58459
other,-0.04903643,0.02332059,0.01215387,-0.7828238,0.03497842,-0.03987485,-0.6199785,-0.1550798,-0.9467679,0.240748,45.68482
other,-0.04248007,-0.01294941,-0.005874516,-0.784856,-0.001866639,-0.0814274,-0.6143023,-0.1682557,-0.9794634,0.226595,45.78494
other,-0.0362404,0.01199327,-0.01217532,-0.7825648,-0.03924915,-0.1182239,-0.6099795,-0.1736237,-0.9536002,0.2161031,45.88508
other,-0.06287792,0.008293869,-0.02135453,-0.7755463,-0.07432696,-0.1477584,-0.6092379,-0.201684,-0.9599438,0.1929239,45.98521
other,-0.05397816,0.02885116,-0.04614426,-0.7690195,-0.1095194,-0.1655607,-0.6076217,-0.1755765,-0.9423755,0.1607155,46.08533
other,-0.04414643,-0.05700535,-0.08879572,-0.7644739,-0.1352241,-0.1678417,-0.6075552,-0.1365358,-1.032167,0.1167953,46.18545
other,-0.1442465,-0.05930137,0.01998278,-0.7584854,-0.1527448,-0.172999,-0.6094589,-0.2207165,-1.039488,0.2178115,46.28471
other,-0.05001722,0.04986435,0.02586276,-0.7512426,-0.1688316,-0.185746,-0.6104333,-0.1231156,-0.9318836,0.2119549,46.38463
other,-0.005315256,0.007690252,0.06881157,-0.7423142,-0.19379,-0.2060963,-0.6074038,-0.07602438,-0.9760481,0.2463588,46.48492
other,0.1484882,0.01523035,0.1014161,-0.7302988,-0.2225149,-0.2283151,-0.6041713,0.08379641,-0.9701914,0.2673441,46.58493
other,0.1947263,0.04942722,0.06378257,-0.7101249,-0.2731485,-0.2544125,-0.5969814,0.1594365,-0.9399357,0.2219597,46.68501
other,0.007003834,0.009359412,0.02607046,-0.6935161,-0.3166768,-0.2779567,-0.5843724,-0.008436434,-0.9784878,0.1887757,46.78508
other,0.10052,-0.002005151,0.02043809,-0.6764755,-0.3556214,-0.3011544,-0.5702809,0.0986792,-0.9887354,0.1887757,46.88514
other,0.0494394,0.03311625,-0.04019399,-0.661216,-0.3882044,-0.3185772,-0.5573145,0.06085995,-0.9523787,0.1358278,46.98521
other,-0.003219259,0.00552542,-0.05695064,-0.6476697,-0.4151114,-0.3366366,-0.5430307,0.0115717,-0.9782435,0.1268001,47.08528
other,0.100023,0.02222898,-0.04621396,-0.6351641,-0.435374,-0.3640266,-0.523928,0.0937997,-0.9601882,0.1397317,47.18536
other,0.07661828,-0.0530141,-0.09458727,-0.6272008,-0.4518664,-0.3895815,-0.5006616,0.04036325,-1.033875,0.1006911,47.28542
other,0.09990286,-0.04501733,-0.006488076,-0.6058177,-0.4742267,-0.4099987,-0.4898928,0.06769219,-1.029972,0.1777953,47.38549
other,0.1296145,-0.0303301,0.04160353,-0.5876768,-0.4959618,-0.4156389,-0.4856976,0.1228355,-1.018016,0.2251308,47.48459
other,0.05235597,-0.009327709,0.0005012512,-0.5870504,-0.5014492,-0.4213635,-0.475787,0.03475244,-0.9931279,0.1931682,47.58464
other,-0.08074146,0.1171366,0.1750994,-0.5899419,-0.4946457,-0.4218824,-0.4788626,-0.1048159,-0.8667354,0.3607952,47.68483
other,-0.002724097,-0.1079807,0.03378206,-0.59302,-0.4926274,-0.424135,-0.4751368,-0.03771655,-1.091703,0.2229353,47.78483
other,-0.09255378,0.02531047,0.06834035,-0.6041806,-0.4742242,-0.426973,-0.4772539,-0.1560569,-0.9596996,0.2488001,47.88483
other,-0.02966552,0.09267026,0.02535551,-0.6167452,-0.4599785,-0.428435,-0.4738022,-0.1223843,-0.8872321,0.2095151,47.98484
other,-0.01035018,-0.03093693,0.01688839,-0.6231515,-0.4570189,-0.4257867,-0.4706607,-0.1109169,-1.007768,0.2114679,48.08484
other,-0.0329671,0.01833538,-0.04164032,-0.6265914,-0.4526733,-0.4229721,-0.4728261,-0.1350716,-0.9582354,0.1536389,48.18482
other,-0.04214796,0.02901745,-0.03992034,-0.6283292,-0.4503631,-0.4175608,-0.4775128,-0.1367801,-0.947255,0.1553474,48.28481
other,-0.0182115,-0.02836006,-0.08675934,-0.6292387,-0.4508327,-0.410221,-0.4822107,-0.09969214,-1.005328,0.1116715,48.38481
other,-0.1352106,-0.1275088,0.004418316,-0.6322939,-0.4448555,-0.4036188,-0.4892851,-0.2104689,-1.107563,0.2002432,48.48515
other,-0.06931985,0.08124259,-0.007947715,-0.6348934,-0.4335628,-0.4084593,-0.4920312,-0.1616677,-0.9013836,0.1748669,48.58544
other,0.0330809,0.04664098,0.1037582,-0.6287627,-0.4398282,-0.4083948,-0.4943908,-0.04576866,-0.9365188,0.2817399,48.68501
other,0.1310841,-0.02177639,0.09374131,-0.6280166,-0.4377267,-0.4076782,-0.497784,0.05476058,-1.004595,0.2658799,48.78512
other,0.002873609,-0.0201682,0.09293452,-0.6216199,-0.4424658,-0.4047635,-0.5039634,-0.05455208,-1.008011,0.2578278,48.88543
other,0.07329972,0.08056837,-0.01601187,-0.6063066,-0.4578488,-0.406628,-0.5073662,0.04475573,-0.9089472,0.1387562,48.98469
other,-0.03522489,-0.003711265,0.04299375,-0.6014256,-0.4634151,-0.4062093,-0.5084561,-0.0526009,-0.9928836,0.196095,49.08567
other,0.03292389,0.008694821,0.008382887,-0.5943047,-0.4731103,-0.4126046,-0.5027187,0.01815965,-0.9806833,0.1626682,49.18576
other,0.04006212,-0.01018291,0.004861425,-0.589577,-0.4832628,-0.4173749,-0.4946254,0.02596747,-0.9977631,0.1673034,49.28481
other,0.02677641,0.01559785,-0.02388217,-0.5804872,-0.497087,-0.4300868,-0.4805876,0.005228037,-0.97068,0.1443669,49.4014
other,0.04220333,-0.001541862,-0.07524011,-0.5736393,-0.5081949,-0.4407341,-0.4673642,0.0115717,-0.9860514,0.09947119,49.48449
other,0.09196644,-0.02995774,-0.07474212,-0.5637381,-0.5197114,-0.4578002,-0.4500204,0.04353586,-1.013867,0.1011796,49.58469
other,0.007007433,-0.06251278,-0.01172067,-0.5501037,-0.5297053,-0.4690434,-0.4436175,-0.03918071,-1.04998,0.1551031,49.68481
other,0.04213138,0.04243258,-0.01339293,-0.5413644,-0.5406536,-0.4646165,-0.4458135,0.02108797,-0.9450595,0.1577871,49.78487
other,0.04125926,0.00207867,0.01558151,-0.5483508,-0.5371357,-0.4582177,-0.4481442,0.02011238,-0.9838559,0.1943881,49.88479
other,-0.01295604,0.04946281,0.113923,-0.5560236,-0.5269136,-0.4549627,-0.4541022,-0.04040059,-0.9367631,0.2878392,49.98486
other,-0.06190779,-0.07566154,0.05605089,-0.5615916,-0.519962,-0.4550346,-0.4551899,-0.09969214,-1.061691,0.2278148,50.08482
other,-0.06035934,-0.0007691322,0.07114248,-0.5654351,-0.5132793,-0.4634999,-0.4494389,-0.1233599,-0.9882468,0.238064,50.18478
other,-0.00554594,0.05999124,-0.01174455,-0.5709611,-0.5093988,-0.4701,-0.4399117,-0.09432406,-0.9228559,0.1594956,50.28484
other,0.02008798,-0.0003390055,-0.002596806,-0.5764768,-0.5089359,-0.4685195,-0.4349116,-0.07748853,-0.9794634,0.180235,50.38519
other,0.006711241,0.03525784,-0.08248865,-0.5861229,-0.5048054,-0.4590878,-0.4368865,-0.09042015,-0.9409113,0.1143555,50.48548
other,-0.03460056,-0.01804198,-0.05256383,-0.5930021,-0.4998685,-0.4464782,-0.4462479,-0.1179918,-0.9936149,0.1504679,50.58467
other,-0.06501217,-0.01779837,-0.105523,-0.5991912,-0.4930085,-0.4349537,-0.4568673,-0.1358045,-0.9945921,0.09873988,50.68545
other,-0.1500745,-0.03583286,-0.005078519,-0.6088689,-0.4817418,-0.4272545,-0.4633109,-0.2241319,-1.013867,0.200976,50.78483
other,-0.05526535,0.02032147,-0.01419853,-0.6170897,-0.4716576,-0.4291789,-0.4610258,-0.1504446,-0.9575041,0.1931682,50.88475
other,0.04590473,-0.0289734,0.07528256,-0.6159958,-0.4695493,-0.4258079,-0.4677182,-0.03966773,-1.007524,0.2756389,50.98473
other,0.08857889,-0.01603362,0.08971978,-0.6191115,-0.4593571,-0.421166,-0.4778191,0.00595934,-0.9958119,0.2785673,51.08501
other,0.01876326,-0.0002799762,0.0711417,-0.6142134,-0.4589791,-0.4161867,-0.488742,-0.04406022,-0.9860514,0.2475802,51.18496
other,0.08699442,0.04661861,-0.03400314,-0.6012435,-0.4730504,-0.4152592,-0.492229,0.05329641,-0.9396914,0.1368034,51.28509
other,0.04852616,0.004982195,-0.06299794,-0.5962699,-0.4813833,-0.4142891,-0.4910161,0.02718735,-0.9801947,0.1116715,51.38522
other,0.03064458,0.002474176,-0.1229557,-0.5963942,-0.4835519,-0.4202044,-0.4836525,-0.002824074,-0.9806833,0.05603958,51.48535
other,0.05013714,-0.02751274,-0.08171847,-0.5965986,-0.482761,-0.4308099,-0.4747786,-0.00550811,-1.010208,0.09630013,51.58548
other,0.1023245,-0.09473065,0.0328163,-0.5809562,-0.4906785,-0.4449534,-0.4730128,0.0493925,-1.083408,0.1897513,51.68479
other,0.08156157,0.1472366,0.1108357,-0.5673478,-0.4992609,-0.4424159,-0.4828281,0.06159126,-0.8462387,0.2536796,51.78482
other,-0.1310626,-0.03426066,0.1054768,-0.5740871,-0.4985552,-0.4420244,-0.4759005,-0.1641075,-1.022895,0.261976,51.88485
other,0.004753398,-0.09651107,0.07693392,-0.5779122,-0.4940312,-0.4427585,-0.4753058,-0.03747227,-1.085848,0.2334272,51.98489
other,-0.07485835,0.1216401,0.03178492,-0.5929381,-0.4782751,-0.4440342,-0.4717106,-0.1504446,-0.8655155,0.1929239,52.08493
other,-0.002900687,0.02539177,0.03315157,-0.6030648,-0.4725562,-0.4430952,-0.4654783,-0.09749667,-0.9557956,0.2073197,52.18499
other,-0.02252171,-0.03921154,0.006477038,-0.6109781,-0.4695699,-0.4369693,-0.4639693,-0.1209201,-1.01826,0.1943881,52.28503
other,-0.003846329,0.05135341,-0.009589524,-0.620984,-0.4598808,-0.4295949,-0.4672651,-0.1077442,-0.9252957,0.1848718,52.38505
other,-0.0135633,0.008848375,-0.02777014,-0.6279804,-0.4544334,-0.4206704,-0.4713463,-0.1136009,-0.9662875,0.1741356,52.48508
other,0.005159605,0.004324606,-0.05441112,-0.6339546,-0.4473883,-0.4081065,-0.4810347,-0.08187947,-0.9709227,0.149735,52.58511
other,-0.06426882,-0.1115768,-0.04348069,-0.6430991,-0.440489,-0.3882784,-0.4915616,-0.1306807,-1.086823,0.1719402,52.68514
other,0.003594507,-0.03820639,0.009248185,-0.6516511,-0.4228295,-0.3740006,-0.5066454,-0.05552767,-1.01704,0.2165917,52.78518
other,-0.05596533,0.02057236,0.02803932,-0.6637897,-0.3972467,-0.358435,-0.5225921,-0.1167719,-0.9604309,0.2253751,52.88522
other,-0.01759577,0.04481914,0.03175185,-0.667665,-0.385069,-0.3517095,-0.5312679,-0.07821984,-0.9374959,0.2202513,52.98526
other,-0.01906772,0.05667334,0.0774648,-0.669391,-0.3800582,-0.345315,-0.5368695,-0.07334033,-0.92554,0.2627073,53.08529
other,0.07787409,-0.03281712,0.02459696,-0.6706538,-0.3765127,-0.3411663,-0.5404324,0.02718735,-1.015332,0.2078083,53.18533
other,0.02494642,-0.02409555,0.07520082,-0.6652458,-0.3787175,-0.3388163,-0.5470142,-0.01160749,-1.010939,0.2475802,53.28536
other,0.06572447,0.06155411,-0.02067445,-0.6579253,-0.3923386,-0.3341267,-0.5491484,0.05695604,-0.9245628,0.1531519,53.3854
other,-0.009628622,-0.02784387,-0.01685422,-0.6554773,-0.4035306,-0.334408,-0.5437682,-0.009167736,-1.011428,0.168279,53.48543
other,0.01854163,-0.003533398,-0.04629875,-0.6514603,-0.4135984,-0.34191,-0.5363145,0.01669549,-0.9862956,0.1448555,53.58499
other,0.05437799,-0.01644128,-0.04528629,-0.6485066,-0.4202502,-0.3524632,-0.5278244,0.04085182,-0.9982517,0.149248,53.68533
other,0.03716692,-0.01868187,-0.0713688,-0.6470485,-0.4233979,-0.3650534,-0.5184579,0.003763875,-0.9992273,0.1246031,53.78568
other,0.06873191,-0.04858292,-0.05143978,-0.6407373,-0.4322535,-0.3779266,-0.5096903,0.02499188,-1.029972,0.1436356,53.88486
other,0.06066957,-0.06244519,-0.0381499,-0.6303137,-0.4451044,-0.3822342,-0.508413,0.03133555,-1.046076,0.1531519,53.98512
other,0.04602784,-0.006888153,-0.004717803,-0.6277071,-0.4501882,-0.3794377,-0.5092558,0.02816449,-0.989711,0.18902,54.08538
other,-0.03693391,0.06944916,0.08164364,-0.6319108,-0.4438474,-0.3769913,-0.511435,-0.05943158,-0.9135839,0.2746633,54.18505
other,-0.1086682,0.05155821,0.07002646,-0.6361324,-0.4410219,-0.3793997,-0.5068442,-0.1443436,-0.9289553,0.268564,54.30115
other,-0.05434695,-0.09833533,0.04375545,-0.6352251,-0.4436932,-0.3862945,-0.5004017,-0.1011563,-1.078771,0.2448962,54.38515
other,-0.07038156,0.06706572,0.00916674,-0.6378602,-0.440567,-0.3982129,-0.4903689,-0.1465406,-0.9123641,0.2117122,54.48494
other,-0.04363543,0.04396365,0.006770483,-0.6412947,-0.441067,-0.4062051,-0.4787466,-0.1423924,-0.9291996,0.2185428,54.58488
other,-0.06962831,-0.01209061,-0.02615239,-0.6401949,-0.4497567,-0.4109504,-0.4679628,-0.1755765,-0.9819031,0.1995119,54.68493
other,-0.01516105,0.04982088,-0.08635006,-0.6327553,-0.461531,-0.4168142,-0.4613847,-0.1167719,-0.918952,0.140463,54.785
other,-0.01468744,-0.04469972,-0.1014822,-0.6265637,-0.4693933,-0.4144692,-0.4640077,-0.09847226,-1.015332,0.1243588,54.88506
other,-0.1091659,-0.1242712,-0.01125484,-0.6259361,-0.4670047,-0.4061986,-0.474461,-0.1746009,-1.098779,0.2087838,54.98512
other,-0.04452042,-0.08763565,0.03763606,-0.6298233,-0.4565709,-0.4003639,-0.4843288,-0.1067687,-1.066328,0.2485558,55.08518
other,-0.1092614,0.1327709,0.02677414,-0.6314352,-0.4464274,-0.4006977,-0.4913588,-0.1767963,-0.84868,0.2234239,55.18524
other,0.06328894,0.06346454,0.06696651,-0.62756,-0.4454502,-0.4018152,-0.4962732,0.04792834,-0.9201719,0.2817399,55.2853
other,0.0512312,-0.08758295,0.09248979,-0.6291832,-0.4426377,-0.3969988,-0.5005919,-0.005263824,-1.070475,0.2763718,55.38536
other,0.03058633,0.05639288,0.0231028,-0.6176672,-0.4553144,-0.3944963,-0.5055183,0.003519589,-0.9299309,0.2012203,55.48542
other,0.02874393,0.04714929,-0.01951346,-0.6053392,-0.474165,-0.3951569,-0.5025764,0.02694306,-0.9367631,0.1631552,55.58548
other,-0.01467804,-0.00310191,-0.01886935,-0.597514,-0.4862838,-0.4026263,-0.4943653,-0.01502438,-0.9862956,0.168279,55.68477
other,0.02104336,0.01207428,-0.08237926,-0.5881869,-0.5005352,-0.4166786,-0.4794576,0.0108404,-0.9694601,0.1106959,55.78485
other,0.01055835,-0.03762125,-0.06278587,-0.5806983,-0.5138289,-0.4315925,-0.4609742,-0.01697556,-1.016796,0.1397317,55.88476
other,0.07368547,-0.07961408,-0.06612056,-0.5607777,-0.5315059,-0.4562916,-0.441393,0.03109126,-1.060716,0.12802,55.98479
other,0.04277558,-0.1363697,-0.002461084,-0.5378856,-0.5523911,-0.4711578,-0.4284314,0.009131949,-1.120983,0.1870673,56.08483
other,0.01272718,0.1348693,0.06687006,-0.5258213,-0.5645092,-0.4745943,-0.4237942,-0.007947861,-0.84868,0.2575835,56.18487
other,-0.007548197,0.1001291,0.1393778,-0.5221694,-0.56958,-0.4822731,-0.4127111,-0.04113189,-0.882351,0.3339549,56.2849
other,-0.06073857,-0.0876869,0.04631651,-0.5180655,-0.5786135,-0.4884316,-0.3978054,-0.1065244,-1.066328,0.2529483,56.38492
other,-0.03992211,-0.004540788,0.02319706,-0.5213264,-0.5764472,-0.4952304,-0.3881679,-0.1089641,-0.9831231,0.231963,56.48495
other,-0.02122388,0.06631234,-0.003831487,-0.5278684,-0.5731179,-0.5036097,-0.3731862,-0.1253126,-0.9065074,0.210735,56.58498
other,-0.04543738,0.01070483,0.004493987,-0.5238679,-0.5799666,-0.5091784,-0.36047,-0.1609364,-0.958724,0.2263522,56.68501
other,0.01124659,-0.0230479,-0.05614991,-0.5151867,-0.5892833,-0.5148298,-0.3496829,-0.1072557,-0.9914194,0.1694989,56.78504
other,-0.07328451,0.04417614,-0.02707544,-0.5094877,-0.5929749,-0.5171204,-0.3484099,-0.1870439,-0.92432,0.1953637,56.88508
other,-0.03551672,-0.0254579,-0.05785094,-0.5017284,-0.6006726,-0.5140578,-0.3510065,-0.1297036,-0.9955676,0.1673034,56.98512
other,-0.09907129,-0.06924212,-0.01274108,-0.4953444,-0.6035759,-0.5126004,-0.3571706,-0.1758208,-1.042903,0.2068311,57.08515
other,-0.04507788,-0.05438569,-0.02323547,-0.4921879,-0.6043294,-0.5144537,-0.3575951,-0.119456,-1.03046,0.192191,57.18518
other,-0.05341172,0.07166651,0.0005306565,-0.493677,-0.6005127,-0.5186376,-0.3559251,-0.1382442,-0.9052875,0.2097594,57.28521
other,-0.01920542,0.01402633,0.01283312,-0.4890778,-0.6026344,-0.5226083,-0.352867,-0.1053045,-0.9633592,0.2180558,57.38524
other,0.0466518,0.04092038,0.09847968,-0.4745453,-0.606015,-0.5322461,-0.3525147,-0.03137289,-0.9404227,0.283691,57.4846
other,0.08025401,-0.007569373,0.06651233,-0.4620008,-0.61398,-0.5357614,-0.3500622,0.01498704,-0.9901996,0.2475802,57.58535
other,0.07695847,-0.003936393,0.04544184,-0.4432872,-0.6271148,-0.539392,-0.3453692,0.03182412,-0.9887354,0.2253751,57.68467
other,0.01957905,0.02355242,-0.001763867,-0.4186282,-0.6464189,-0.5421728,-0.336068,0.0001042495,-0.9596996,0.1846275,57.78489
other,0.008542294,-0.009312635,-0.03052939,-0.4007228,-0.6608055,-0.5486567,-0.3189563,-0.009656309,-0.9909309,0.1641308,57.8853
other,0.01810366,0.0229065,-0.0882564,-0.3800955,-0.674022,-0.5588441,-0.2981862,-0.004776808,-0.9579911,0.109476,57.98559
other,0.02762125,-0.02332059,-0.04949241,-0.3619572,-0.6851344,-0.5700171,-0.2732368,-0.0106319,-1.002644,0.1514435,58.08482
other,0.05025521,-0.06191188,-0.08425508,-0.3400404,-0.6958508,-0.5821847,-0.247437,-0.001359912,-1.041195,0.1155754,58.1846
other,0.1178831,-0.1172136,-0.02338955,-0.3062226,-0.7107652,-0.5912403,-0.2268819,0.07818405,-1.099512,0.1751112,58.28549
other,0.005572118,0.1139243,0.001460746,-0.2809613,-0.719095,-0.5958949,-0.221071,-0.01136476,-0.8691752,0.1938995,58.38517
other,-0.008044867,0.06550888,0.06725172,-0.2698736,-0.7251691,-0.598572,-0.2073876,-0.03039575,-0.9169993,0.2651471,58.485
other,-0.04186446,0.0289098,0.09619267,-0.2697546,-0.7268756,-0.6011623,-0.1936186,-0.08480778,-0.9514031,0.2988197,58.58518
other,-0.08933722,-0.01594328,0.03410392,-0.2696791,-0.7273772,-0.6047314,-0.1802652,-0.1533729,-0.9945921,0.238064,58.68536
other,-0.03245486,-0.01618552,0.03505734,-0.2693015,-0.7284871,-0.6077101,-0.1657458,-0.1184804,-0.9931279,0.2419679,58.78555
other,-0.04685755,0.06933694,0.003447261,-0.26656,-0.7313594,-0.6098688,-0.1487257,-0.1545928,-0.9033348,0.2156161,58.88482
other,0.01047342,-0.008536696,-0.007967578,-0.2574721,-0.737832,-0.6095678,-0.1331891,-0.1070129,-0.977755,0.2136633,58.98493
other,-0.0233938,0.00895525,-0.06596699,-0.2470148,-0.7419541,-0.6111559,-0.1223777,-0.1438566,-0.9594553,0.1573001,59.08507
other,-0.04800331,0.008202067,-0.04140453,-0.2422705,-0.7433693,-0.6107247,-0.1253886,-0.1575195,-0.9606752,0.1812122,59.1852
other,-0.06040414,-0.05108432,-0.0524409,-0.235126,-0.7443187,-0.6110846,-0.131457,-0.1521514,-1.023384,0.1663278,59.28533
other,-0.0899974,-0.07965152,-0.01258653,-0.2342375,-0.7433769,-0.6124265,-0.1321266,-0.1807003,-1.054615,0.2029272,59.38546
other,0.00236391,-0.01476405,0.0008693216,-0.2365436,-0.7409734,-0.6154002,-0.1276253,-0.09993642,-0.9899552,0.2114679,59.4848
other,-0.02590902,0.01553065,0.03021604,-0.2350824,-0.7389538,-0.6189696,-0.1247405,-0.1328762,-0.9606752,0.2334272,59.58478
other,0.04355551,0.04579482,0.04638147,-0.2206054,-0.7382486,-0.6261646,-0.1193321,-0.05674754,-0.9335921,0.2341601,59.68476
other,0.09421242,0.05691568,0.07762179,-0.2083666,-0.7376506,-0.6311301,-0.1188684,0.006447912,-0.9250514,0.2529483,59.78476
other,0.07806111,-0.05539852,0.03132312,-0.1980015,-0.7394823,-0.6325366,-0.1177236,0.001568411,-1.038999,0.2036601,59.88475
other,0.07404396,0.03817984,0.02977092,-0.1791725,-0.7438587,-0.6324795,-0.1205864,0.02670033,-0.9479879,0.200976,59.98475
other,0.01980353,0.02391039,-0.0114214,-0.1624081,-0.7507491,-0.6292267,-0.1186302,-0.0064837,-0.9604309,0.1687676,60.08474
other,-0.009859342,-0.009933951,-0.04245827,-0.1484056,-0.7568941,-0.6271573,-0.1084476,-0.03185991,-0.992395,0.1475396,60.18474
other,0.06074097,-0.001844497,-0.07221237,-0.1278172,-0.7636992,-0.6269636,-0.08569086,0.03133555,-0.9819031,0.1270429,60.28473
other,0.03511773,-0.03515242,-0.06235863,-0.1115781,-0.7675581,-0.6280938,-0.06247327,-0.009167736,-1.013867,0.1409516,60.3846
other,0.06847222,-0.07167584,-0.0627659,-0.08931562,-0.768917,-0.6318887,-0.03880808,0.01523133,-1.0512,0.1358278,60.48458
other,0.08119993,-0.03963107,0.03935326,-0.05525655,-0.7706089,-0.6344008,-0.02538192,0.05012381,-1.022895,0.2336715,60.58432
other,0.02926417,-0.009328681,0.01594271,-0.03359213,-0.7744274,-0.6315795,-0.01552317,0.0108404,-0.9904438,0.2180558,60.68494
other,-0.01959342,0.08246441,0.122848,-0.02543136,-0.7727027,-0.6342459,-0.003984183,-0.04576866,-0.9006507,0.3188278,60.78511
other,-0.0421308,-0.04616417,0.0359845,-0.02040097,-0.7734725,-0.6332822,0.01666379,-0.09383549,-1.026799,0.2336715,60.88529
other,-0.08515202,-0.03233457,0.05015418,-0.02217478,-0.7713017,-0.6354788,0.02772439,-0.1562996,-1.014112,0.2414793,60.98546
other,-0.0235737,0.08617334,0.03654886,-0.02029097,-0.7708639,-0.635113,0.04459402,-0.1182361,-0.8926002,0.2261079,61.08466
other,-0.01484057,0.02103944,0.02023645,-0.008593649,-0.7719584,-0.6325155,0.06269354,-0.1226286,-0.9555514,0.2124435,61.18454
other,0.001195162,-0.02226185,-0.04685333,0.006031513,-0.7730755,-0.6295151,0.07764429,-0.1114039,-0.9977631,0.1487594,61.28494
other,-0.03871238,0.03284473,-0.01836589,0.01207373,-0.7739286,-0.62769,0.08303002,-0.1521514,-0.9413999,0.1799923,61.38488
other,-0.01427425,-0.01422647,-0.0529457,0.0163292,-0.775641,-0.6259716,0.07920921,-0.1167719,-0.9884911,0.1509549,61.48481
other,-0.0959046,-0.1403161,0.02930273,0.0140323,-0.777131,-0.625684,0.06625706,-0.1814316,-1.115859,0.2378197,61.58484
other,-0.07624611,-0.005224147,0.0229265,0.007947117,-0.7756648,-0.6282849,0.0594902,-0.1587409,-0.9831231,0.2268392,61.68497
other,-0.06846176,-0.006191956,0.02495352,0.004449934,-0.7748829,-0.6296799,0.0551351,-0.1484918,-0.9848315,0.2263522,61.78511
other,0.007702961,0.03408805,0.003728283,0.002534181,-0.7709368,-0.6347815,0.05198517,-0.06943642,-0.9474993,0.1929239,61.88523
other,-0.008690652,0.05322873,0.06036104,0.006324619,-0.765806,-0.6406103,0.05585265,-0.08627195,-0.9304194,0.2336715,61.98534
other,0.1071117,0.02525591,0.07123961,0.02037051,-0.7617179,-0.644769,0.06036305,0.04134039,-0.9606752,0.2326959,62.0846
other,0.06154664,-0.0383652,0.04934658,0.04007536,-0.760734,-0.6449012,0.06148359,0.01962381,-1.026068,0.210248,62.18472
other,0.03576522,0.04947866,0.03177233,0.06361091,-0.7610717,-0.6426431,0.06110185,0.02450331,-0.9377387,0.1985363,62.28471
other,0.003456493,-0.005384314,-0.01485905,0.08891976,-0.7648866,-0.6339869,0.07142946,0.006936485,-0.9887354,0.1712073,62.38472
other,0.003964599,0.01054661,-0.04314282,0.114381,-0.7659689,-0.6261441,0.0902895,0.008887663,-0.9699472,0.1565673,62.48477
other,0.06608023,-0.007733138,-0.03083222,0.1431598,-0.7640419,-0.6177844,0.1186912,0.06159126,-0.9862956,0.1777953,62.58479
other,0.02915127,-0.0151299,-0.118373,0.1741975,-0.7581658,-0.6103426,0.1494045,0.01523133,-0.9936149,0.09215193,62.68496
other,0.1438034,-0.0670982,0.03478067,0.2180044,-0.7449921,-0.5993719,0.1954843,0.1138078,-1.047296,0.2402594,62.78518
other,0.09867205,0.08195435,0.08089848,0.2478443,-0.733151,-0.5953694,0.2158659,0.07720846,-0.9006507,0.2793001,62.88538
other,-0.07200167,-0.07579564,0.03890086,0.2693234,-0.7289137,-0.5834108,0.2361814,-0.1021319,-1.055835,0.2470917,62.9856
other,-0.02917843,0.04736411,0.1136464,0.2864788,-0.7208302,-0.5754905,0.2591223,-0.07309605,-0.9326149,0.3173636,63.08448
other,-0.04352029,0.05649567,0.06952175,0.3055357,-0.711332,-0.5635756,0.2881616,-0.1092084,-0.9231002,0.268564,63.18459
other,-0.09636834,-0.04407052,0.03355069,0.3251815,-0.7014841,-0.5499457,0.3158114,-0.1819201,-1.022651,0.2295233,63.28482
other,-0.02909931,0.01590068,0.01339952,0.3447368,-0.696173,-0.5282837,0.3426603,-0.1421482,-0.9575041,0.2207399,63.38462
other,-0.06721485,0.05575562,0.03155173,0.3642229,-0.6880454,-0.5105642,0.3650469,-0.1977801,-0.9138282,0.243919,63.4849
other,0.02531058,-0.03546196,-0.01912999,0.387314,-0.6777039,-0.492989,0.3842748,-0.1138436,-1.002644,0.1997561,63.58484
other,-0.01765197,0.002521925,-0.02305836,0.3998008,-0.670076,-0.4850922,0.3947694,-0.1589837,-0.9643348,0.1948751,63.68473
other,-0.05883678,0.004532132,-0.02025925,0.4072328,-0.6650867,-0.4817451,0.3996783,-0.1982686,-0.9628721,0.1963392,63.78495
other,-0.0516091,-0.006972855,-0.05429111,0.4148274,-0.6596914,-0.4824221,0.3999929,-0.1792361,-0.9762908,0.1604712,63.88507
other,-0.07625272,-0.1050621,0.007670997,0.4207559,-0.6533724,-0.4910594,0.3936109,-0.1775277,-1.079504,0.2158588,63.9852
other,-0.06369629,0.05056472,0.01889951,0.4198268,-0.648367,-0.4976597,0.394589,-0.1577638,-0.928711,0.2126877,64.08533
other,-0.05171953,0.00401633,0.01381745,0.4232523,-0.6427291,-0.5013941,0.3954247,-0.1358045,-0.977755,0.198779,64.18547
other,0.002641637,0.07859103,0.04411573,0.4288357,-0.6345777,-0.5015284,0.4023436,-0.07797555,-0.9045562,0.2175673,64.28461
other,0.06655735,0.01047338,0.07019959,0.4422488,-0.623903,-0.4952984,0.412117,-0.009656309,-0.9728755,0.2400151,64.38495
other,0.13298,-0.07105637,0.04048361,0.4607255,-0.6095085,-0.4890727,0.4207605,0.07062051,-1.056568,0.2082953,64.48509
other,0.05402388,0.07597643,0.01922114,0.4875771,-0.589943,-0.4857078,0.4222839,0.02938437,-0.910167,0.1909712,64.58524
other,-0.01236964,-0.02575285,-0.02402215,0.5095383,-0.578874,-0.4754632,0.4233324,-0.01795271,-1.008499,0.165595,64.68537
other,0.01543764,-0.01046006,-0.04355742,0.5320637,-0.5644352,-0.4605574,0.431518,0.01840394,-0.9904438,0.1599842,64.78484
other,0.02399167,0.03335305,-0.08031569,0.548956,-0.5508057,-0.4445561,0.4445561,0.02255213,-0.9448152,0.1292399,64.88522
other,0.04895275,-0.03386681,-0.08464395,-0.5665224,0.5326356,0.4207534,-0.4672454,0.02792021,-1.012403,0.1248474,64.98562
other,0.1039375,-0.0822883,-0.008186969,-0.5771861,0.5124234,0.407238,-0.4882986,0.07354728,-1.065351,0.1836519,65.08477
other,0.1216025,0.08048532,0.0924909,-0.5957451,0.483377,0.3983434,-0.5027494,0.1101482,-0.9072403,0.2702709,65.18477
other,-0.06739511,-0.06851228,0.06131837,-0.6055474,0.478027,0.3800343,-0.5102709,-0.09505691,-1.052419,0.2522154,65.28487
other,-0.03013799,0.07552218,0.1450024,-0.6121005,0.4679071,0.3635027,-0.5236999,-0.07529151,-0.9072403,0.3324923,65.38505
other,-0.04668548,-0.01064289,0.03070406,-0.6220641,0.4584741,0.3399621,-0.5359697,-0.1153078,-0.9909309,0.2253751,65.48523
other,-0.0620934,-0.01805199,0.05023361,-0.6288068,0.4514186,0.3205123,-0.5459809,-0.1521514,-0.9962989,0.2490428,65.58541
other,-0.004904604,0.02200793,0.002164126,-0.6359634,0.4438429,0.3015619,-0.5546299,-0.1138436,-0.9526231,0.2053669,65.68484
other,-0.006321418,0.01424086,-0.01951763,-0.6398581,0.4370984,0.2918574,-0.5606655,-0.1231156,-0.9596996,0.1816992,65.785
other,0.1028057,-0.04674289,-0.01108572,-0.6424386,0.4279397,0.2903869,-0.5655224,-0.008436434,-1.024848,0.1812122,65.88515
other,-0.02389504,0.004867734,0.02754007,-0.6418295,0.4253657,0.2893736,-0.5686666,-0.1362915,-0.9718999,0.213419,65.9853
other,0.02863715,0.02004489,0.03025354,-0.6425707,0.4267333,0.2927789,-0.5650504,-0.07748853,-0.9572598,0.2204956,66.08545
other,0.05999713,0.04660373,0.0378901,-0.6410818,0.4310828,0.2939599,-0.5628225,-0.0484527,-0.9294438,0.2317203,66.18559
other,0.01511446,0.02739245,-0.001367607,-0.6377285,0.4358134,0.294344,-0.5627884,-0.1001807,-0.9484748,0.192191,66.2849
other,-0.01922857,-0.009623634,0.002590375,-0.6251037,0.4293674,0.3044243,-0.5763808,-0.1338518,-0.9938592,0.1531519,66.3848
other,0.008980973,-0.03986689,-0.02499783,-0.6084929,0.4359264,0.3091219,-0.5866414,-0.1265325,-1.025092,0.09581156,66.48481
other,-0.0075883,0.06287356,0.07293297,-0.5835538,0.435172,0.3219997,-0.6053152,-0.1589837,-0.9262713,0.1328995,66.58479
other,0.02953099,0.01184331,-0.002329682,-0.5767097,0.4311917,0.3231238,-0.6140607,-0.1277524,-0.977755,0.03481157,66.68478
other,0.01108597,0.134356,0.002705237,-0.5685759,0.4127218,0.3281424,-0.6314306,-0.1372686,-0.8564879,-0.0100842,66.78458
other,-0.0105876,0.0469263,-0.0002324615,-0.5612246,0.4131828,0.3291706,-0.6371449,-0.1677686,-0.9411556,-0.02887246,66.88499
other,-0.03830597,-0.02563372,0.009906203,-0.58143,0.4028812,0.3303676,-0.6248865,-0.1577638,-1.01948,0.01065524,66.98474
other,0.01960284,0.006807534,0.02430364,-0.6249173,0.3640344,0.3609484,-0.5887899,0.0420717,-0.9928836,0.07043535,67.08472
other,0.07553342,0.008315652,-0.01200167,-0.6791177,0.294562,0.4155518,-0.5285348,0.3290162,-0.95604,0.08409982,67.18472
other,0.3137941,-0.07997837,-0.07180964,-0.7030017,0.2419205,0.4552558,-0.4899032,0.7184396,-0.9926393,0.03408027,67.2847
other,0.02296213,-0.2376845,-0.01817003,0.7276162,-0.1630239,-0.5029678,0.4370598,0.6176677,-1.044856,0.09483597,67.38468
other,-0.3111153,-0.301795,0.1343963,0.7211859,-0.1228153,-0.5208994,0.4398535,0.3397524,-1.073159,0.2056112,67.48491
other,-0.1959226,0.1509311,-0.3376189,0.6714838,-0.132997,-0.5268195,0.5038676,0.3822084,-0.6725107,-0.4009718,67.58458
other,-0.08953485,0.1751451,0.1920463,0.5501572,-0.1545976,-0.5922719,0.5680146,0.3878192,-0.6351801,-0.1557519,67.68483
other,0.001836353,-0.09776225,0.4096841,0.4275864,-0.1527337,-0.6589733,0.5996637,0.3807442,-0.8091508,-0.1757601,67.78449
other,0.1385105,-0.04906823,0.04256916,0.3161251,-0.14198,-0.7038941,0.620032,0.4080716,-0.642255,-0.7189049,67.88469
other,0.1220316,-0.08067933,-0.08729694,0.2450512,-0.1337864,-0.7162389,0.6395725,0.3026645,-0.587843,-0.9348446,67.9848
other,0.02744914,-0.002522533,-0.07990009,0.1805639,-0.1148925,-0.7161496,0.6643238,0.133816,-0.4085042,-0.9916964,68.0848
other,-0.05588295,0.08057906,0.06265242,0.141573,-0.08848284,-0.7254252,0.667747,0.03157983,-0.237703,-0.8840922,68.18481
other,0.06163378,-0.002510353,0.122106,0.1131199,-0.1084962,-0.7137619,0.6826246,0.09062709,-0.3043153,-0.8306558,68.28483
other,-0.035617,-0.03093457,-0.07735316,0.1049211,-0.1381982,-0.7124328,0.6799502,-0.07407164,-0.3706834,-1.017561,68.38483
other,-0.04095432,-0.007959531,-0.06277914,0.09733431,-0.1446782,-0.7095883,0.6826996,-0.1004234,-0.3465271,-1.002921,68.48484
