other,0.007583356,-0.008040879,0.07889727,0.2084083,0.1067427,0.3447976,0.9090031,0.05836263,-0.4644722,-0.8191883,5.493366
other,-0.03738281,-0.03822511,-0.03463789,0.1961291,0.09968471,0.3482127,0.9112323,0.008098789,-0.4688647,-0.945825,5.593706
other,-0.01614952,0.03382995,-0.03430899,0.1931233,0.09357323,0.3496971,0.9119536,0.01981208,-0.3881008,-0.9514359,5.692813
other,-0.02349179,0.005786628,0.05039522,0.198056,0.08978384,0.3468197,0.9123754,0.003219288,-0.4220162,-0.8638397,5.792958
other,-0.01733289,0.01325875,0.03500966,0.2019093,0.08800586,0.3433351,0.9130217,0.004927736,-0.4198207,-0.8762844,5.893543
other,0.01018818,0.001489835,0.01026129,0.2024725,0.0871371,0.3374608,0.9151679,0.03323071,-0.4317767,-0.900685,6.009074
other,0.0120688,-0.005825332,0.0109429,0.2050411,0.08587058,0.3326779,0.9164659,0.03323071,-0.4427556,-0.898488,6.109006
other,-0.01330533,-0.006138519,0.007277046,0.2054587,0.08427739,0.3294878,0.917672,0.006147611,-0.4425129,-0.9019049,6.192819
other,-0.004473971,0.005228718,-0.03335781,0.2032735,0.08400041,0.326595,0.9192168,0.01737078,-0.42714,-0.9446052,6.292619
other,0.02063652,-0.02586595,-0.001450839,0.2037166,0.08498491,0.322497,0.9204742,0.04591959,-0.4595927,-0.9121524,6.392942
other,0.02289653,-0.00153136,0.004472909,0.2056267,0.08537713,0.3209018,0.9205707,0.04835934,-0.439096,-0.9050759,6.493052
other,0.005817489,-0.0008433808,0.01009305,0.209743,0.08645166,0.3211457,0.919456,0.03030394,-0.4461725,-0.8953169,6.593178
other,-0.01676712,0.01053591,0.00129427,0.2109099,0.08584174,0.3229171,0.9186255,0.004927736,-0.4364119,-0.9031247,6.693294
other,-0.01658623,0.002685107,0.0174407,0.2119132,0.0859167,0.3231349,0.9183109,0.004439163,-0.4459282,-0.8858007,6.793419
other,-0.003517261,-0.01020848,0.009648334,0.2152128,0.08768726,0.3219638,0.9177874,0.01907922,-0.4661807,-0.8911687,6.892586
other,0.009618062,-0.007792459,-0.00594203,0.2156116,0.08766923,0.3202852,0.9182827,0.03274369,-0.4644722,-0.9065401,6.992633
other,-0.01025132,0.002709467,0.01670045,0.2172658,0.08764678,0.3196038,0.9181324,0.0120027,-0.4561758,-0.8811639,7.092599
other,-0.009858406,0.003691523,-0.01683377,0.2167223,0.08767567,0.3202135,0.9180456,0.01249127,-0.453736,-0.9141052,7.192822
other,0.01240045,-0.007477766,0.01006718,0.2171892,0.08783329,0.3192959,0.9182398,0.03518344,-0.4659364,-0.8870205,7.292752
other,-0.0104562,0.007785652,-0.003148298,0.2173256,0.08732043,0.3198233,0.9180729,0.01785935,-0.4530047,-0.9136166,7.392684
other,0.009772764,-0.008188015,0.01078176,0.2186698,0.08715378,0.3193036,0.9179504,0.03030394,-0.469109,-0.8858007,7.492851
other,-0.007186091,0.003664245,0.02275528,0.2210108,0.08702325,0.3192561,0.9174185,0.01151569,-0.4610569,-0.8714049,7.592596
other,-0.01138857,0.01252482,-0.006668665,0.2199291,0.08742024,0.3196435,0.9175059,0.008587362,-0.4505634,-0.9016606,7.692749
other,-0.005053712,-0.002527906,-0.02429744,0.2203145,0.0890471,0.3172995,0.9180703,0.01883494,-0.4674005,-0.9187404,7.793077
other,0.01804886,-0.005334232,-0.001128754,0.2251816,0.09287338,0.3139136,0.9176742,0.04738376,-0.481065,-0.8901931,7.892641
other,0.0004502691,-0.008495511,0.0104162,0.2328953,0.09610142,0.3118816,0.9161081,0.03152382,-0.4993647,-0.870185,8.009245
other,-0.001826136,0.006880665,0.001831466,0.2378578,0.09688486,0.3108713,0.9150934,0.02786264,-0.493021,-0.8738446,8.092656
other,-0.01185342,-0.005828153,0.004470672,0.2421018,0.0964621,0.3090439,0.914644,0.01517531,-0.5122963,-0.8665238,8.19263
other,0.008860914,0.007315216,0.008471637,0.2435089,0.0955595,0.3082636,0.9146285,0.03371928,-0.5008289,-0.8611557,8.292523
other,-0.001252911,-0.00126529,0.005300195,0.2440639,0.09515116,0.3078319,0.9146686,0.02273885,-0.5103436,-0.8643283,8.393009
other,0.006716599,0.01416418,0.03295832,0.2457454,0.09504663,0.3078386,0.9142268,0.0293268,-0.4964364,-0.8328528,8.493741
other,-0.01729776,0.006113478,-0.03067028,0.243543,0.09505103,0.3089539,0.9144394,0.006147611,-0.500096,-0.8975124,8.593079
other,-0.004595345,0.005928901,3.81211E-05,0.2426529,0.09512713,0.3094342,0.9145058,0.01932351,-0.4988761,-0.8677452,8.69276
other,0.000130941,-0.0001702807,-0.006170173,0.2413565,0.09539159,0.3094059,0.9148309,0.02542289,-0.5030243,-0.8753088,8.792653
other,0.006840021,-0.009746361,-0.003940283,0.2400628,0.09580511,0.3085983,0.9154006,0.03420785,-0.5108321,-0.8745759,8.892705
other,-0.003332509,-0.0006329367,-0.002751138,0.2394733,0.09579739,0.3090252,0.9154118,0.02420301,-0.5010716,-0.8745759,8.993086
other,-0.004742255,0.00253943,0.008817061,0.2384519,0.09518973,0.3096604,0.9155272,0.02200755,-0.4954608,-0.863597,9.092845
other,0.005839783,0.000379412,-0.006352318,0.236217,0.09528712,0.3102148,0.9159086,0.03396357,-0.4937523,-0.8806769,9.192969
other,-0.002759872,0.004798688,-0.01570969,0.2335208,0.0957088,0.3105423,0.916445,0.02786264,-0.4864315,-0.8950726,9.292892
other,0.0004215962,0.003252401,-0.01157705,0.2334019,0.09328362,0.3102821,0.9168134,0.02688705,-0.4874087,-0.8938528,9.392787
other,-0.02937049,0.004084064,0.03607258,0.2356511,0.0928458,0.3131743,0.9152978,-0.006784,-0.4903354,-0.8443202,9.492933
other,-0.01159576,0.0004530285,-0.009597377,0.2344743,0.09421833,0.3178834,0.9138352,0.01175997,-0.4927767,-0.8904359,9.592854
other,-0.01218599,0.00607701,0.01939742,0.2346905,0.09371976,0.32026,0.9130008,0.008831648,-0.4874087,-0.8616443,9.692531
other,-0.006275029,-0.005249821,0.001081589,0.2347412,0.092921,0.3230156,0.9120982,0.01175997,-0.4983875,-0.8801883,9.793009
other,-0.004761982,0.01260107,0.003785756,0.2347149,0.09363618,0.3255213,0.9111406,0.01322413,-0.4805764,-0.8765287,9.892623
other,0.001257884,-0.004346681,-0.001517745,0.2352615,0.09645158,0.3264828,0.9103615,0.02347171,-0.5005845,-0.8809211,9.992673
other,-0.005972552,-0.009353577,0.02462915,0.2359929,0.09529689,0.3263422,0.9103442,0.01371115,-0.5064396,-0.8550563,10.09262
other,-0.002718801,-0.004345368,0.0155822,0.2349967,0.09519842,0.3260946,0.9107009,0.01761506,-0.4993647,-0.8645726,10.19274
other,-0.004480477,0.009628496,-0.003236112,0.2313944,0.09584612,0.3265783,0.9113818,0.01932351,-0.4796008,-0.8865319,10.30912
other,-0.013966,0.005755655,-0.007478544,0.2288501,0.09545301,0.3259292,0.9122974,0.0112714,-0.478868,-0.8933642,10.39278
other,-0.006382462,0.005011952,-0.002407075,0.2255121,0.09456743,0.324614,0.9136887,0.0202991,-0.4734999,-0.8921443,10.49272
other,0.00580178,-0.007609731,9.257982E-05,0.2256629,0.09559871,0.3200683,0.9151466,0.03664761,-0.4869201,-0.889216,10.59268
other,0.002725823,-0.002273846,-0.00317436,0.2253589,0.09637512,0.3178236,0.9159222,0.03640332,-0.4817963,-0.8931199,10.6927
other,-0.002000984,0.003038262,0.00743381,0.2259245,0.09592819,0.3176353,0.915895,0.03054667,-0.4769168,-0.8816524,10.79259
other,-0.01389796,0.005715248,0.003390055,0.2260679,0.09484044,0.3188024,0.9155674,0.01590817,-0.4732556,-0.8848251,10.9093
other,0.002600273,-0.0001064376,0.01173167,0.2256521,0.09509552,0.3182167,0.9158472,0.033475,-0.4786237,-0.8770172,10.99292
other,0.0007738669,-0.001223814,0.01290662,0.2249093,0.09412014,0.3173948,0.9164157,0.03079096,-0.4776481,-0.8765287,11.10901
other,0.001397991,-0.003979425,-0.002964791,0.2249325,0.09371227,0.3157396,0.9170234,0.03152382,-0.4803321,-0.8928772,11.1926
other,0.008107973,-0.005304279,0.007171338,0.2252054,0.09403499,0.3144078,0.9173809,0.03933164,-0.4822849,-0.8823838,11.29266
other,0.0008117449,0.002072592,0.01192607,0.2251555,0.09355561,0.3142291,0.9175034,0.03127953,-0.4744755,-0.8777485,11.39251
other,-0.009636384,0.002307153,0.06863306,0.221534,0.08776025,0.3134601,0.919219,0.01297985,-0.4632523,-0.8240678,11.49278
other,0.03821202,-0.01204462,-0.04722787,0.1964323,0.06576196,0.3041404,0.9298324,0.04104009,-0.4200634,-0.9675401,11.59296
other,0.03246957,-0.02170272,0.0136068,0.1714127,0.04325168,0.2935197,0.9394643,0.01297985,-0.3715081,-0.9302078,11.69307
other,0.02758035,-0.01621732,-0.03096445,0.1433447,0.02761983,0.2934313,0.9447685,-0.004588536,-0.3053843,-0.995356,11.79321
other,0.005498228,0.001514779,0.003874349,0.1376743,0.0240677,0.298069,0.9442571,-0.0314289,-0.2751286,-0.9651003,11.89329
other,-0.02788838,0.008309112,0.008659617,0.1402248,0.02371196,0.3030005,0.9423192,-0.06851685,-0.2726888,-0.9590009,11.99284
other,-7.752162E-05,-0.008590766,0.03759606,0.1516862,0.0305835,0.3054608,0.9395475,-0.0355771,-0.3149005,-0.9226443,12.10928
other,0.01263746,-0.0003762271,0.009257496,0.1569275,0.03614658,0.3066967,0.9380855,-0.01605599,-0.3197801,-0.9472892,12.19287
other,-0.00558228,-0.002377925,-0.03676178,0.1599955,0.03809799,0.3070554,0.9373724,-0.02142406,-0.3346644,-0.9558283,12.29308
other,0.01507943,0.001135732,-0.06398617,0.1691924,0.04741998,0.3082092,0.9349505,-0.0006846239,-0.347596,-1.010729,12.39331
other,0.01797849,0.0009137882,-0.007673039,0.1898008,0.06320806,0.3087078,0.9298817,0.01834792,-0.3946888,-0.9360645,12.49284
other,-0.003248829,-0.009181643,0.04771615,0.2178861,0.07355113,0.3075188,0.9233353,-0.001415927,-0.4608126,-0.8545678,12.60912
other,0.006195189,-0.006859659,0.02770889,0.2225613,0.07551302,0.3065374,0.9223877,0.009075935,-0.4674005,-0.8689651,12.69259
other,0.002969639,-0.003087469,-0.009927338,0.2175406,0.07478766,0.3069113,0.9235196,0.006391898,-0.4495879,-0.9087371,12.79268
other,0.004309506,-0.003932746,-0.01044781,0.2166583,0.07497311,0.3065458,0.9238333,0.01005152,-0.4539803,-0.9128838,12.89262
other,-0.01176523,0.008695599,-0.02523335,0.2184099,0.07589089,0.3067422,0.9232805,-0.005564125,-0.4451969,-0.9263039,13.00939
other,-0.01398744,0.006774713,0.009749375,0.2238049,0.07997223,0.3054285,0.9220787,-0.003124375,-0.4588598,-0.8850678,13.09268
other,0.0013033,-0.00756699,0.004594857,0.2238726,0.08088382,0.3041598,0.9224021,0.01444401,-0.4737442,-0.8897045,13.19277
other,-0.0002595754,-0.005243646,0.0125008,0.2236736,0.0815718,0.3038584,0.9224892,0.01444401,-0.4717914,-0.8823838,13.29273
other,0.00111854,0.001243361,0.003025474,0.2240293,0.08248939,0.304165,0.9222202,0.01712804,-0.4664249,-0.8911687,13.39293
other,0.001772385,-0.001904499,-0.003165316,0.2237249,0.08200126,0.3040762,0.9223669,0.01712804,-0.4688647,-0.898001,13.49304
other,-0.001702993,0.00185218,-0.0006680918,0.2238142,0.08117235,0.304656,0.9222272,0.01175997,-0.4644722,-0.8950726,13.59281
other,0.0003640567,-0.002303361,-0.004069331,0.2232894,0.08055676,0.3052491,0.9222122,0.01273556,-0.4674005,-0.8992208,13.69283
other,0.005734514,-0.003568505,-0.01119876,0.2223985,0.08054795,0.3049312,0.9225334,0.01883494,-0.4671562,-0.9072729,13.79286
other,0.004485175,-0.008343708,0.004893019,0.2226669,0.08089278,0.3043435,0.9226326,0.01834792,-0.4727686,-0.8911687,13.89346
other,0.004760449,-0.00582047,0.005664679,0.2221224,0.08093926,0.3048033,0.922608,0.01883494,-0.4693517,-0.8909245,14.00914
other,0.005455781,-0.003710292,-0.004521532,0.2217883,0.08078635,0.3046073,0.9227664,0.0195678,-0.4666677,-0.9016606,14.09277
other,-0.002187852,0.00152533,-0.003999604,0.2218537,0.08087533,0.3047049,0.9227107,0.0120027,-0.4617881,-0.9014163,14.20903
other,0.01188363,-0.00566993,0.006583573,0.222195,0.08064111,0.3046744,0.9226592,0.02542289,-0.469109,-0.8899488,14.3091
other,0.002081451,-0.003131085,-0.006088582,0.2216574,0.08019816,0.3051361,0.9226745,0.01493102,-0.4656921,-0.903856,14.39281
other,-0.0005842491,-0.001377806,0.005629184,0.2211232,0.07953554,0.3053669,0.9227837,0.0112714,-0.4625195,-0.8926329,14.49325
other,-0.001325685,0.00117485,0.004011857,0.220774,0.07950797,0.3057033,0.9227583,0.0105401,-0.4593484,-0.8945841,14.59276
other,0.004537352,-0.0008480001,-0.006250986,0.2204097,0.07983756,0.3054857,0.9228889,0.01737078,-0.4612996,-0.9058087,14.69316
other,0.004203678,0.002649222,-0.001601864,0.2209211,0.07974106,0.3057267,0.9226952,0.01639519,-0.4583728,-0.9001964,14.8092
other,0.00591829,-0.00358951,-0.007925591,0.2208419,0.07961348,0.3053745,0.9228418,0.01810363,-0.4644722,-0.9067844,14.89271
other,0.006034097,-0.005517884,-7.799266E-05,0.2211633,0.0796705,0.3044178,0.923076,0.01859065,-0.4669119,-0.898488,14.99287
other,-0.005743274,0.002093257,0.003692301,0.2210481,0.07948963,0.3052361,0.9228489,0.006147611,-0.4591041,-0.8950726,15.09307
other,0.006402801,-0.002325874,0.002893897,0.2210326,0.07955962,0.3049065,0.9229555,0.01859065,-0.4632523,-0.8953169,15.19328
other,0.002595204,-0.002730667,-0.001620828,0.2203633,0.07943448,0.3045527,0.9232431,0.01517531,-0.4627638,-0.901172,15.29343
other,0.0009980624,-8.07156E-06,0.0008436239,0.2205379,0.07912791,0.3038904,0.9234459,0.01322413,-0.4600797,-0.898488,15.39275
other,0.0007642516,-0.003467659,-0.002833993,0.2204351,0.0792274,0.3039166,0.9234533,0.01322413,-0.4632523,-0.9019049,15.49256
other,-0.003742554,-0.001836134,0.02739351,0.2209925,0.07947993,0.302922,0.9236252,0.009318665,-0.4627638,-0.8711606,15.59273
other,0.00401633,-0.005429632,-0.008047638,0.2196862,0.07955151,0.302826,0.9239621,0.01810363,-0.4639836,-0.9075172,15.69275
other,0.007566852,-0.002965666,0.008421944,0.2198805,0.07942658,0.3023782,0.9240733,0.02151897,-0.4617881,-0.8909245,15.79258
other,-0.01102143,0.004355093,-0.005162395,0.2195786,0.07925699,0.3035323,0.9237812,0.002243699,-0.4539803,-0.9050759,15.89263
other,-0.006250179,0.001503693,0.003714279,0.2196027,0.07921374,0.3041086,0.9235896,0.006634628,-0.4569087,-0.8962925,15.99257
other,-0.005293072,0.0007163266,0.002699888,0.2192315,0.07895031,0.3040661,0.9237144,0.007367487,-0.4569087,-0.8977566,16.09305
other,0.007594069,-0.004134924,0.01089884,0.2197208,0.07943292,0.3031621,0.9238538,0.02127469,-0.4627638,-0.888729,16.19299
other,-0.00585613,0.00207478,0.004564808,0.2193955,0.07953641,0.3039191,0.9236735,0.007856059,-0.4561758,-0.8955612,16.29316
other,-0.004537566,0.004306323,0.006071078,0.2189859,0.07929306,0.3042216,0.923692,0.008831648,-0.4527605,-0.8938528,16.39335
other,-0.001645598,-0.005728377,0.005495371,0.2173921,0.07845398,0.303602,0.9243438,0.01151569,-0.4595927,-0.8962925,16.49319
other,0.01826697,-0.01279731,0.007612454,0.2169845,0.07929277,0.301167,0.9251642,0.03445214,-0.4666677,-0.8948283,16.5927
other,0.002211433,0.00163488,0.007582404,0.2168248,0.07934704,0.3011723,0.9251952,0.01859065,-0.4517849,-0.8945841,16.69265
other,-0.006074544,0.003686612,-0.001341143,0.2154103,0.07864857,0.3018963,0.9253494,0.009562952,-0.4466595,-0.9045889,16.79276
other,0.002755022,0.002599577,-0.008575207,0.2131657,0.07935814,0.3016405,0.9258919,0.02127469,-0.4439755,-0.913128,16.89268
other,0.0049788,-0.004787894,-0.00451492,0.2124389,0.08040179,0.3001705,0.9264464,0.02664276,-0.4512963,-0.9106883,16.99253
other,0.00820429,-0.001844206,-0.005382855,0.2124867,0.08089046,0.2995602,0.9265904,0.03103525,-0.4486123,-0.9111769,17.09265
other,-0.0009926454,0.0006918202,-0.002830784,0.2119054,0.08085139,0.299826,0.926641,0.02200755,-0.4449526,-0.9089798,17.19297
other,-0.004309753,-0.0007278019,0.002010499,0.2116506,0.08120479,0.2996863,0.9267135,0.0195678,-0.4459282,-0.903856,17.29317
other,0.00678487,-0.006480782,0.01211755,0.2110365,0.08147226,0.2992478,0.9269718,0.03176811,-0.4508077,-0.8943397,17.39256
other,0.003093286,0.0003805303,-0.001759114,0.2092192,0.08510764,0.2987903,0.9272046,0.03615903,-0.4420243,-0.9070287,17.49271
other,0.01270175,-0.003899925,-0.0248678,0.2042516,0.09031592,0.2972329,0.9283194,0.05933978,-0.4403159,-0.9324049,17.60915
other,-0.03788839,0.0265602,0.02174002,0.2003336,0.09452347,0.2918703,0.9304534,0.02151897,-0.4046921,-0.8870205,17.69253
other,-0.2724327,0.1768684,-0.102427,0.1866842,0.09468129,0.2637577,0.9416031,-0.191981,-0.2277915,-1.021952,17.79259
other,0.008885985,0.06213526,0.03077268,0.1981778,0.118844,0.1455349,0.9619882,0.1813398,-0.3573565,-0.870185,17.89286
other,0.1598686,-0.07640605,0.08700316,0.2017076,0.1333728,0.04775502,0.9691467,0.4006948,-0.4827719,-0.8018642,17.99293
other,0.2021008,-0.08819395,-0.004491483,0.1694476,0.1369253,-0.02149665,0.9757442,0.4780433,-0.4146969,-0.9143479,18.09278
other,0.1166681,0.1264889,-0.329069,0.1120127,0.1188707,-0.05530869,0.9850197,0.3648267,-0.08236804,-1.281812,18.1928
other,-0.0143493,-0.05564125,-0.4874263,0.01684058,0.009373059,-0.1058397,0.9941964,0.008098789,-0.08749183,-1.497753,18.29282
other,0.01800625,-0.04215025,0.0415274,0.008308831,-0.07905335,-0.1504472,0.9854172,-0.04192077,-0.02332078,-0.583729,18.39282
other,0.0100081,0.009127311,0.04305642,-0.01301488,-0.1565431,-0.1741561,0.9721083,-0.302025,-0.02039246,-0.9172762,18.49284
other,-0.006902302,0.0268276,0.002827574,-0.02866482,-0.2065954,-0.2100604,0.9551813,-0.417437,-0.00550811,-0.9187404,18.59266
other,-0.00813448,-0.07438828,-0.04901052,-0.05190553,-0.2611071,-0.2289948,0.9363174,-0.526261,-0.09700809,-0.9163007,18.69283
other,0.01078463,0.007110513,0.01806897,-0.06295477,-0.3460324,-0.2181457,0.9103355,-0.6543604,-0.02966444,-0.743304,18.79266
other,0.07644895,0.03757486,0.0125841,-0.08611093,-0.4624188,-0.1657371,0.8667669,-0.7617204,0.03353257,-0.5503007,18.89254
other,-0.04026872,0.09319869,0.03837891,-0.02055502,-0.5898932,-0.09594963,0.8014969,-0.9974239,0.01230456,-0.26726,18.99268
other,0.3413864,0.09659944,-0.2327235,-0.06817213,-0.8041759,-0.1707043,0.5652555,-0.5992171,-0.1026205,0.07263082,19.10935
other,0.04671233,0.01687034,-0.1063124,-0.01538954,-0.9607542,-0.2411503,0.1362394,-0.2241879,-0.4451969,0.7455834,19.25916
other,-0.04981514,0.01312482,0.177571,-0.6689067,0.6991517,0.239369,0.08033131,0.3856595,-0.2156488,1.055951,19.29254
other,-0.1144034,-0.02795179,0.1640722,-0.6624281,0.7091941,0.2310682,0.06957147,0.2936725,-0.265424,1.054732,19.39258
other,0.03134965,-0.01489405,-0.03351613,-0.5904595,0.7653565,0.2504365,0.05355828,0.4124999,-0.337893,0.8431828,19.4926
other,0.1542851,-0.01057897,-0.08301464,-0.5601546,0.7892359,0.2438145,0.06235345,0.530596,-0.3295966,0.8014597,19.59263
other,0.03069459,0.07609694,-0.1645811,-0.502019,0.8297933,0.2273736,0.0878695,0.4088403,-0.2161373,0.7260639,19.69265
other,-0.2515301,0.1599323,0.05130352,-0.4564717,0.8692951,0.1755341,0.0717442,0.03576382,-0.08169275,0.9868994,19.79268
other,-0.1006874,0.102537,-0.08535296,-0.4227687,0.8953978,0.1344767,0.03801735,0.08212375,-0.1073132,0.8810036,19.89268
other,0.04482284,-0.1164314,0.1303462,-0.4075506,0.9080812,0.09610967,0.00735322,0.1370244,-0.2859207,1.117196,19.9927
other,-0.06946778,0.1135532,-0.06367362,-0.4167457,0.903034,0.102644,0.01779752,0.04893972,-0.05802499,0.9205313,20.09271
other,-0.01849397,-0.01527252,-0.07143457,-0.3886093,0.9154091,0.104261,0.01177387,0.0845635,-0.1978361,0.911015,20.19271
other,-0.02935249,0.07318477,-0.008998623,-0.3685844,0.9253386,0.08884439,-0.0007355995,0.03503252,-0.09242889,0.9790915,20.29272
other,-0.01363026,-0.03384409,-0.01462946,-0.3517635,0.9318291,0.08851586,-0.01103844,0.02820028,-0.2071081,0.9725036,20.39272
other,0.0211635,-0.007074297,0.06970444,-0.3279043,0.9425261,0.05910441,-0.02509827,0.01258463,-0.1353719,1.064735,20.49273
other,0.01406989,0.058605,0.0728471,-0.3107314,0.9485433,0.05944409,-0.01334585,0.02576053,-0.06314877,1.07108,20.59272
other,-0.01079843,0.04099307,0.01091012,-0.3197317,0.9455766,0.06041776,-0.00250046,0.02332078,-0.07559337,1.009836,20.69273
other,-0.01847456,0.04046611,-0.02204217,-0.3260303,0.9434776,0.05958977,0.001814518,0.02405208,-0.07144517,0.9766518,20.7932
other,0.0009870476,0.01798278,0.0150591,-0.325109,0.9440672,0.0546084,-0.007684309,0.0221009,-0.09072044,1.014471,20.90913
other,0.0001182874,0.02585893,0.01724678,-0.3232265,0.9446889,0.05394781,-0.01331193,0.009900595,-0.08535238,1.017155,21.00912
other,-0.01129858,0.02227506,0.01568003,-0.3248108,0.9441203,0.05293768,-0.01822753,-0.01132741,-0.09023187,1.015691,21.09328
other,-0.00430569,0.02196495,-0.001448796,-0.3263765,0.943674,0.05171559,-0.01683012,0.002092771,-0.08559666,1.001295,21.193
other,-0.00177504,0.02108411,-0.00876377,-0.3281873,0.9431366,0.05203743,-0.008858899,0.01575569,-0.0834012,0.990559,21.2927
other,-0.01148225,0.03362616,-0.002134879,-0.3257408,0.9438832,0.05292317,-0.01328982,-0.002055428,-0.07534909,0.9956843,21.39292
other,0.007306473,0.01359721,-0.001712143,-0.3265831,0.9438034,0.04839443,-0.01537817,0.009900595,-0.0882807,0.9978798,21.50876
other,0.001194522,0.00310326,0.007554008,-0.328772,0.9432119,0.04622014,-0.01113577,0.0106319,-0.09194032,1.008616,21.60948
other,-0.003258581,0.01434683,-0.00181367,-0.329531,0.9430711,0.04402992,-0.009347061,0.008192147,-0.07534909,0.9995883,21.6929
other,0.0004745293,0.01373826,0.0001325486,-0.3303605,0.9428107,0.04349479,-0.008836793,0.01258463,-0.07437194,0.9990997,21.79298
other,-0.00464298,0.008165751,0.009898553,-0.3318292,0.9424194,0.04103489,-0.007160468,0.009167736,-0.07437194,1.011787,21.89308
other,-0.002587564,0.006568542,0.001216277,-0.3329158,0.9421344,0.03896509,-0.005625173,0.01282892,-0.0709566,1.002759,21.99317
other,-0.002058155,0.00895274,-0.001821839,-0.3335166,0.941942,0.03857603,-0.004887857,0.01453581,-0.06729697,0.9993439,22.09328
other,-0.00272166,0.00656918,0.005099573,-0.3336875,0.9418961,0.038144,-0.005425349,0.01258463,-0.06924815,1.006663,22.19266
other,0.0008974855,0.008950995,-0.009104331,-0.3339473,0.9418287,0.03747074,-0.005818639,0.01502438,-0.06583282,0.9922674,22.29284
other,-0.002069109,0.0003371031,0.008268487,-0.3341807,0.9417716,0.03675614,-0.006202895,0.01087618,-0.07339635,1.010323,22.39298
other,0.0005385563,0.0009819953,0.006350568,-0.3344478,0.9416627,0.03721758,-0.005560707,0.01502438,-0.07315207,1.007883,22.49311
other,-0.002831955,0.003799097,-0.003434886,-0.3345717,0.9416289,0.03698639,-0.005374644,0.01185177,-0.06973673,0.9976355,22.59323
other,0.00329311,-0.001015971,-0.01064366,-0.3347981,0.9415604,0.03669191,-0.005287498,0.01795271,-0.07388493,0.9898277,22.69334
other,-2.025943E-05,0.0003089742,0.01180325,-0.3348826,0.9415393,0.03636887,-0.005882272,0.01331593,-0.07242076,1.013251,22.7927
other,0.002489203,-0.001891553,-0.007884942,-0.3351957,0.9414265,0.0365277,-0.005085208,0.01746413,-0.07437194,0.9934873,22.89295
other,-0.002387735,0.003854571,0.01121266,-0.3354505,0.9413561,0.03602083,-0.004914789,0.01258463,-0.06754126,1.01252,22.9932
other,0.001269455,0.0005046913,-0.007939984,-0.335409,0.9413811,0.03579693,-0.004572739,0.01673283,-0.0702253,0.993243,23.09345
other,-0.002522926,0.01179163,0.001219486,-0.3360472,0.9410442,0.03814218,-0.007295533,0.009412022,-0.06509995,1.000808,23.19296
other,0.001799471,-0.004574265,0.002284057,-0.3359931,0.9410579,0.03829815,-0.007202488,0.01404879,-0.08193704,1.004956,23.29284
other,0.00202983,0.001299576,-0.002391321,-0.3361864,0.9409841,0.03867341,-0.005648708,0.01746413,-0.07559337,0.9986111,23.39285
other,-0.0006749736,0.003818869,-0.0006818037,-0.3362529,0.9409631,0.03871163,-0.004883708,0.01624426,-0.07266505,1.000808,23.49285
other,0.0005481246,-0.008124505,0.01068743,-0.336305,0.9409605,0.03837989,-0.004383072,0.01819544,-0.08364393,1.012276,23.59284
other,0.001537268,-0.007472387,-0.009952234,-0.3360967,0.9410371,0.0384616,-0.00298626,0.02185662,-0.08218132,0.9912918,23.69284
other,-0.00127628,0.003879545,-0.003957107,-0.3362781,0.9409923,0.03798588,-0.002749769,0.01917258,-0.06973673,0.9969042,23.79291
other,0.00077165,-0.001420661,0.005885237,-0.3363415,0.9409913,0.03742706,-0.002989825,0.02039246,-0.07412921,1.006663,23.893
other,0.001846433,-0.000146996,-0.002346685,-0.3368117,0.940846,0.03685728,-0.002858927,0.02136805,-0.0716879,0.9986111,23.99308
other,-0.001318095,-0.004312231,-0.005083916,-0.3367547,0.940866,0.03690347,-0.002356892,0.01917258,-0.07559337,0.9956843,24.09315
other,-0.0001694678,-0.0002817449,0.003412033,-0.3364627,0.9409664,0.03701508,-0.002219463,0.02063674,-0.0716879,1.004223,24.19322
other,0.0003561378,0.002965788,-0.0007160349,-0.336608,0.9408922,0.03759938,-0.00180646,0.02234364,-0.06924815,0.999831,24.29327
other,-1.152689E-05,0.001363218,-0.0005948643,-0.3366238,0.9408979,0.03723484,-0.003028385,0.01941687,-0.0709566,0.9995883,24.39332
other,0.000623177,-0.00257673,-0.0002201688,-0.3363822,0.9409701,0.03759529,-0.002973208,0.02039246,-0.07559337,1.000564,24.4934
other,-0.0003768805,0.0002267391,-0.0004030918,-0.3363581,0.9409661,0.03790278,-0.003063407,0.01941687,-0.07339635,0.999831,24.59344
other,0.0001880786,0.003618672,-0.009004846,-0.3366244,0.9408663,0.03801059,-0.003151551,0.01990388,-0.0702253,0.9908033,24.69289
other,0.00068186,-0.002106325,-0.002052607,-0.3362912,0.9409636,0.03857039,-0.002824226,0.02136805,-0.07681324,0.9978798,24.80929
other,-3.737655E-05,-0.005020146,-0.0003213064,-0.3361485,0.9409944,0.0390831,-0.002492551,0.02161233,-0.08047287,0.9995883,24.90943
other,-0.0005612925,0.001063702,-0.0005917524,-0.3362988,0.9409328,0.03928541,-0.002291676,0.02161233,-0.07461622,0.9990997,24.99276
other,-0.001316372,0.002298419,0.005636575,-0.3362742,0.9409237,0.03968505,-0.002675984,0.02039246,-0.07437194,1.004956,25.09264
other,0.001958362,0.001182283,-0.00307682,-0.3360769,0.9409627,0.0403642,-0.00347927,0.02258792,-0.07730027,0.995927,25.19311
other,0.0004769408,0.01078684,0.009205176,-0.3365758,0.9407375,0.04128715,-0.004990218,0.0189283,-0.07046803,1.008372,25.29308
other,0.0005169536,0.002491341,-0.005688116,-0.3364067,0.9407824,0.04168382,-0.004627021,0.01990388,-0.079253,0.993243,25.39264
other,-0.001773054,0.0004003932,0.00163736,-0.3363108,0.9408137,0.04181888,-0.003979458,0.01746413,-0.08144846,0.999831,25.49264
other,-0.0009031866,0.00563384,0.002799178,-0.3364874,0.9407563,0.0417079,-0.003759971,0.02014817,-0.07559337,1.002028,25.59263
other,-9.583458E-06,-0.00235351,0.006359709,-0.3362599,0.9408194,0.04212118,-0.003729185,0.02136805,-0.08437678,1.005932,25.69282
other,0.0004973218,-0.001904596,-0.003921514,-0.3358212,0.9409549,0.04257735,-0.003877426,0.02185662,-0.08486535,0.9951957,25.79287
other,-0.0004844258,0.002783473,0.0003705138,-0.335797,0.9409872,0.04208996,-0.003447333,0.02136805,-0.07900871,1.000075,25.89266
other,-0.001155956,-0.0012594,0.0008894276,-0.3359447,0.9409463,0.04183764,-0.003262999,0.02087947,-0.08242405,1.00032,25.99275
other,0.0006626064,0.002277645,0.007474168,-0.3357231,0.9410678,0.04084385,-0.003608515,0.02136805,-0.07730027,1.007639,26.09268
other,-0.0007085423,-0.002451092,-0.007720204,-0.3356419,0.9410922,0.04098533,-0.003177809,0.02087947,-0.08193704,0.9915361,26.19283
other,0.004280983,-0.000999433,-0.002854318,-0.3355679,0.9411334,0.04058371,-0.003869994,0.02429637,-0.08022859,0.9969042,26.29281
other,0.0001700741,0.006145909,-0.00580812,-0.3357979,0.9410297,0.04110152,-0.003690129,0.02087947,-0.07388493,0.993243,26.3931
other,0.002023912,-0.002489469,-0.005170369,-0.3357622,0.9410473,0.0410061,-0.003470393,0.02307649,-0.08218132,0.9937316,26.50929
other,9.410084E-05,-0.005699482,0.005457833,-0.3358148,0.9410191,0.04118079,-0.003942315,0.02039246,-0.08608523,1.004956,26.60914
other,-0.001219271,0.004538095,-0.009701821,-0.3360091,0.9409636,0.0408161,-0.00440201,0.01795271,-0.07534909,0.9883635,26.70915
other,0.002029531,-0.0002877499,-0.009147995,-0.3359132,0.9410151,0.04038658,-0.004667787,0.02039246,-0.07949729,0.9883635,26.80912
other,-0.00127438,0.0005178137,0.005076817,-0.3356055,0.9411416,0.03991246,-0.005324105,0.01551296,-0.07827585,1.003004,26.89258
other,0.004076007,-0.004809586,-0.008622663,-0.3354268,0.9412099,0.03981083,-0.005273953,0.02087947,-0.0834012,0.9895834,26.99258
other,-0.0008641736,0.0002452344,0.002608767,-0.335628,0.9411277,0.04006609,-0.005209981,0.01624426,-0.07876442,1.000564,27.09296
other,0.001177729,0.0003279315,-0.01361312,-0.3358205,0.9410529,0.04024577,-0.004934102,0.0189283,-0.07876442,0.983484,27.19318
other,-0.003473275,0.0003569174,0.01425428,-0.3355294,0.9411638,0.03988096,-0.006339701,0.01136476,-0.07900871,1.011544,27.29324
other,0.001000665,-0.005436275,-0.004815512,-0.3350163,0.9413662,0.03941764,-0.006319482,0.01551296,-0.08388821,0.9920232,27.39332
other,0.002569434,0.0004821481,-0.005505679,-0.3349064,0.9414083,0.03938035,-0.006101944,0.01746413,-0.07778884,0.9917789,27.49337
other,-0.0006570694,-0.003127395,0.001732371,-0.3351462,0.9413206,0.03943693,-0.006099062,0.01429152,-0.08144846,0.9983684,27.59292
other,0.002546141,-0.0004895997,-0.004596705,-0.3349765,0.9413695,0.03973352,-0.005952748,0.01795271,-0.079253,0.9917789,27.69299
other,-0.0009655422,-0.006352786,0.0004847799,-0.3351121,0.9413027,0.0402092,-0.005689232,0.01526867,-0.08584095,0.9969042,27.79307
other,0.001101317,0.003074456,-0.006248263,-0.3351289,0.9413154,0.03974622,-0.005839488,0.01673283,-0.07559337,0.9895834,27.89323
other,0.0005889899,-0.000443328,0.001214138,-0.3350044,0.9413599,0.03969131,-0.006191535,0.01551296,-0.079253,0.997147,27.99259
other,0.001646823,0.002650189,-0.01112076,-0.3349939,0.9413661,0.03970259,-0.00571676,0.01746413,-0.0758361,0.9844596,28.09295
other,-0.0003208627,-0.001165897,0.006995709,-0.33487,0.9414172,0.03956198,-0.005522802,0.01575569,-0.079253,1.002515,28.1928
other,0.0004120568,-0.0006616005,-0.002070501,-0.3348951,0.9414105,0.03954488,-0.005257424,0.01697556,-0.07852014,0.993243,28.29273
other,0.001397602,-0.002544973,0.004988322,-0.3347163,0.941467,0.03972138,-0.005189873,0.01819544,-0.08071716,1.000564,28.39294
other,-0.001529365,-0.001153814,-0.01010715,-0.3347749,0.9414601,0.03943609,-0.004829509,0.01575569,-0.07852014,0.9851909,28.49301
other,-0.00312769,0.0007883021,0.01118154,-0.3347248,0.9415028,0.03879373,-0.005174639,0.01307165,-0.07559337,1.006419,28.59307
other,0.001474683,0.0008854039,-0.007329852,-0.3347046,0.9415053,0.03893689,-0.004944624,0.01819544,-0.07559337,0.9876322,28.69314
other,-0.0002695114,0.001908213,0.006175619,-0.3347111,0.9415174,0.03844775,-0.005926782,0.01429152,-0.07437194,1.002028,28.79322
other,-0.000929562,-0.0002225089,-0.004377314,-0.3346378,0.9415603,0.03805266,-0.00581119,0.01356022,-0.07559337,0.9903163,28.89329
other,-0.00139549,-0.001822987,0.0005879597,-0.3341798,0.9417194,0.03819136,-0.005470928,0.01380451,-0.07730027,0.9961714,28.99297
other,0.004999774,0.003974587,-0.004070206,-0.334455,0.9416429,0.03775119,-0.004831586,0.02112376,-0.0702253,0.9912918,29.09277
other,0.0001831797,0.0003858728,-0.0005070496,-0.3346966,0.9415871,0.03690184,-0.00548452,0.01453581,-0.07266505,0.9951957,29.19289
other,0.0003231207,0.003466845,-0.0005438092,-0.3349397,0.9415067,0.03684708,-0.004770128,0.01599997,-0.06900387,0.9951957,29.293
other,-0.0007921586,-0.001511351,0.00263162,-0.3346924,0.9415959,0.03682593,-0.004677983,0.01502438,-0.07388493,0.9983684,29.3931
other,-0.0008898196,0.0002058673,-0.008361067,-0.3346542,0.9415981,0.03712677,-0.00460057,0.01526867,-0.07266505,0.9871436,29.49321
other,0.0001139424,-0.0004815646,0.006648923,-0.3341269,0.9417993,0.03663237,-0.005591955,0.01404879,-0.07315207,1.003004,29.59329
other,-0.001307599,0.002783637,0.00186103,-0.3344116,0.9416925,0.03676792,-0.005677456,0.01258463,-0.0702253,0.9986111,29.69341
other,-0.0006964653,0.001081565,-0.00221365,-0.3344681,0.9416608,0.03709465,-0.00547413,0.01380451,-0.07242076,0.9947072,29.7926
other,-0.001125442,-0.002413512,0.009291046,-0.3345284,0.9416301,0.03734884,-0.005340181,0.01380451,-0.07632467,1.006419,29.89274
other,-0.001907487,8.168808E-06,-0.002223666,-0.3343688,0.9416713,0.03774124,-0.005316189,0.01331593,-0.07461622,0.9947072,29.99293
other,-0.0009590448,0.001395037,0.004956035,-0.3344978,0.9416373,0.03744493,-0.005330568,0.01404879,-0.07266505,1.001784,30.09257
other,0.001199722,0.0009286792,-0.002176015,-0.3338689,0.9418594,0.03740416,-0.005790105,0.01526867,-0.07339635,0.9949515,30.1929
other,-0.002034077,-0.000586112,0.002705626,-0.3341952,0.9417425,0.03747053,-0.005535655,0.01258463,-0.07486051,0.999831,30.29276
other,0.0006943426,-0.0002343366,-0.0005471156,-0.3343683,0.9416831,0.03743555,-0.005424866,0.01551296,-0.07437194,0.9966599,30.39279
other,-0.002021748,0.0007263614,0.0003261688,-0.3340046,0.9418088,0.03748374,-0.005666342,0.01234035,-0.07364064,0.997147,30.49282
other,0.003648237,-0.006297707,-0.005859369,-0.3336744,0.9419273,0.03740652,-0.005917264,0.01746413,-0.08071716,0.9912918,30.59265
other,0.001099457,-0.004840389,-0.002539819,-0.3339622,0.9418353,0.03715651,-0.005911998,0.0147801,-0.07876442,0.9944629,30.70918
other,0.0007872476,-0.006985674,0.0007483212,-0.3337066,0.9419241,0.03720555,-0.00587956,0.01453581,-0.08095989,0.9973912,30.7932
other,-0.0009990167,-0.001719795,-0.005867538,-0.3341093,0.9417717,0.03747737,-0.00569205,0.01331593,-0.07608039,0.9908033,30.90934
other,-0.0001819885,0.003039824,0.002537193,-0.3339577,0.941835,0.03720619,-0.005894141,0.01356022,-0.0709566,0.9993439,30.99287
other,0.0007573986,-0.001193309,0.00511912,-0.3336193,0.9419595,0.03704078,-0.006193491,0.01380451,-0.0751048,1.002272,31.09312
other,-0.0002872758,0.0008608246,0.0007758423,-0.33359,0.9419736,0.03693771,-0.006249658,0.01258463,-0.07290933,0.9981241,31.19337
other,0.0004053862,-0.002501679,-0.003388305,-0.3335007,0.9419932,0.03724826,-0.006204649,0.01356022,-0.07681324,0.9937316,31.29267
other,-0.0001881227,0.002547361,0.00143985,-0.333784,0.9419093,0.03684312,-0.006146431,0.01282892,-0.0709566,0.9986111,31.39304
other,0.0002994455,-0.0002195793,0.0009715047,-0.3339225,0.9418662,0.03669775,-0.006098649,0.01331593,-0.07339635,0.9978798,31.49332
other,0.0001893816,-0.000579566,-0.001481083,-0.3342673,0.9417824,0.03567563,-0.00621139,0.01453581,-0.07437194,0.9986111,31.59359
other,0.002158982,0.002333289,-0.003557321,-0.3340642,0.9418766,0.03513873,-0.005891427,0.01453581,-0.06778399,0.9937316,31.69316
other,-0.001156226,-0.0009032185,-0.001761448,-0.3338003,0.9419668,0.03522006,-0.0059609,0.01112047,-0.07120088,0.9951957,31.79272
other,-0.003025667,-0.002016407,0.004792951,-0.3340297,0.9418995,0.03481161,-0.00613129,0.00868072,-0.0716879,1.002272,31.89325
other,0.000298049,-0.0008147778,0.001387919,-0.3341522,0.9418649,0.03457242,-0.006126639,0.01185177,-0.06998101,0.9981241,31.99343
other,0.00193115,-0.003746815,0.001206163,-0.3344541,0.9417868,0.03375807,-0.006200518,0.01282892,-0.07144517,0.9983684,32.09288
other,-0.001442754,-0.0006290529,0.0004404349,-0.333979,0.9419571,0.03363808,-0.006576259,0.008436434,-0.06485722,0.997147,32.19276
other,-0.0006586512,0.001822282,-0.003469798,-0.3339735,0.9419649,0.03346225,-0.006643746,0.009167736,-0.06558853,0.993243,32.30935
other,-7.03025E-05,0.0004219639,0.006513457,-0.3333634,0.9421773,0.03347843,-0.007066554,0.00892345,-0.06729697,1.003004,32.3927
other,0.0004943155,-0.0009966919,-0.008448007,-0.3339382,0.9419805,0.03336499,-0.006700865,0.01014488,-0.06827256,0.9883635,32.4928
other,-0.0004412053,0.001198888,0.01074636,-0.3336651,0.9420733,0.03343856,-0.006867574,0.00892345,-0.06631983,1.007396,32.5926
other,-0.002138088,-0.001843932,-0.005702411,-0.3338975,0.9419823,0.03373898,-0.006599669,0.007947861,-0.06973673,0.9908033,32.69284
other,0.003914092,0.0006179545,-0.008245341,-0.3338019,0.942011,0.03387781,-0.006618632,0.01404879,-0.06754126,0.9881192,32.79289
other,-0.001537135,0.001461056,-0.001608672,-0.334271,0.9418457,0.03391257,-0.00627508,0.00868072,-0.0660771,0.9966599,32.89288
other,-0.002034156,-0.002547963,0.000660312,-0.3337831,0.9420125,0.0340223,-0.006618133,0.008192147,-0.0709566,0.9966599,32.99277
other,8.712483E-05,0.003591863,0.0002790037,-0.3339805,0.9419503,0.03382662,-0.006516465,0.01038761,-0.06436865,0.9961714,33.09284
other,0.001565524,0.0001210612,0.0002269762,-0.3334863,0.9421242,0.03378465,-0.006880711,0.01112047,-0.06802828,0.9964156,33.19294
other,-0.0001226879,0.001467656,0.00127871,-0.3339417,0.9419634,0.03383837,-0.006538679,0.01014488,-0.06656411,0.9976355,33.29307
other,-0.0009902325,0.002679679,0.004036266,-0.3342087,0.9418573,0.03421184,-0.006221269,0.01014488,-0.06583282,1.00032,33.39322
other,0.000563495,0.0005662248,-0.006381298,-0.3343179,0.9418,0.03476947,-0.005947155,0.01258463,-0.06876113,0.9890964,33.49273
other,0.001608685,-0.003036803,-0.0002569285,-0.3340696,0.9418987,0.03444967,-0.006124713,0.01307165,-0.07193219,0.995927,33.59272
other,-8.692275E-06,-0.0009362402,0.002552655,-0.3343145,0.9418225,0.03416398,-0.006079993,0.01136476,-0.06924815,0.9986111,33.69279
other,0.000571341,-0.0009653902,0.001480985,-0.3341699,0.9418745,0.03413943,-0.006113429,0.01185177,-0.06924815,0.9973912,33.79286
other,0.002486637,0.0002316866,0.001726341,-0.3343084,0.9418163,0.0343978,-0.006063309,0.01404879,-0.06851685,0.9978798,33.89289
other,-0.002279522,0.001901096,0.002723325,-0.3338611,0.9419768,0.03429925,-0.006327983,0.00868072,-0.0668084,0.9983684,33.99296
other,0.002934194,-0.0007545754,-0.004480494,-0.3336653,0.9420469,0.03425187,-0.006480853,0.01356022,-0.06949244,0.9912918,34.09301
other,-0.000302062,0.001722099,0.0005289303,-0.333572,0.9420744,0.0344005,-0.006495786,0.01038761,-0.06729697,0.9961714,34.19306
other,0.002854694,-0.002958385,-0.005900797,-0.3324804,0.9424459,0.03465303,-0.007182726,0.01234035,-0.07290933,0.9895834,34.29311
other,-0.001159633,-0.008819377,0.003236696,-0.3341091,0.9418945,0.03409278,-0.006598955,0.009167736,-0.07730027,0.9986111,34.39315
other,0.002579541,0.00100308,0.005837197,-0.3335164,0.9421223,0.03360207,-0.006575199,0.01258463,-0.06656411,1.001539,34.49288
other,-0.001746651,0.002810957,-0.006591158,-0.3325517,0.9424824,0.03311871,-0.006270484,0.008436434,-0.06363735,0.9888521,34.59284
other,-0.004078728,0.00329998,-0.007806755,-0.3322821,0.9426701,0.02933998,-0.01004468,-0.003519589,-0.05851201,0.987388,34.69292
other,0.01654645,-0.001970828,0.01774032,-0.3331557,0.9423911,0.02659837,-0.01409922,0.007703575,-0.06144033,1.01496,34.8091
other,0.02229671,-0.009429819,0.005722445,-0.3339288,0.9420661,0.03079364,-0.007395444,0.02893158,-0.07242076,1.004223,34.90899
other,-0.02992017,-0.003495192,-0.009261678,-0.3350863,0.941576,0.03392296,-0.001027543,-0.009131949,-0.06802828,0.9878749,34.99252
other,-0.02874382,0.01465456,-0.01317784,-0.3361951,0.9411458,0.0347674,0.002939099,0.0001400367,-0.048753,0.983484,35.09286
other,0.02382711,-0.007042023,0.02657595,-0.3344389,0.9418665,0.0315957,-0.006301973,0.03307978,-0.07071231,1.0235,35.19256
other,0.001304818,-5.713303E-06,-0.01576706,-0.3352438,0.9414917,0.03469571,0.001029084,0.02649183,-0.06461294,0.981287,35.29319
other,-0.02803083,-0.001305386,-0.03224209,-0.3361695,0.941157,0.03459957,0.004051737,0.002824074,-0.06363735,0.9642072,35.39287
other,-0.0005007627,0.007572722,0.04486319,-0.3355545,0.9415339,0.02933588,-0.007520462,0.005019538,-0.05265692,1.042044,35.49348
other,0.007745853,0.001230621,-0.01487948,-0.3345423,0.9418211,0.03227451,-0.003580099,0.02258792,-0.0619289,0.9825069,35.59261
other,-0.007296694,0.009954063,-0.007104723,-0.3351611,0.9415604,0.03361912,-0.0008799471,0.01356022,-0.05387679,0.9895834,35.69262
other,0.002363562,0.006701431,0.01016803,-0.3352701,0.9415281,0.03342315,-0.001282623,0.02234364,-0.05704784,1.007152,35.79253
other,-0.004975965,0.01589305,0.009633067,-0.3343622,0.9417125,0.03698218,0.003450373,0.02868885,-0.06314877,0.9942202,35.89265
other,0.00345763,-0.006986634,-0.03611566,-0.3329945,0.9421417,0.03835823,0.00348969,0.03551953,-0.07681324,0.9590834,35.99279
other,-0.001312133,0.0001274249,0.03689724,-0.3339886,0.9419352,0.03438954,-0.005195885,0.01185177,-0.06802828,1.033015,36.09251
other,-0.003702383,-0.0009082147,-0.01276318,-0.3335444,0.9420055,0.03704387,-0.001221621,0.01868401,-0.07144517,0.983484,36.19261
other,-0.00146263,-0.006994335,-0.002165123,-0.3329492,0.9419903,0.04182286,0.007081043,0.03966773,-0.08095989,0.992756,36.29261
other,-0.0003787039,0.003655049,-0.01424922,-0.3339513,0.9417498,0.03979222,0.0006961655,0.02746742,-0.07071231,0.9810443,36.39278
other,-0.008510996,0.01541553,0.0245498,-0.3366194,0.9409479,0.02968772,-0.02057087,-0.02718735,-0.05412108,1.019352,36.49266
other,0.01014147,-0.0006507513,-0.01354048,-0.3328651,0.9421891,0.03688652,-0.01095383,0.01404879,-0.07730027,0.9815313,36.59288
other,-0.001328999,-0.006741296,-0.01274285,-0.3336081,0.9418787,0.03915808,-0.006077165,0.01331593,-0.08437678,0.9817756,36.693
other,-0.01492514,0.0160911,0.02957186,-0.3359056,0.9411858,0.03327158,-0.01515572,-0.02108797,-0.05656083,1.02472,36.79312
other,0.01487031,-0.01366369,-0.03718383,-0.3329692,0.9421345,0.03842877,-0.006105321,0.02893158,-0.08998915,0.9578635,36.89326
other,0.001350819,-0.007391659,-0.02815389,-0.3349245,0.9414344,0.0386225,-0.005939685,0.01599997,-0.08388821,0.9661599,36.99338
other,-0.02479489,0.02882213,0.05893989,-0.3416485,0.9390988,0.02807022,-0.02412109,-0.05085511,-0.04021232,1.053756,37.09285
other,0.005709579,0.005787157,-0.01838186,-0.3375155,0.9405433,0.03573681,-0.0135808,0.004288235,-0.07046803,0.976896,37.20878
other,0.01860634,-0.02211284,-0.04028263,-0.3382481,0.9400538,0.04343994,-0.0001075249,0.04771984,-0.1036521,0.9534711,37.29261
other,-0.02382118,0.017125,0.03998855,-0.3446647,0.9380039,0.03542705,-0.009993614,-0.01815965,-0.05607225,1.035212,37.39257
other,-0.007478836,0.01112393,0.008023131,-0.3406183,0.9395025,0.03433343,-0.01163767,-0.00595934,-0.06119604,1.003735,37.49253
other,0.01792417,-0.01235605,-0.02951702,-0.3348484,0.9412076,0.04417673,0.007288061,0.06114003,-0.09047616,0.9644515,37.59259
other,-0.01476951,-0.004649085,-0.02207844,-0.337714,0.9402516,0.04292928,0.005776571,0.03478823,-0.0882807,0.9664042,37.69314
other,-0.02000303,0.03042275,0.05980083,-0.3406985,0.9395444,0.02623508,-0.02219222,-0.04378014,-0.03386866,1.055463,37.79315
other,0.02518756,-0.02007577,-0.02493889,-0.3352478,0.9413825,0.03748053,-0.001747936,0.04698854,-0.09169604,0.9705508,37.89279
other,-0.01260186,0.0002879018,-0.01572175,-0.3384799,0.9403655,0.03240713,-0.009685711,-0.008887663,-0.06705268,0.9795801,38.0093
other,-0.02050856,0.02947776,0.02550351,-0.3404705,0.9396554,0.02545727,-0.02189342,-0.04426716,-0.03313735,1.021059,38.09281
other,0.01118516,-0.01341854,0.004987446,-0.3372237,0.9408021,0.03358144,-0.006616587,0.02136805,-0.08095989,1.001051,38.19284
other,0.001859642,-0.002110828,-0.02576043,-0.3377902,0.9405713,0.03461289,-0.005026706,0.01575569,-0.07046803,0.9695753,38.29288
other,-0.01117525,0.0140185,0.001915683,-0.3418096,0.9391456,0.0243559,-0.02405172,-0.03963194,-0.04802014,0.997147,38.39291
other,-0.007154888,0.006690491,0.01422452,-0.3401681,0.9397188,0.02270469,-0.02643494,-0.04134039,-0.05387679,1.010323,38.49277
other,0.01301908,-0.01380232,-0.02686692,-0.3355477,0.9413182,0.03641166,-0.001394683,0.03478823,-0.08315691,0.9685997,38.59307
other,0.0104258,-0.009886428,-0.006261878,-0.3385412,0.9403244,0.03405711,-0.004480008,0.02502767,-0.07681324,0.9890964,38.6931
other,-0.03103179,0.02270464,0.01375472,-0.3449803,0.9377207,0.01678913,-0.03723715,-0.08916448,-0.03435723,1.008372,38.79329
other,-0.002906406,-0.0008693459,-0.01021578,-0.3408129,0.9392169,0.0203818,-0.03609443,-0.05671176,-0.06363735,0.9844596,38.89351
other,0.01861514,-0.01585578,-0.003173874,-0.3364367,0.9409385,0.03656594,-0.01039291,0.02990873,-0.09194032,0.9922674,38.99267
other,-0.01687189,-0.006548114,-0.03409145,-0.3416373,0.9391421,0.02794193,-0.02270299,-0.04036325,-0.07437194,0.9607918,39.0934
other,-0.02241936,0.01498469,0.04792455,-0.3433498,0.9382237,0.01791218,-0.03906734,-0.08330784,-0.0453361,1.042287,39.19296
other,0.009025278,-0.008975399,0.01381764,-0.3372958,0.9407105,0.03165705,-0.01711856,-0.001811141,-0.0799843,1.009836,39.293
other,0.02745731,-0.01967222,-0.03877811,-0.3372871,0.940688,0.0351508,-0.01038911,0.03161562,-0.09267318,0.9566436,39.3926
other,-0.04148467,0.03165084,0.008912947,-0.3455094,0.9373236,0.01527808,-0.04259509,-0.1106352,-0.02630512,1.002759,39.49292
other,0.01030904,-0.01265432,0.01917122,-0.339239,0.9399164,0.02552978,-0.02867603,-0.02621176,-0.0799843,1.014471,39.59285
other,0.007677365,-0.007993878,-0.003620241,-0.3377809,0.9404931,0.03194785,-0.01886508,-0.006203626,-0.08071716,0.9920232,39.6926
other,-0.024207,0.01817636,0.004804426,-0.3415649,0.9389395,0.02474254,-0.03337524,-0.06988765,-0.05094847,0.9993439,39.79248
other,0.003945938,0.0007003112,-0.007592421,-0.3380422,0.9402564,0.02986231,-0.02745098,-0.02743164,-0.07388493,0.987388,39.89284
other,0.01727027,-0.001998574,-0.00826693,-0.3328221,0.9418693,0.04594956,-0.0005616304,0.04674425,-0.08876927,0.9856795,39.99273
other,-0.002521838,-0.01454389,-0.006106184,-0.33735,0.9403486,0.04396562,-0.002526352,0.02234364,-0.09877256,0.9881192,40.09275
other,-0.03097741,0.02674172,0.003922195,-0.3416403,0.9389627,0.02778841,-0.02930606,-0.06695933,-0.0453361,0.9988554,40.19267
other,0.01168388,-0.01214998,0.02779009,-0.3350815,0.9412037,0.04195624,-0.009784292,0.02136805,-0.09755268,1.022523,40.30909
other,0.02277161,-0.02140685,0.000958668,-0.3344975,0.9410864,0.0496763,-0.0001044441,0.05577195,-0.1148768,0.9949515,40.39257
other,-0.0191584,0.01483488,-0.0499051,-0.3405943,0.9391437,0.03972915,-0.02064718,-0.03084853,-0.07364064,0.9437121,40.49267
other,-0.02404552,0.02530021,0.06087658,-0.3415481,0.9386969,0.03069028,-0.03537311,-0.06939908,-0.05631654,1.054487,40.59276
other,0.02772775,-0.01648216,-0.02592653,-0.3346715,0.9411836,0.04587285,-0.008009816,0.04332891,-0.1080445,0.9681111,40.69259
other,-0.01254596,0.005759806,0.01173722,-0.3389981,0.9397965,0.03989239,-0.01647185,-0.0164512,-0.08022859,1.006176,40.79254
other,-0.02275948,0.0133434,0.0001877853,-0.3398379,0.9395381,0.03393043,-0.02503951,-0.04670846,-0.06729697,0.9949515,40.8928
other,0.03257398,-0.02682144,-0.001002818,-0.3344367,0.9413519,0.04405452,-0.008241752,0.04649997,-0.1151211,0.993243,40.99288
other,-0.007361924,0.006112967,-0.004892143,-0.3380477,0.9401549,0.03988412,-0.01554387,-0.009620522,-0.079253,0.9898277,41.09277
other,-0.02331962,0.008645358,0.005105797,-0.3396669,0.9396368,0.03388708,-0.02368043,-0.04475573,-0.0709566,0.9995883,41.19283
other,0.0160429,-0.01061909,0.02126603,-0.3339364,0.9416242,0.04210833,-0.007562133,0.02990873,-0.09486865,1.016424,41.29266
other,0.006076037,-0.005302845,-0.05947515,-0.3337143,0.9417394,0.04191404,-0.002181569,0.02990873,-0.08559666,0.9356599,41.39252
other,-0.007186647,-0.002020254,-0.01051073,-0.3358988,0.9410232,0.04011922,-0.006128514,0.008192147,-0.08144846,0.9837283,41.49339
other,-0.0009758174,0.003286408,0.02271852,-0.3365252,0.940788,0.03930327,-0.01112698,0.004532522,-0.07803312,1.017888,41.59274
other,-0.006346269,-0.002247917,-0.02868555,-0.3362031,0.9408674,0.04017647,-0.01103257,-0.0001042495,-0.08510809,0.9659156,41.69294
other,-0.0006789227,0.01198387,0.03355163,-0.3363449,0.9406743,0.04372255,-0.009609748,0.0106319,-0.07656896,1.027647,41.79259
other,-0.00314065,0.007032317,0.02657372,-0.3359184,0.9408536,0.04262937,-0.01165885,0.003556932,-0.08095989,1.022036,41.89254
other,-0.004343695,-0.0008034302,-0.09955764,-0.3352619,0.941061,0.04323543,-0.01158597,0.002824074,-0.08974486,0.8941795,41.99286
other,0.003360048,0.003706809,0.09474582,-0.3363589,0.9406903,0.04278828,-0.01155591,0.01038761,-0.08437678,1.088647,42.09313
other,0.0007171741,-0.002788141,-0.01132498,-0.3358231,0.940858,0.04292324,-0.01290334,0.005263824,-0.09218461,0.9842153,42.19248
other,-0.006291931,-0.001677736,-0.07029376,-0.3350698,0.9410051,0.04515901,-0.0140832,-0.002544,-0.09584423,0.922484,42.29261
other,0.004063824,-0.004890345,0.1206996,-0.3359903,0.9406834,0.04548921,-0.01249303,0.01112047,-0.09877256,1.115243,42.39275
other,-0.008272115,0.003737558,-0.09599118,-0.3355061,0.9408902,0.04368395,-0.01590437,-0.008887663,-0.089012,0.8983277,42.49268
other,0.001815695,-0.002537971,0.06365018,-0.3351502,0.9410069,0.04415601,-0.01518974,0.002824074,-0.09559995,1.056927,42.59293
other,0.001387676,0.001540872,-0.009191562,-0.3353428,0.9409071,0.04431557,-0.01658761,-0.0001042495,-0.09291591,0.9856795,42.69319
other,-0.008622241,0.0002540718,-0.003522215,-0.3358622,0.940603,0.04735409,-0.01483903,-0.004739465,-0.09852827,0.9888521,42.7933
other,0.004435027,0.004760555,0.04761365,-0.3356723,0.9406434,0.04824269,-0.01366032,0.01112047,-0.09511293,1.042044,42.89296
other,-0.005112356,0.003552526,-0.1023612,-0.3348425,0.9409934,0.04763447,-0.01194484,0.004288235,-0.09389306,0.8907642,42.9928
other,-0.005336761,0.0001178825,0.1027182,-0.3358118,0.9407398,0.04527316,-0.01376446,-0.0008355523,-0.09413734,1.096456,43.093
other,0.003076878,-0.001528266,-0.04599992,-0.3355784,0.9408553,0.04454095,-0.01394487,0.006727986,-0.09462436,0.9488358,43.19322
other,-0.01404359,0.007354626,-0.03767775,-0.3358144,0.9407434,0.04571087,-0.01187631,-0.005715054,-0.08632796,0.9546909,43.29275
other,0.0171676,-0.01609244,0.1287672,-0.3340051,0.9412645,0.047123,-0.01552559,0.01941687,-0.1151211,1.123295,43.39257
other,-0.008331603,0.005224214,-0.1241754,-0.3357481,0.9406844,0.04631295,-0.01552743,-0.006447912,-0.09218461,0.8695362,43.49266
other,-0.001771685,-0.003805972,0.09345632,-0.3364488,0.9403982,0.04743459,-0.01426299,0.003312646,-0.1024322,1.086696,43.59251
other,0.006636195,0.000866623,-0.05247545,-0.3355546,0.9407227,0.04649592,-0.01679539,0.006240969,-0.09779697,0.9417593,43.69267
other,-0.0155273,0.009742063,0.01225166,-0.3365276,0.9403968,0.04518688,-0.019004,-0.02084369,-0.08779212,1.004956,43.79261
other,-0.001874122,0.00588114,-0.002698138,-0.3357112,0.9405784,0.04861424,-0.01571114,0.006972272,-0.1078003,1.029844,43.89288
other,-0.00248226,0.007813076,-0.06217494,-0.3343852,0.9409326,0.04921368,-0.0202528,-0.007667788,-0.09804126,0.9293163,43.99266
other,0.002071588,-0.01534252,0.09837209,-0.3346367,0.9408166,0.04994195,-0.01969935,-0.001568411,-0.1224403,1.092064,44.09284
other,-0.003032175,0.009046298,-0.1078633,-0.3343458,0.940972,0.04929994,-0.0188166,-0.005472323,-0.09608852,0.884419,44.19301
other,0.001720824,-0.008935922,0.1119545,-0.3346934,0.9408008,0.05084905,-0.01698339,0.003799663,-0.1158524,1.104995,44.29317
other,-0.002299606,0.001820781,-0.08807862,-0.3340561,0.9410683,0.04987936,-0.01757594,-0.002055428,-0.1036521,0.9049156,44.39333
other,-0.004913943,-0.0002080493,0.07850195,-0.334781,0.9408056,0.05017176,-0.01700641,0.0006286092,-0.109753,1.096456,44.49344
other,0.0006496839,-0.0004174966,-0.07200853,-0.3342995,0.9410043,0.04945453,-0.01758063,0.0006286092,-0.1051162,0.9212642,44.59298
other,-0.004902133,-0.0003849551,0.04863669,-0.3345766,0.9408742,0.05021121,-0.0171185,-0.003519589,-0.1060934,1.040823,44.69286
other,0.0009907687,0.0007394473,-0.01236826,-0.3346315,0.9408334,0.05002222,-0.01876307,-0.0008355523,-0.1058491,0.9810443,44.79278
other,-0.003953518,-0.00714964,-0.04690452,-0.3340379,0.9409924,0.051513,-0.01727488,-0.002055428,-0.1153653,0.9446876,44.89253
other,0.01071579,-0.01055468,0.06073285,-0.3335938,0.941064,0.05395393,-0.01423783,0.01990388,-0.1214647,1.053267,44.99317
other,-0.002050665,0.0007477985,-0.04555171,-0.3336477,0.9410594,0.05283317,-0.01717604,0.0008728955,-0.1099973,0.9468831,45.09304
other,-0.001723405,-0.004907205,-0.003394334,-0.3353162,0.9404037,0.05165324,-0.02314628,-0.01059611,-0.1173165,0.9878749,45.19275
other,-0.003663665,0.01844722,0.0435769,-0.3369026,0.9398009,0.04499962,-0.03529852,-0.03963194,-0.08974486,1.035456,45.29284
other,-0.007307224,2.953899E-06,0.001392879,-0.3349615,0.9405987,0.04734428,-0.02886671,-0.02987139,-0.1082888,0.9942202,45.39289
other,0.008316494,-0.007856145,-0.0001292422,-0.3312195,0.9418303,0.0558494,-0.01140768,0.0238078,-0.1204891,0.9922674,45.49295
other,-0.006433011,0.003763718,-0.01310899,-0.3317952,0.9417319,0.0548978,-0.006249558,0.01819544,-0.1036521,0.9795801,45.59325
other,0.001732897,-0.005001559,0.006104045,-0.3315945,0.9417841,0.05554507,-0.001586962,0.03551953,-0.1104843,0.9981241,45.6925
other,-0.002293718,0.002761312,-0.0101619,-0.3311051,0.9418287,0.05769002,5.62761E-05,0.0360081,-0.1058491,0.9829955,45.79253
other,0.0006728083,-0.003436029,-0.003960802,-0.331206,0.9416992,0.05915138,0.002496034,0.04454879,-0.1131683,0.9888521,45.89243
other,-0.003507819,0.002896292,-0.004570545,-0.3299363,0.9424193,0.05423626,-0.006805735,0.01941687,-0.1036521,0.9878749,46.00933
other,-0.000417005,0.001371059,-0.03254599,-0.3298844,0.942566,0.04860708,-0.01956981,-0.005228037,-0.1029208,0.959572,46.09304
other,0.001750912,0.00518729,-0.003969846,-0.3303406,0.9423359,0.0438513,-0.03090518,-0.02743164,-0.09755268,0.9871436,46.19254
other,-0.005054985,0.001991141,0.04907946,-0.3317127,0.9418142,0.04174491,-0.03478607,-0.04280455,-0.09950386,1.041067,46.29289
other,0.001601333,1.959541E-05,-0.009177558,-0.3314759,0.9419506,0.04531506,-0.02827299,-0.02157654,-0.1038963,0.9832397,46.39292
other,-0.001271628,0.01039194,-0.006291052,-0.3320398,0.941766,0.05157594,-0.01289012,0.00868072,-0.09511293,0.9861681,46.49298
other,0.004056406,-0.01488476,-0.003777782,-0.3343397,0.9407492,0.05663653,0.0003950894,0.04259605,-0.1209762,0.9878749,46.59302
other,-0.01324759,0.01405694,0.008940274,-0.335711,0.940345,0.0549112,-0.005840087,0.01258463,-0.09291591,1.000808,46.69306
other,-0.006646816,-0.002342539,0.01651616,-0.3347016,0.9406665,0.05529407,-0.007997241,0.01526867,-0.1114599,1.007883,46.79311
other,-0.00199733,0.01173894,-0.01875189,-0.3340175,0.9409813,0.05292627,-0.01361448,0.007703575,-0.09657709,0.9717723,46.89317
other,-0.01092694,0.008852654,0.02611237,-0.3349051,0.9403985,0.05040372,-0.03080084,-0.03499517,-0.1060934,1.01496,46.9932
other,0.002799057,0.004636151,0.00147447,-0.3349732,0.9403549,0.0489676,-0.03358009,-0.02743164,-0.1095087,0.990559,47.09326
other,-0.01479977,0.004337552,0.009567035,-0.333167,0.9409919,0.05114118,-0.03030597,-0.03767921,-0.1117042,0.9990997,47.19328
other,0.001410116,0.004001257,-0.0003458129,-0.3267343,0.9430052,0.06209229,-0.01142282,0.02039246,-0.1202449,0.9890964,47.29332
other,0.03578885,-0.02074525,0.005630934,-0.3214356,0.944684,0.06499596,-0.00517313,0.06772798,-0.1465967,0.9949515,47.39335
other,-0.01502888,0.01933689,-0.02060942,-0.3239618,0.9439993,0.06219122,-0.006810369,0.01234035,-0.1021879,0.9690883,47.49338
other,0.00645527,-0.009313462,0.002602543,-0.3227712,0.9441829,0.06578641,0.003098823,0.05894456,-0.1297611,0.993243,47.59277
other,0.001235988,0.001918017,-0.008057265,-0.3225182,0.9443429,0.06476346,0.002037853,0.04674425,-0.1187807,0.9810443,47.69306
other,0.00225402,-0.00717332,0.003520075,-0.3219441,0.9444859,0.06540448,0.004539488,0.05284363,-0.1275641,0.9930003,47.79309
other,0.001444888,0.009506803,-0.006685294,-0.322181,0.9445526,0.06332583,0.003093814,0.04796413,-0.1078003,0.9825069,47.89288
other,-0.003158594,-0.0003870459,0.01646229,-0.3228917,0.9444371,0.06144417,-0.002046475,0.03259277,-0.1175608,1.007152,47.99293
other,0.005265092,-0.002477799,-0.002870461,-0.3225039,0.944616,0.0607278,-0.001975007,0.04064488,-0.1182921,0.9881192,48.09277
other,-0.005838756,-0.0003405007,0.003989685,-0.3229568,0.9444406,0.06108037,-0.0001205709,0.03332407,-0.1156081,0.9949515,48.19259
other,-0.0002029256,0.007097321,-0.00514314,-0.3232715,0.9443377,0.06100659,-0.000363579,0.03844786,-0.1080445,0.9847039,48.29282
other,0.002270692,0.001556316,0.01010462,-0.3230937,0.9444003,0.06097484,-0.0006502364,0.04040059,-0.1139012,1.001539,48.39277
other,0.001529269,0.005659866,-0.009558964,-0.3229169,0.9444587,0.06101116,0.0001471415,0.04113189,-0.1092644,0.9810443,48.49265
other,0.0009645423,-0.002646451,0.0008989579,-0.323375,0.9443259,0.06063819,0.0003903396,0.04088761,-0.116828,0.992756,48.59271
other,0.001985652,-0.0003293051,0.00294962,-0.3235931,0.9442306,0.06095544,0.0006433204,0.04259605,-0.1148768,0.9942202,48.69263
other,-0.007113518,-0.0001885147,-0.002760085,-0.324345,0.9439702,0.06098634,0.001147477,0.03454394,-0.1143882,0.9881192,48.79255
other,0.002109449,0.0087927,0.007542533,-0.3251458,0.9437091,0.06075189,0.001594236,0.04454879,-0.1046292,0.9983684,48.89302
other,0.0002665773,0.004833114,-0.003368855,-0.3257787,0.9435103,0.06046639,0.0005459059,0.04064488,-0.1087758,0.9881192,48.99261
other,-0.003150245,0.001729648,-0.0001226294,-0.3260758,0.9434664,0.05948136,-0.002761576,0.03039575,-0.1121927,0.9917789,49.09247
other,-0.002566252,-0.002813291,0.02476014,-0.325986,0.9435689,0.05833285,-0.002835957,0.03015146,-0.1148768,1.019108,49.19315
other,0.0001283791,-0.002976096,0.01819262,-0.3253331,0.9439162,0.05612389,-0.005528264,0.02624755,-0.1126813,1.013251,49.29279
other,-0.0009658294,-0.006642529,0.05314753,-0.3233634,0.9443604,0.05927234,-0.01030902,0.01795271,-0.1256129,1.048875,49.39256
other,0.01163554,0.04085435,0.01360593,-0.3214793,0.9432631,0.08278754,-0.007216606,0.05137947,-0.1204891,1.003004,49.49253
other,0.00849966,0.02605949,-0.05666051,-0.3159944,0.9418869,0.1125693,-0.01802151,0.04576866,-0.1978361,0.9193114,49.59273
other,-0.02061888,-0.03654177,0.1075267,-0.3094981,0.9350632,0.1660781,-0.0478089,-0.007179215,-0.3779093,1.051072,49.69266
other,0.01682934,4.210826E-05,-0.06384216,-0.3017457,0.9275475,0.2180646,-0.03245055,0.08846897,-0.4254891,0.8419629,49.79253
other,-0.008503511,0.04437758,-0.09508444,-0.303306,0.9270771,0.2200385,-0.01080339,0.1050602,-0.3705885,0.8087789,49.8929
other,0.002479622,0.01297168,0.01365562,-0.3087949,0.9338313,0.1800474,0.01370429,0.1392198,-0.3147123,0.948103,49.99298
other,-0.00981509,-0.02017834,0.01907174,-0.3141633,0.9395584,0.1349263,0.01806172,0.1089641,-0.2624972,0.9825069,50.09317
other,0.001414371,-0.02969948,0.0461985,-0.3196283,0.9420831,0.09895664,0.02291087,0.1079885,-0.20174,1.026916,50.19325
other,-0.004470028,0.0123883,0.06729775,-0.3196394,0.9439107,0.06448166,0.05201375,0.1353159,-0.07632467,1.056196,50.29335
other,0.01807628,0.009541551,0.09919811,0.318362,-0.9415048,-0.06192108,-0.09154169,0.2307198,-0.04899729,1.078644,50.39268
other,0.00413383,0.04078652,0.09284628,-0.3263895,0.9330977,0.1070108,0.1065226,0.274153,-0.08998915,1.052048,50.49305
other,-0.01432823,0.06333663,0.121762,-0.3664454,0.9046277,0.1940509,0.09854232,0.3085569,-0.2175999,1.033748,50.59286
other,-0.08521006,0.1298481,-0.2142392,-0.3795103,0.8085217,0.4494519,-0.0160457,0.231697,-0.6131243,0.384463,50.69289
other,0.118026,0.05381212,-0.1004829,-0.3431222,0.6683767,0.63693,-0.1728004,0.3241725,-0.9164174,0.02846791,50.79294
other,0.2515658,0.03045915,-0.234775,-0.3489293,0.5641874,0.7149268,-0.2209536,0.5010716,-0.9300802,-0.3546118,50.89296
other,0.05187971,-0.03739456,-0.01869957,-0.400655,0.4760744,0.7222715,-0.3019146,0.3434478,-0.9679011,-0.2445679,50.99288
other,-0.09041706,0.1548071,-0.03736228,-0.3145417,0.3430811,0.7824867,-0.4136102,0.1179918,-0.6421601,-0.6039799,51.0927
other,0.01994334,0.04025875,0.06110857,-0.2643929,0.2406173,0.8223717,-0.4426107,0.2419445,-0.5899451,-0.6837682,51.19272
other,0.01890454,0.05086014,-0.09295122,-0.2163701,0.1112061,0.8257108,-0.5089388,0.2631725,-0.3532644,-0.9751052,51.29291
other,-0.009583641,-0.04326689,0.005029166,-0.1943256,0.04880213,0.8015573,-0.5633488,0.2470683,-0.3405771,-0.9150808,51.3932
other,-0.07729421,-0.07226738,-0.04433873,-0.2020942,-0.01060249,0.7869294,-0.582913,0.2536563,-0.2915331,-0.9638804,51.49346
other,0.03913839,0.004914632,-0.01034414,-0.2166644,-0.02418966,0.7882794,-0.5754016,0.4095716,-0.2068653,-0.9177648,51.59369
other,0.08436006,0.02989458,0.06117581,-0.2212199,-0.03670397,0.7891545,-0.5717952,0.4764282,-0.1656292,-0.8404163,51.69283
