other,-0.03591363,-0.02359019,-0.3013002,-0.1658576,0.2274397,0.4188301,0.863333,0.5041508,0.07379156,-1.156152,19.9949
other,-0.04705778,-0.04442662,-0.03855434,-0.07087713,0.1634205,0.4563446,0.8717911,0.3082192,-0.07041201,-0.9902322,20.09492
other,-0.03965835,-0.0141881,-0.001918406,0.009399217,0.1323562,0.4603504,0.8777648,0.1869521,-0.1543485,-0.9792518,20.19493
other,0.004711299,-0.1050797,-0.1971729,0.02123776,0.1239889,0.4496286,0.8843132,0.207203,-0.2558517,-1.176649,20.29495
other,-0.1243657,-0.05696077,0.1165215,0.0398144,0.09944253,0.4429304,0.8901341,0.01883494,-0.2175439,-0.8704293,20.39495
other,-0.03994318,-0.05131149,-0.009805098,0.02461012,0.09152733,0.4294511,0.8981029,0.1047241,-0.1753322,-1.001457,20.49497
other,-0.08981829,-0.02224779,0.02392527,0.03471602,0.09432381,0.4157605,0.9039032,0.05323884,-0.1648403,-0.9655889,20.57832
other,0.003115063,-0.09249932,-0.01975908,0.05920415,0.1015385,0.383294,0.9161171,0.1452274,-0.2807409,-1.002188,20.67834
other,-0.02330219,0.01110278,-0.3484439,0.0578656,0.09961069,0.2897552,0.9501427,0.1340027,-0.1582524,-1.331589,20.77835
other,0.1558282,-0.1366931,0.05064116,0.09822468,-0.07128242,0.7803123,0.613501,-0.08706082,-0.1460521,-0.928501,26.07792
other,0.02206808,-0.1229914,0.0992728,0.09828081,-0.07051602,0.7729152,0.6228728,-0.219797,-0.1365358,-0.879944,26.17775
other,-0.01899455,-0.1311163,0.06142924,0.09360754,-0.07216795,0.7690799,0.6281285,-0.2554207,-0.1377557,-0.9180091,26.2614
other,-0.0003963574,-0.02445473,0.02067049,0.06646226,-0.08389658,0.7650949,0.6349598,-0.2102807,0.0198681,-0.9641247,26.37806
other,0.1076915,0.04015248,-0.02302252,0.03503683,-0.09752154,0.7638096,0.6370689,-0.07144517,0.1452834,-1.00902,26.47803
other,0.1856575,-0.02219059,-0.1024495,0.02000964,-0.09614067,0.7634096,0.6384062,0.03127953,0.09989908,-1.090029,26.57798
other,0.06427263,0.1260176,-0.0223483,0.02860828,-0.09197302,0.7653174,0.6364053,-0.09779697,0.231171,-1.011216,26.67797
other,-0.1182622,-0.02456359,-0.08144807,0.03669927,-0.08344226,0.7685536,0.6332582,-0.2817725,0.05793163,-1.073436,26.77808
other,0.05798937,-0.08531434,0.003101035,0.04029994,-0.07463798,0.7665834,0.6365179,-0.1002367,-0.02161233,-0.9914521,26.86158
other,0.03836335,-0.02490977,0.02389104,0.04445565,-0.0656199,0.7658792,0.6380805,-0.1143882,0.01913524,-0.9694928,26.96146
other,0.2928573,-0.09370412,0.052933,0.06400292,-0.05643088,0.7725978,0.6291357,0.1220467,-0.0870048,-0.9377729,27.07799
other,0.002014024,-0.00842319,0.01485994,0.09119841,-0.04773704,0.7777061,0.6201429,-0.2000331,-0.04747556,-0.96876,27.17791
other,-0.03651946,-0.1458156,-0.04142354,0.1051357,-0.05557577,0.7747073,0.6210365,-0.2693279,-0.1904608,-1.016828,27.27783
other,-0.1118002,0.03225975,-0.1698237,0.1061295,-0.07045329,0.7682439,0.6273549,-0.3649761,0.007179215,-1.143952,27.37775
other,-0.05124065,-0.02950306,-0.04845912,0.1068034,-0.07573798,0.7656361,0.6298081,-0.3122725,-0.04820842,-1.021952,27.47767
other,0.001760816,-0.04303898,-0.02237281,0.1069761,-0.07829485,0.7620952,0.6337484,-0.26274,-0.05943158,-0.995356,27.57799
other,0.02755246,0.0384459,0.02146345,0.1080981,-0.07832453,0.7618247,0.6338794,-0.2385852,0.0205994,-0.9507045,27.66185
other,0.06979967,0.01043763,0.01992314,0.1098647,-0.07583459,0.7616117,0.6341345,-0.1956406,-0.01356022,-0.9514359,27.76142
other,0.007975917,-0.03710437,0.01072341,0.1136831,-0.0761827,0.7632967,0.6313877,-0.2637171,-0.06455692,-0.9587566,27.87799
other,-0.01573325,-0.01884682,-0.001408147,0.114334,-0.07538936,0.7642167,0.6302516,-0.2876292,-0.04796413,-0.971444,27.97799
other,0.008520139,-0.001016181,-0.001696,0.1135409,-0.07568169,0.7636738,0.6310174,-0.2624972,-0.02893158,-0.9719325,28.078
other,0.0007330047,0.01456426,-0.01606785,0.1125361,-0.07651029,0.7635374,0.6312625,-0.2698165,-0.01087618,-0.9865726,28.16151
other,0.007820248,0.009998478,-0.005234358,0.1117467,-0.07585581,0.7635098,0.6315152,-0.2607888,-0.01551296,-0.9765677,28.26191
other,0.02266569,-0.005114588,-0.003279776,0.1105054,-0.07494656,0.7638097,0.6314794,-0.2429761,-0.03039575,-0.9755922,28.36148
other,-0.0002633468,-0.008522076,0.004632589,0.1106412,-0.07346572,0.7644661,0.6308351,-0.2642041,-0.0360081,-0.9677843,28.46165
other,-0.006379912,-0.007544794,-0.0154582,0.1113297,-0.07125973,0.7637497,0.631834,-0.2688409,-0.03966773,-0.9892566,28.57803
other,0.01843454,-0.005640003,-0.01508186,0.1122321,-0.0719877,0.7626751,0.6328889,-0.246393,-0.03820357,-0.9887681,28.67795
other,-0.001799423,0.0009277645,-0.004794896,0.1129523,-0.07253332,0.7622917,0.6331604,-0.2685966,-0.03185991,-0.9787648,28.76145
other,0.003565806,0.003332296,-0.01413729,0.1138964,-0.0727274,0.7622673,0.6329983,-0.265424,-0.03039575,-0.9895009,28.87756
other,-0.008258786,0.0122865,0.006751228,0.1141801,-0.07261877,0.7625395,0.6326318,-0.2776243,-0.02185662,-0.96876,28.97814
other,0.00567528,-0.002666019,0.02264637,0.1149474,-0.07236449,0.7623381,0.6327646,-0.2642041,-0.03820357,-0.9514359,29.0616
other,0.005750525,0.005736752,0.01110948,0.1147364,-0.07227615,0.7633564,0.6315842,-0.2632286,-0.02917587,-0.9611964,29.16177
other,-0.005497194,-0.0145678,0.001172905,0.1152497,-0.07167396,0.7631595,0.6317974,-0.2744533,-0.05113674,-0.970957,29.26194
other,-0.01474275,-0.02529603,0.0240021,0.113637,-0.07066517,0.7626227,0.6328505,-0.2795771,-0.0616286,-0.9477762,29.3621
other,0.02705152,0.00327809,-0.003473688,0.1105352,-0.06954405,0.7634975,0.6324691,-0.231753,-0.03064003,-0.9773006,29.46147
other,0.0001132936,-0.00641593,-0.02145606,0.1111623,-0.06881155,0.7626622,0.6334463,-0.2588361,-0.04259605,-0.9956003,29.56206
other,0.0145866,-0.0002337014,-0.0128544,0.1114587,-0.06848817,0.7628146,0.6332457,-0.2444403,-0.03722798,-0.9870612,29.66159
other,0.005050171,0.01169372,-0.01062431,0.1128226,-0.0679491,0.7636985,0.6319957,-0.2554207,-0.02746742,-0.9843771,29.76156
other,-0.01516554,-0.002271126,-0.005006701,0.1137387,-0.06571241,0.7637211,0.6320407,-0.2739647,-0.04601295,-0.9780319,29.86166
other,0.01460984,0.001400385,-0.001426916,0.1135186,-0.0643148,0.7642483,0.6315866,-0.2422448,-0.04406022,-0.9753479,29.96176
other,0.005892968,-0.009346034,0.008565287,0.1138978,-0.05976432,0.765543,0.6303963,-0.2459045,-0.06187288,-0.9663202,30.06187
other,-0.0147754,-0.003445541,-0.0066533,0.1129767,-0.05830173,0.7640433,0.6325149,-0.2632286,-0.05772469,-0.9824244,30.16199
other,-0.009883625,0.001497162,-8.655046E-05,0.1102234,-0.05981191,0.7641637,0.6327142,-0.256152,-0.04698854,-0.9770563,30.26206
other,0.001631184,0.009210863,-0.009394129,0.1091161,-0.05987784,0.7650696,0.6318044,-0.2432204,-0.03747227,-0.9873039,30.37797
other,0.01677414,-0.005193308,-0.002656127,0.1091204,-0.05931424,0.7648652,0.6321043,-0.2273605,-0.05284363,-0.980716,30.46162
other,-0.003461168,-0.005533094,-0.01367624,0.1097339,-0.05926372,0.7649412,0.6319108,-0.2488328,-0.05406351,-0.9929163,30.56172
other,0.006733383,-0.009333082,-0.003462991,0.1104503,-0.05766119,0.7648454,0.6320502,-0.2380966,-0.06138431,-0.9843771,30.66182
other,0.001677061,-0.01536322,0.01626303,0.1109504,-0.05684088,0.7638813,0.6332018,-0.2522481,-0.04528009,-0.9738837,30.77792
other,0.002418672,0.01829457,0.005737129,0.1095873,-0.05799894,0.7636276,0.6336399,-0.2412692,-0.03259277,-0.9748608,30.862
other,0.002710294,0.002405477,-0.005060674,0.1091007,-0.0590034,0.7637479,0.6334863,-0.241512,-0.04625568,-0.985597,30.96165
other,-0.00739812,0.006797679,0.005510931,0.1105618,-0.05999876,0.7638111,0.633063,-0.2551765,-0.04210748,-0.9743723,31.07774
other,0.01302777,0.0006773212,-0.005458125,0.1120608,-0.0610341,0.7645457,0.6318125,-0.2385852,-0.04820842,-0.9851084,31.17805
other,0.00329677,-0.004572347,-0.01162869,0.1136384,-0.0616172,0.7650199,0.6308995,-0.2515168,-0.05430779,-0.9904765,31.27807
other,0.0113454,-0.02008466,0.004027708,0.1144462,-0.06195445,0.7647476,0.6310506,-0.2451732,-0.07041201,-0.9746166,31.3616
other,-0.002462628,0.01338368,-0.0001706697,0.114675,-0.06301437,0.7643191,0.6314231,-0.2607888,-0.03576382,-0.9790091,31.47798
other,0.000896551,-0.00196417,-0.002197507,0.1152709,-0.06365229,0.764072,0.6315497,-0.2588361,-0.05089245,-0.9794961,31.57794
other,0.01104574,-0.01871379,-0.002205286,0.1155777,-0.06435815,0.7638775,0.6316574,-0.2500527,-0.06699667,-0.9792518,31.6778
other,-0.006437677,-0.001269976,-0.0001803945,0.1154771,-0.06548212,0.7631888,0.6323923,-0.2688409,-0.04796413,-0.9773006,31.76171
other,0.001328623,-0.003068299,-0.003012345,0.1146631,-0.06424083,0.7632492,0.6325948,-0.260056,-0.04771984,-0.980716,31.86187
other,-0.005751886,0.009809459,-0.001376152,0.1140658,-0.06280353,0.7629386,0.6332215,-0.2624972,-0.03942344,-0.9794961,31.9785
other,-0.003556592,0.01558613,-0.01753405,0.1120067,-0.06419357,0.763636,0.6326087,-0.2593246,-0.02868885,-0.9975531,32.07813
other,-0.002556399,0.006568016,0.0006238441,0.1119346,-0.06656703,0.7633399,0.6327335,-0.2615201,-0.03405693,-0.9799846,32.17798
other,0.0193202,-0.01465761,0.006515402,0.1102163,-0.06684867,0.76366,0.6326192,-0.2376081,-0.0526009,-0.9755922,32.27782
other,-0.02011452,-0.006488003,-0.0006548661,0.1095494,-0.06597507,0.7647057,0.6315627,-0.2749403,-0.04454879,-0.9831573,32.37798
other,0.002774331,-0.03061835,0.01267245,0.1123049,-0.06570195,0.7651052,0.6306226,-0.2559093,-0.07236475,-0.9685172,32.47802
other,0.01276984,0.01518325,-0.003868125,0.1122355,-0.06756538,0.7638609,0.6319451,-0.2480999,-0.02405208,-0.9846199,32.56171
other,-0.00208786,-0.01809711,0.0115256,0.1129589,-0.06753721,0.763412,0.6323615,-0.2639599,-0.05845599,-0.96876,32.67791
other,-0.0006214615,0.006902327,0.01191343,0.1127439,-0.06799059,0.7637105,0.6319908,-0.26274,-0.03234848,-0.9682729,32.77785
other,0.01791546,-0.005845858,-0.002916945,0.1120523,-0.06706583,0.7634529,0.6325237,-0.2417563,-0.04576866,-0.982913,32.87789
other,-0.01436084,-0.0191062,0.008579485,0.1124236,-0.06657019,0.763122,0.6329093,-0.2739647,-0.06040872,-0.971444,32.97779
other,0.006259908,-0.03196212,0.01391372,0.1126588,-0.06684454,0.7638271,0.6319873,-0.2542008,-0.07285176,-0.9663202,33.0779
other,0.007192392,0.01262045,0.008975964,0.1124301,-0.06631196,0.7641493,0.6316946,-0.2522481,-0.02868885,-0.971444,33.178
other,0.01246341,-0.003497775,-0.03132962,0.1118024,-0.06558472,0.7645063,0.6314499,-0.2451732,-0.04503581,-1.012436,33.27798
other,-0.007761413,0.006371442,0.01181219,0.1118446,-0.06531607,0.7648231,0.6310866,-0.2651813,-0.03551953,-0.9694928,33.37798
other,0.01737012,-0.0145758,0.01266311,0.1108347,-0.06332226,0.7651389,0.6310851,-0.2359012,-0.0582117,-0.9692485,33.47799
other,-0.01061157,-0.00511358,0.007783707,0.1104772,-0.06393457,0.7647505,0.6315567,-0.2639599,-0.04747556,-0.973641,33.57804
other,-0.01048892,-0.02242533,0.009508687,0.1113526,-0.06483096,0.765637,0.6302361,-0.2661569,-0.06406835,-0.9704684,33.67805
other,-0.0004631665,-0.002690173,-0.01327499,0.1114742,-0.06545512,0.7654752,0.6303467,-0.2571292,-0.04357164,-0.9931605,33.76142
other,0.01435982,-0.02108977,-0.02723763,0.1105269,-0.06681177,0.7654352,0.6304197,-0.2427319,-0.05870027,-1.007801,33.86143
other,-0.00640736,0.01478635,0.006390439,0.1087267,-0.06856838,0.7651225,0.6309234,-0.2629843,-0.01795271,-0.9746166,33.96145
other,0.002424945,-0.005024248,0.007342105,0.1073372,-0.06651727,0.7653017,0.6311637,-0.2493214,-0.03918071,-0.9743723,34.06148
other,0.006617561,0.01981366,-0.009875116,0.1089646,-0.06519741,0.764698,0.6317539,-0.2459045,-0.01868401,-0.9912078,34.16151
other,-0.008404342,-0.01279807,0.009001054,0.1122671,-0.06304887,0.7642872,0.6318908,-0.2632286,-0.05894456,-0.971444,34.26153
other,-0.0163912,0.02096931,0.005689672,0.1108793,-0.06376648,0.7654432,0.6306634,-0.250784,-0.04454879,-0.980229,34.36158
other,0.007224338,-0.002628645,-0.002150633,0.1107788,-0.06377376,0.7661642,0.6298043,-0.246393,-0.04503581,-0.9831573,34.4616
other,-0.01041552,-0.002337513,-0.0002111248,0.1109577,-0.06449297,0.7656007,0.6303844,-0.2651813,-0.04406022,-0.9809602,34.56161
other,-0.001920788,-0.03836875,-0.0005971982,0.112802,-0.06417842,0.7656216,0.6300638,-0.2590804,-0.08285661,-0.9804732,34.66163
other,0.01837141,2.785235E-05,-0.004535342,0.1139151,-0.06552676,0.7659675,0.6293039,-0.2422448,-0.04357164,-0.9836443,34.76166
other,-0.003028829,-0.01141491,0.00381989,0.1155713,-0.06629267,0.7655751,0.6293992,-0.2671325,-0.05601624,-0.9743723,34.8617
other,-0.0001030583,0.007130123,-0.01228093,0.1168916,-0.06743128,0.7651708,0.629526,-0.267621,-0.03747227,-0.9895009,34.96174
other,-0.0004268932,-0.0005660242,-0.01232002,0.1171527,-0.06857964,0.7655117,0.6289387,-0.2700608,-0.04357164,-0.989988,35.0618
other,0.006821854,-0.01363071,0.002336085,0.1207509,-0.0673655,0.7675772,0.6258645,-0.2671325,-0.06211562,-0.9746166,35.16183
other,-0.005256093,-0.03450421,0.0352062,0.1228305,-0.06517752,0.768715,0.6242931,-0.2795771,-0.08846897,-0.9407012,35.26184
other,0.0231992,-0.01801523,0.0329484,0.1215721,-0.06559261,0.7688887,0.6242821,-0.2495641,-0.06968071,-0.9428967,35.36187
other,-0.0290672,-0.001372913,0.007064657,0.1198226,-0.06577477,0.7688022,0.6247074,-0.2993409,-0.05064816,-0.9694928,35.46188
other,0.008619235,0.008676627,-0.01782803,0.1172924,-0.06623639,0.7683246,0.6257257,-0.2583491,-0.03698369,-0.9956003,35.56162
other,-0.02169815,0.01456119,-0.007843417,0.115315,-0.06942048,0.7667797,0.6276402,-0.2895803,-0.02429637,-0.9858397,35.67775
other,0.0005535826,-0.01940935,-0.004474659,0.1139009,-0.06889654,0.7682475,0.6261594,-0.2646927,-0.05674754,-0.9836443,35.76148
other,-0.006179946,-0.002707167,-0.001447532,0.1110298,-0.06918111,0.7677942,0.6271989,-0.2673768,-0.03625239,-0.9819359,35.86137
other,0.02303475,-0.005658431,-0.01284856,0.1082248,-0.07061447,0.7639666,0.6321835,-0.2354126,-0.03503252,-0.9938918,35.97793
other,0.00250515,0.04835869,-0.01316267,0.1068693,-0.07375236,0.7642228,0.6317461,-0.2578605,0.02572319,-0.9938918,36.07785
other,0.001019302,-0.00505025,0.007057169,0.110436,-0.07266897,0.7654313,0.629792,-0.2634729,-0.03332407,-0.9724211,36.16172
other,-0.00947132,0.02678797,0.01680936,0.1116657,-0.07155053,0.7660068,0.629003,-0.2744533,-0.004532522,-0.9624163,36.26167
other,-0.008813391,-0.008718458,-0.01068042,0.11375,-0.0689896,0.7681495,0.6262968,-0.2739647,-0.04576866,-0.989988,36.36158
other,0.008949853,-0.006205176,-0.004997949,0.1151747,-0.06678064,0.7694224,0.6247115,-0.255665,-0.04796413,-0.9841329,36.46153
other,0.01170257,-0.01761321,0.03227311,0.1148091,-0.06478574,0.7699095,0.6243885,-0.2498084,-0.06187288,-0.9472892,36.5615
other,0.01688736,-0.00174638,0.001296993,0.1128844,-0.0652821,0.7693657,0.6253573,-0.2422448,-0.04308463,-0.9790091,36.66157
other,0.01617057,0.005256117,-0.0123314,0.1122092,-0.06438556,0.7692003,0.6257752,-0.2407807,-0.03674097,-0.9931605,36.7616
other,-0.03313132,0.00599128,-0.002044342,0.1119571,-0.06371077,0.7692584,0.6258178,-0.2888491,-0.03674097,-0.9831573,36.87779
other,0.002586643,0.04046915,-0.02889512,0.1110033,-0.06452127,0.7690635,0.6261442,-0.2527367,0.0001042495,-1.010485,36.96156
other,0.001002211,-0.009952486,0.02285769,0.110635,-0.06377419,0.7682341,0.627303,-0.2527367,-0.05137947,-0.9590009,37.0618
other,-0.001444736,0.006335497,-0.0007808991,0.1083617,-0.06582242,0.7678873,0.6279126,-0.2542008,-0.02917587,-0.982913,37.16209
other,-0.004714715,-0.0257106,-0.008224045,0.1095443,-0.06772616,0.7684882,0.6267688,-0.2617644,-0.05943158,-0.9895009,37.27774
other,0.001688585,-0.0006221635,-0.003784395,0.1113919,-0.06872559,0.7685332,0.6262789,-0.2595689,-0.03503252,-0.9843771,37.3776
other,0.01215536,0.004079086,0.001074393,0.110824,-0.07010203,0.7685164,0.6262478,-0.2500527,-0.02746742,-0.9797404,37.4776
other,0.009600027,0.008480308,0.02005355,0.1114059,-0.06972659,0.7686239,0.6260545,-0.2527367,-0.02429637,-0.959488,37.57759
other,-0.0006288037,-0.003241455,-0.02624939,0.1100258,-0.06817608,0.7675239,0.6278164,-0.2588361,-0.03722798,-1.006825,37.67784
other,-0.02844058,0.02612843,0.04411604,0.1096394,-0.06945767,0.7665603,0.6289198,-0.2876292,-0.005752397,-0.9363087,37.77794
other,0.03697669,-0.007409814,-0.003438485,0.1070951,-0.06822468,0.7662324,0.6298921,-0.2166243,-0.03820357,-0.9848642,37.87831
other,-0.0009545592,-0.0003249168,-0.02806024,0.1056911,-0.06843328,0.7665358,0.6297374,-0.2527367,-0.02893158,-1.01024,37.97783
other,0.001405983,0.0285072,-0.002376248,0.1047674,-0.06734099,0.7666627,0.629855,-0.2476129,-0.0006286092,-0.9853528,38.07785
other,0.0144566,-0.002154879,0.01513826,0.1040232,-0.06525552,0.7674985,0.6291796,-0.2307774,-0.03332407,-0.9685172,38.16143
other,-0.01344474,0.00194686,0.01200708,0.1025399,-0.06482423,0.7684067,0.6283586,-0.2559093,-0.02771171,-0.9724211,38.27787
other,0.002986818,0.01903495,0.01357899,0.1016589,-0.0638458,0.7682878,0.6287472,-0.2368768,-0.01112047,-0.971444,38.36162
other,0.01995341,-0.007002586,-0.001776327,0.1006939,-0.06158422,0.7685947,0.628753,-0.2156488,-0.03942344,-0.9880368,38.46139
other,-0.007160933,-0.01383838,0.0158224,0.09985747,-0.06106957,0.7686288,0.6288948,-0.2407807,-0.04601295,-0.9707127,38.56199
other,-0.008770163,-0.00532007,0.004410475,0.09950393,-0.06197347,0.7689102,0.6285185,-0.2429761,-0.03551953,-0.9819359,38.66132
other,-0.006727694,-0.01583516,-0.001278905,0.1021731,-0.06352333,0.7680131,0.629032,-0.2468801,-0.04723283,-0.9858397,38.7618
other,-0.03172884,-0.02385585,0.001629774,0.105342,-0.06724513,0.7654729,0.631215,-0.2812839,-0.05430779,-0.9804732,38.86135
other,0.02884265,0.02181409,-0.02871015,0.1059312,-0.07383796,0.7620866,0.6344687,-0.2300445,-0.000384323,-1.009509,38.97805
other,-0.01189318,-0.00372659,-0.03351341,0.1054963,-0.07521987,0.76184,0.634675,-0.272012,-0.02332078,-1.014633,39.06144
other,0.02186894,-0.00849579,0.01839022,0.1045426,-0.07430347,0.7627725,0.6338201,-0.2356569,-0.02795599,-0.9633918,39.16151
other,-0.0003053821,-0.01194432,0.02637961,0.1046197,-0.07284153,0.7645662,0.6318128,-0.256152,-0.03405693,-0.955097,39.26156
other,-0.0144337,-0.01142605,0.01063258,0.1062282,-0.07398136,0.7643538,0.6316689,-0.2739647,-0.03283549,-0.9697371,39.37779
other,0.0001302633,-0.00399075,-0.01133957,0.1072672,-0.07458752,0.7637171,0.632192,-0.2617644,-0.02600482,-0.9912078,39.46161
other,0.003671126,-0.02083874,0.009353772,0.1084871,-0.07384178,0.763757,0.6320231,-0.2590804,-0.04552438,-0.9699798,39.56139
other,0.02437932,-0.009583634,-0.0001477193,0.1068407,-0.06945831,0.7647944,0.6315458,-0.2302888,-0.03869214,-0.9812045,39.66134
other,-0.0316263,0.01814238,-0.01511891,0.1090108,-0.06680805,0.7669381,0.6288555,-0.2864093,-0.01697556,-0.9960889,39.7613
other,-0.008838893,-0.01915968,-0.008977326,0.1099667,-0.06332681,0.7684457,0.6272067,-0.260056,-0.06016444,-0.9909651,39.8779
other,-0.008972074,0.009856855,-0.01070824,0.1083297,-0.06316184,0.7688823,0.6269732,-0.2583491,-0.02942016,-0.9934049,39.96132
other,0.007095923,-0.006702716,-0.003596804,0.1105253,-0.06040659,0.7694017,0.6262237,-0.2422448,-0.05284363,-0.986084,40.06141
other,-0.004335887,0.01584949,-0.002746762,0.1132578,-0.05840633,0.7696146,0.6256635,-0.2554207,-0.03674097,-0.9846199,40.16145
other,-0.00283443,-0.01031945,0.009317012,0.1132571,-0.05832546,0.7688492,0.6266115,-0.2537123,-0.06333549,-0.9724211,40.26141
other,-0.0102945,-0.0002558223,0.01537603,0.1116012,-0.061112,0.7684004,0.6271932,-0.2620087,-0.04698854,-0.9660759,40.36142
other,-0.00591818,0.02758223,0.0149071,0.1111786,-0.062456,0.7684046,0.6271307,-0.2466373,-0.02624755,-0.986084,40.47789
other,-0.01677336,-0.001673256,0.01271621,0.1125033,-0.06107255,0.7693419,0.6258804,-0.2698165,-0.049184,-0.9680287,40.56132
other,0.0168701,-0.0008243992,0.004399778,0.1106969,-0.06108282,0.7695717,0.6259189,-0.2334599,-0.04601295,-0.9773006,40.67779
other,-0.004693904,-0.01461678,0.0007983065,0.1090223,-0.06188013,0.7689306,0.6269216,-0.253468,-0.05674754,-0.9816931,40.76134
other,-0.005576865,-0.01990551,0.003782353,0.1066501,-0.06158899,0.7686454,0.6277075,-0.250297,-0.05967586,-0.9797404,40.86149
other,-0.008469936,0.003535997,0.0006097432,0.1063502,-0.06272317,0.7686959,0.6275843,-0.2542008,-0.03405693,-0.982913,40.96172
other,0.01195352,-0.004358618,0.003690843,0.1092243,-0.06174561,0.7676104,0.6285155,-0.2368768,-0.04747556,-0.9787648,41.06147
other,-0.01605428,-0.01643604,0.0007384019,0.1113038,-0.06145776,0.7676114,0.6281776,-0.2678653,-0.06260419,-0.9814488,41.17768
other,0.02941571,-0.01128516,-0.02410022,0.1112494,-0.06343941,0.7681113,0.6273786,-0.2249207,-0.05406351,-1.006092,41.2619
other,-0.006771626,-0.00920057,-0.003202075,0.1118982,-0.06466486,0.7680113,0.6272606,-0.2637171,-0.05089245,-0.9848642,41.37777
other,-0.004244109,-0.02147372,0.01136048,0.1121673,-0.06446087,0.7679762,0.6272766,-0.2612774,-0.06382407,-0.9699798,41.47791
other,-0.01201731,0.01945512,0.01161799,0.1117351,-0.06664377,0.7667299,0.6286487,-0.2710364,-0.01941687,-0.9692485,41.57782
other,0.004329736,0.03403044,-0.01836222,0.1118935,-0.06643445,0.7658253,0.6297444,-0.2546879,-0.005752397,-0.9995042,41.67772
other,0.009611283,-0.02424815,0.03472016,0.1117444,-0.06153738,0.7674524,0.6282859,-0.2429761,-0.07090058,-0.9472892,41.77762
other,0.0174072,0.009995391,0.002738107,0.1098004,-0.06061002,0.7679392,0.6281239,-0.2310201,-0.03551953,-0.980229,41.86139
other,-0.02844415,0.01166323,-0.01096225,0.110265,-0.05887582,0.7684016,0.6276419,-0.2754289,-0.03698369,-0.9941362,41.97762
other,-0.009424422,-0.02768162,0.005428465,0.1099379,-0.05557615,0.768391,0.628013,-0.2517611,-0.08114816,-0.9787648,42.07785
other,0.002662813,-0.0108535,0.02571259,0.1071092,-0.05451917,0.7687014,0.6282144,-0.2339484,-0.0623599,-0.9597322,42.16126
other,-0.00927731,-0.002853777,0.02626709,0.1048557,-0.05485125,0.7684059,0.6289269,-0.2427319,-0.05113674,-0.9597322,42.26154
other,0.0161896,-0.0008489725,0.01890087,0.1058355,-0.05631912,0.7678991,0.6292519,-0.2205282,-0.04820842,-0.9660759,42.36179
other,-0.006985838,0.001192971,-0.02246442,0.1078757,-0.05897724,0.7678242,0.6287531,-0.250297,-0.04454879,-1.006336,42.46203
other,-0.004211166,-0.0164227,-0.02905703,0.110183,-0.06095886,0.7679256,0.6280398,-0.2537123,-0.06187288,-1.011949,42.56156
other,0.002767451,0.006947313,0.01176765,0.1103185,-0.06171767,0.7679033,0.6279691,-0.2478572,-0.03747227,-0.9707127,42.66161
other,0.004120969,0.02574393,0.01957752,0.1102218,-0.06236023,0.7686636,0.6269917,-0.2471243,-0.01721985,-0.9624163,42.76176
other,-0.006500767,-0.003988688,0.01193142,0.11017,-0.06354703,0.7685719,0.6269941,-0.2590804,-0.04503581,-0.9694928,42.8619
other,-0.01449621,-0.003167799,0.01248262,0.1103128,-0.06549509,0.7671722,0.628481,-0.2695722,-0.04186475,-0.9680287,42.96153
other,-0.006810695,-0.01894342,0.02266941,0.1110564,-0.06592286,0.7666653,0.6289236,-0.26274,-0.05796897,-0.9543642,43.06149
other,-0.00776224,-0.00699405,-0.01009898,0.1109319,-0.06594827,0.7661943,0.6295167,-0.2634729,-0.04601295,-0.9870612,43.16149
other,0.001202152,-0.02155495,-0.01550226,0.1099531,-0.0643165,0.7669567,0.6289285,-0.2510282,-0.0616286,-0.9934049,43.26148
other,0.003967075,0.01199406,0.01770881,0.1081293,-0.06335624,0.7660085,0.6304958,-0.244196,-0.02771171,-0.9611964,43.36143
other,0.0190024,-0.003910118,0.002360688,0.1064853,-0.06127055,0.7662179,0.6307272,-0.2368768,-0.03381264,-0.9665645,43.46138
other,0.001105925,0.007842031,-0.002874448,0.107382,-0.05895325,0.766929,0.6299314,-0.2402921,-0.03747227,-0.9826687,43.56186
other,-0.003669497,-0.002535154,0.005121745,0.1094668,-0.05823183,0.7673783,0.6290919,-0.2473686,-0.05137947,-0.9738837,43.66204
other,0.01479536,0.01411476,-0.02043534,0.1080745,-0.05862119,0.7669442,0.6298254,-0.2273605,-0.03259277,-1.00048,43.76221
other,0.006223416,-0.0005210502,-0.002636969,0.1074896,-0.05909476,0.7669377,0.6298891,-0.2356569,-0.04576866,-0.982913,43.86134
other,0.0004826404,-0.01771648,-0.007554883,0.1086672,-0.05890529,0.7673439,0.6292098,-0.2429761,-0.06455692,-0.9873039,43.9618
other,0.008831551,0.0174508,0.008101318,0.110115,-0.0601464,0.7656291,0.6309273,-0.2383409,-0.02990873,-0.970957,44.06142
other,0.007229055,-0.006680979,0.0100559,0.1114264,-0.06211752,0.7654415,0.6307335,-0.244196,-0.0526009,-0.9670531,44.16153
other,-0.02757401,-0.008164368,0.0004621211,0.1123268,-0.06361776,0.7647455,0.6312684,-0.2820168,-0.05308792,-0.9751052,44.26161
other,0.004688264,0.005221546,0.005483118,0.1114886,-0.06420957,0.7647424,0.6313609,-0.2490771,-0.03771655,-0.9697371,44.36171
other,0.00660098,-0.003803346,0.002092382,0.1117077,-0.05945947,0.7674603,0.6284828,-0.241512,-0.0533322,-0.9733967,44.46182
other,-0.02421597,-0.03161931,0.01014167,0.1146559,-0.05441613,0.7682003,0.6275039,-0.2705494,-0.09237288,-0.9651003,44.56196
other,0.009247942,-0.002336382,-0.004643481,0.1126162,-0.05575907,0.7676855,0.6283849,-0.2356569,-0.05870027,-0.980716,44.66146
other,-0.001956113,0.0250342,-0.009539125,0.1084779,-0.0590794,0.7668567,0.6298198,-0.2446846,-0.02136805,-0.9868169,44.76141
other,0.01198206,-0.01405359,-0.008538933,0.1084918,-0.05985868,0.7670167,0.6295489,-0.231753,-0.05918885,-0.985597,44.86124
other,-0.003365938,-0.01680997,0.006791294,0.1082999,-0.06048203,0.7672271,0.629266,-0.2476129,-0.06065146,-0.9702241,44.96142
other,0.005551386,-0.01617889,0.03288519,0.1071162,-0.05948307,0.7676513,0.6290464,-0.2354126,-0.05992015,-0.9438723,45.0777
other,0.02128949,0.002845471,0.009220542,0.1048885,-0.0617942,0.7663276,0.6308105,-0.2190641,-0.03503252,-0.9677843,45.17812
other,-0.01219131,-0.00143599,-0.02710838,0.1054839,-0.06387129,0.7665096,0.630283,-0.256152,-0.03674097,-1.003652,45.26149
other,0.0143427,-0.008404354,-0.007575791,0.1066125,-0.0635796,0.7666135,0.6299961,-0.2310201,-0.04552438,-0.9838886,45.36155
other,0.002881328,0.005812751,-0.01608283,0.1058919,-0.06434921,0.7661422,0.6306125,-0.2424891,-0.02942016,-0.9931605,45.4616
other,0.003107332,0.001825741,-0.01524154,0.1051874,-0.06605469,0.7661527,0.6305414,-0.243709,-0.02990873,-0.9936491,45.56168
other,-0.01481661,-0.008474801,0.0009021671,0.1060873,-0.06667243,0.7666989,0.6296611,-0.2639599,-0.0401563,-0.9775449,45.66175
other,0.005098576,0.005589008,-0.01626196,0.1062201,-0.06805468,0.7656171,0.6308061,-0.2461488,-0.02454066,-0.9951118,45.76185
other,-0.01716337,0.01949489,0.004179804,0.1071478,-0.07086623,0.7642241,0.6320276,-0.2734761,-0.007947861,-0.974128,45.86193
other,0.01434428,-0.03312173,0.01119098,0.1073018,-0.07017011,0.7641509,0.6321676,-0.2412692,-0.06187288,-0.9670531,45.96201
other,-0.01215993,0.01248594,-0.0006682863,0.1068874,-0.07117739,0.7644283,0.6317897,-0.2683523,-0.01404879,-0.9785205,46.06134
other,-0.02228008,0.01351097,-0.01183563,0.1094212,-0.07204931,0.7644789,0.6311957,-0.283481,-0.0147801,-0.9885238,46.16161
other,0.002946071,0.03737136,-0.008681984,0.1132016,-0.07263642,0.764864,0.629994,-0.264937,0.005472323,-0.9841329,46.26176
other,-0.009452866,-0.01970064,0.03355367,0.1124651,-0.0697865,0.764568,0.6308067,-0.2725005,-0.05528494,-0.9426524,46.36191
other,0.02851969,0.03452554,0.05261238,0.1110954,-0.0687869,0.7669944,0.6282083,-0.2310201,0.0001042495,-0.9233772,46.46207
other,0.02132173,-0.02216947,0.01909955,0.1115227,-0.06807027,0.7676104,0.6274579,-0.2378523,-0.05796897,-0.9563169,46.56147
other,0.01344024,0.003018843,-0.03635032,0.1112471,-0.06981001,0.7671576,0.6278693,-0.2476129,-0.02990873,-1.011949,46.66176
other,-0.01819947,-0.0151101,0.002499558,0.1115813,-0.06959356,0.7668282,0.6282362,-0.2795771,-0.04893972,-0.9733967,46.76208
other,0.01414412,2.682214E-05,0.02403808,0.11137,-0.0693886,0.7669488,0.6281493,-0.2466373,-0.03381264,-0.9519244,46.86166
other,-0.02188674,0.013319,-0.008283949,0.1112842,-0.06989996,0.7668474,0.6282315,-0.2832367,-0.0196596,-0.9843771,46.96148
other,0.01319168,-0.005583657,-0.01437574,0.1116729,-0.0695079,0.7668508,0.628202,-0.2483442,-0.03966773,-0.9907208,47.06152
other,0.03531033,0.0009982721,0.04173036,0.1127431,-0.06998945,0.7675581,0.6270925,-0.2283361,-0.03332407,-0.9333804,47.16153
other,0.005878625,-0.003042902,0.002607211,0.1134023,-0.06967985,0.7686138,0.6257136,-0.2583491,-0.03820357,-0.9719325,47.26155
other,-0.01450365,-0.01722344,-0.01761876,0.112236,-0.06827714,0.7688841,0.6257464,-0.2754289,-0.05308792,-0.9938918,47.36157
other,0.01567847,0.003774536,0.003992213,0.1097787,-0.06720265,0.7674114,0.6281021,-0.2400494,-0.03137289,-0.973641,47.46159
other,-0.004780163,0.005210089,0.01188406,0.1084833,-0.06562452,0.7678169,0.6279984,-0.2563963,-0.03064003,-0.9660759,47.56157
other,0.02653263,0.01189994,0.002433429,0.1080271,-0.06653452,0.7674213,0.6284647,-0.2254093,-0.0221009,-0.9751052,47.66158
other,0.005203214,-0.003464948,-0.008421263,0.1084154,-0.0661507,0.7670791,0.6288559,-0.2468801,-0.03869214,-0.986084,47.76159
other,-0.0003987886,0.002369632,-0.007494881,0.1074674,-0.06729409,0.7670396,0.6289455,-0.2524924,-0.02990873,-0.9853528,47.86159
other,-0.0002058977,0.01470904,-0.03691679,0.1088516,-0.06965318,0.7667836,0.6287628,-0.2581048,-0.01575569,-1.016341,47.9616
other,0.01194727,-0.004215093,-0.04812167,0.1140925,-0.07291745,0.7662476,0.6281167,-0.2583491,-0.03625239,-1.025369,48.06163
other,0.006847284,-0.01062512,0.05051931,0.1177507,-0.07229156,0.765533,0.6283851,-0.2681081,-0.0484527,-0.9248397,48.16151
other,-0.007339139,-0.01701292,0.05612049,0.1170328,-0.0701239,0.7662961,0.6278346,-0.2781129,-0.05699183,-0.9187404,48.26193
other,-0.01211259,-0.0174173,-0.02386926,0.1179747,-0.06918837,0.7676743,0.6260759,-0.2832367,-0.05943158,-0.9985287,48.3622
other,-0.01084463,-0.03916929,0.009516466,0.1198121,-0.07024969,0.7668648,0.6266006,-0.286165,-0.08212375,-0.964369,48.46222
other,0.03052129,0.001916898,0.01016229,0.1176082,-0.07141283,0.7657267,0.6282762,-0.2427319,-0.03698369,-0.9641247,48.57809
other,-0.02115641,-0.01845751,0.01193317,0.1168719,-0.07047948,0.7655979,0.6286759,-0.2920201,-0.05796897,-0.9626606,48.66133
other,0.01048245,0.002942245,-0.004231832,0.1166053,-0.0701315,0.7662769,0.6279367,-0.2595689,-0.03649668,-0.9790091,48.7614
other,-0.006540079,0.0001024414,0.002467272,0.1158429,-0.07051456,0.7659021,0.6284919,-0.2759159,-0.03796084,-0.9726639,48.86166
other,-0.008558236,0.0005314679,0.002141686,0.1152301,-0.06963474,0.7664617,0.6280203,-0.2761602,-0.03796084,-0.9743723,48.9617
other,0.01595509,-0.01936083,-0.02261068,0.1160933,-0.06732392,0.767107,0.6273251,-0.2505412,-0.0623599,-1.000968,49.06174
other,-0.01019949,-0.004767016,0.02994724,0.1187745,-0.06450238,0.7682568,0.6257105,-0.27738,-0.05504065,-0.9480205,49.16178
other,0.009087143,-0.01631546,0.03597942,0.118259,-0.06577812,0.7667231,0.6275538,-0.2585934,-0.06455692,-0.9411883,49.26179
other,0.01253285,0.02502758,0.005168911,0.1157968,-0.07076003,0.766646,0.6275651,-0.2576162,-0.01234035,-0.9716883,49.36182
other,-0.0009833203,0.02950193,0.01903196,0.1167077,-0.07185405,0.7667525,0.6271419,-0.2739647,-0.007216558,-0.9572925,49.46185
other,0.01688364,0.01257566,0.009386932,0.1144601,-0.07146737,0.7664494,0.6279703,-0.2520038,-0.0221009,-0.9675401,49.56188
other,-0.01908309,-0.006808361,0.003958468,0.1115062,-0.07326917,0.7663543,0.62841,-0.2856764,-0.03503252,-0.973641,49.66191
other,0.007949077,-0.01978414,0.001836912,0.1119599,-0.07307541,0.7661985,0.6285418,-0.2590804,-0.04893972,-0.9755922,49.76192
other,-0.01197671,-0.0117001,-0.005137694,0.1108896,-0.07232463,0.7663695,0.6286099,-0.2764044,-0.04064488,-0.9831573,49.86147
other,-0.005006725,-0.04192342,0.004407655,0.1097387,-0.07378054,0.7667385,0.6281926,-0.2695722,-0.06699667,-0.9738837,49.96129
other,-0.01977865,0.03854915,0.05346339,0.107664,-0.07648993,0.7656446,0.6295602,-0.2844566,0.0198681,-0.924597,50.06134
other,0.01575313,0.007425904,-0.0009700459,0.1091292,-0.07486843,0.7653351,0.6298792,-0.2490771,-0.01575569,-0.9787648,50.17812
other,0.02114411,0.01889971,-0.01842776,0.1099767,-0.07714869,0.7639336,0.6311566,-0.2478572,-0.002335501,-0.995356,50.26149
other,0.02088084,-0.01402036,-0.01083865,0.1113302,-0.07815782,0.7640978,0.6305962,-0.2515168,-0.0352768,-0.9870612,50.36153
other,0.006179557,-0.0439694,0.01794648,0.1135779,-0.07812785,0.7631702,0.6313219,-0.2695722,-0.06846084,-0.9572925,50.46159
other,-0.0002146743,0.00727611,0.008484961,0.1130779,-0.07952391,0.7628394,0.6316371,-0.276893,-0.01453581,-0.9663202,50.56161
other,-0.01462698,-0.01667811,0.03911964,0.1154977,-0.08233125,0.7629864,0.6306612,-0.2983653,-0.03698369,-0.9331362,50.66167
other,-0.01100168,0.005496166,-0.02388054,0.1163133,-0.08492897,0.761646,0.6317861,-0.2993409,-0.01234035,-0.995356,50.76171
other,-0.02084653,-0.003275323,0.03425813,0.1165426,-0.08503402,0.7618673,0.6314628,-0.3095885,-0.02112376,-0.9367958,50.86176
other,0.00624148,0.01844435,-0.01070882,0.1159897,-0.08513785,0.7616044,0.6318676,-0.2817725,0.001324125,-0.9819359,50.9618
other,-0.00995943,0.01622954,0.00970007,0.1158179,-0.08492898,0.76189,0.6315829,-0.2973882,-0.0008728955,-0.9614407,51.06184
other,0.00799048,0.008028842,0.003902551,0.1148036,-0.08337858,0.7626804,0.6310204,-0.2759159,-0.009900595,-0.9680287,51.16143
other,0.0003503106,-0.01013418,0.007529599,0.1153614,-0.08322877,0.7633421,0.6301377,-0.2842123,-0.02868885,-0.9641247,51.26122
other,0.001090973,-0.008659853,-0.006303305,0.1168278,-0.08218554,0.7639492,0.6292681,-0.2844566,-0.03039575,-0.9777892,51.37774
other,0.0003733583,-0.02284892,-0.008769701,0.1171843,-0.08195306,0.7636575,0.6295862,-0.2854322,-0.04552438,-0.980229,51.46129
other,-0.004068674,-0.02122301,0.0178362,0.1175902,-0.08309339,0.7636791,0.6293347,-0.2920201,-0.04259605,-0.9533886,51.56164
other,0.005017155,-0.009612435,0.02646003,0.1170184,-0.08290727,0.7640613,0.6290019,-0.2817725,-0.03039575,-0.9448479,51.6618
other,-0.02281925,-0.01676773,0.0009652808,0.1178719,-0.0814817,0.7650417,0.6278361,-0.3090999,-0.04040059,-0.9702241,51.76195
other,0.007852389,0.01102244,-0.03460541,0.1180613,-0.07923684,0.7658988,0.6270424,-0.2759159,-0.01599997,-1.006336,51.86149
other,-0.008525367,-0.006879543,0.007033052,0.1186585,-0.0808943,0.7656822,0.6269825,-0.2951927,-0.03210419,-0.9636362,51.96155
other,0.0293831,0.0116326,0.01084302,0.1173593,-0.08309432,0.7648168,0.6279948,-0.2581048,-0.00892345,-0.9599766,52.06151
other,-0.02660265,-0.003414619,0.03104565,0.1180273,-0.08452448,0.7652192,0.627188,-0.3169093,-0.02234364,-0.9389928,52.16145
other,0.02406725,-0.01461726,0.020154,0.1176196,-0.0848778,0.7649726,0.6275176,-0.2659126,-0.03259277,-0.9494846,52.26139
other,0.0006533344,0.005550495,-0.01204889,0.1156287,-0.08470552,0.765221,0.627608,-0.286165,-0.01014488,-0.982913,52.36142
other,6.785459E-05,-0.03397859,0.008037621,0.1139894,-0.08215569,0.7648175,0.6287376,-0.2810412,-0.05186804,-0.964369,52.46112
other,-0.01063153,-0.01468349,0.0006228716,0.1115633,-0.08093427,0.7645608,0.6296428,-0.2864093,-0.03161562,-0.9729081,52.57853
other,0.0108173,-0.02276663,-0.01898596,0.1124612,-0.08079991,0.7643045,0.6298115,-0.2661569,-0.04113189,-0.992185,52.66237
other,0.008421506,0.03828643,-0.01668246,0.1135856,-0.0829247,0.7630806,0.6308168,-0.2729891,0.02133226,-0.9890124,52.76148
other,0.008439254,-0.02144138,-0.01689066,0.1152064,-0.08267402,0.7634175,0.6301478,-0.2751846,-0.04064488,-0.9887681,52.86138
other,-0.02027848,-0.006899583,0.007774469,0.1162921,-0.08221382,0.7638795,0.6294482,-0.3049533,-0.02795599,-0.9636362,52.96127
other,0.005345537,-0.0003302867,0.01935901,0.1166922,-0.08277046,0.7635977,0.6296432,-0.2805527,-0.02112376,-0.9514359,53.06142
other,0.001960878,0.03403981,-0.01749379,0.1159153,-0.08237959,0.763459,0.630006,-0.2822611,0.01352443,-0.9887681,53.16167
other,-0.00224934,-0.003103997,0.006173674,0.1172296,-0.08047197,0.7641129,0.629216,-0.286165,-0.02795599,-0.9653446,53.26178
other,0.007954839,-0.001225649,0.01640744,0.1178122,-0.07884286,0.7650419,0.6281838,-0.274696,-0.02893158,-0.9548528,53.36192
other,-0.001822203,-0.01394127,-0.00178294,0.1179759,-0.08041692,0.7643678,0.6287739,-0.286652,-0.03966773,-0.9724211,53.46205
other,-0.01152543,-0.01968587,0.01078818,0.1173785,-0.08141438,0.7638704,0.6293616,-0.2966569,-0.04332891,-0.9597322,53.56154
other,-0.003580369,-0.01190041,0.009300869,0.115432,-0.08102244,0.7642955,0.6292561,-0.2851879,-0.03356836,-0.9619277,53.66144
other,-0.007090866,-0.0006642003,-0.009378862,0.1154331,-0.08070465,0.7659343,0.6273011,-0.2883605,-0.0221009,-0.980716,53.76143
other,-0.002723471,0.005157817,-0.01578068,0.1173156,-0.07962099,0.7668324,0.6259918,-0.2856764,-0.01990388,-0.9870612,53.8614
other,0.01543273,0.01843733,-0.0387714,0.1198726,-0.07912514,0.767196,0.625124,-0.2710364,-0.0352768,-0.9934049,53.9614
other,-0.0239022,-0.01961518,0.04335118,0.1218352,-0.07919146,0.7667968,0.625226,-0.3132481,-0.05089245,-0.9260612,54.0614
other,0.002189921,-0.008279361,0.01187803,0.1201432,-0.07732936,0.7673572,0.6250989,-0.2820168,-0.0401563,-0.9580238,54.16139
other,-0.02986142,-0.008622541,0.01320459,0.1202035,-0.07824405,0.7672157,0.6251472,-0.3152008,-0.03918071,-0.9560726,54.26139
other,0.02221092,-0.00895067,-0.01448505,0.1208835,-0.07858167,0.7675306,0.624587,-0.2646927,-0.03966773,-0.9836443,54.36137
other,-0.01095549,0.01369404,-0.002663615,0.1208014,-0.07725807,0.7682726,0.6238553,-0.2961683,-0.01868401,-0.9724211,54.46136
other,0.01673205,0.004406829,0.006597577,0.1188709,-0.07676812,0.7681959,0.6243808,-0.2642041,-0.02576053,-0.9646118,54.56135
other,0.003666433,-0.005424052,-0.001033646,0.1171141,-0.07646157,0.7678041,0.6252317,-0.2749403,-0.03478823,-0.9729081,54.66134
other,-0.006088947,0.01051866,-0.04169953,0.1198265,-0.07701661,0.7670797,0.6255388,-0.2895803,-0.02161233,-1.012436,54.76172
other,-0.01600002,-0.004388649,0.005570933,0.1175942,-0.07829778,0.7657887,0.6273824,-0.2976325,-0.03234848,-0.9658332,54.86119
other,0.02897741,0.02220961,0.003681118,0.110987,-0.08355199,0.7650795,0.6287721,-0.2490771,0.01035182,-0.96876,54.96137
other,-0.01545794,-0.0042072,-0.003920055,0.1119693,-0.08388267,0.7656745,0.6278289,-0.295437,-0.01648854,-0.9758365,55.06152
other,0.01744595,-0.006059649,-0.006594173,0.1176385,-0.08318578,0.7670559,0.6251932,-0.290556,-0.04113189,-0.9751052,55.16153
other,0.01183427,0.01558324,-0.007178243,0.1194538,-0.08468765,0.7668602,0.6248873,-0.2805527,-0.004043949,-0.9753479,55.26154
other,-0.002338346,-0.01611506,-0.006272672,0.1188383,-0.08859799,0.7650261,0.626708,-0.2986081,-0.02966444,-0.9733967,55.36166
other,-0.01329337,0.02223673,0.006447815,0.1162522,-0.0915489,0.7643691,0.6275701,-0.3093442,0.01620847,-0.9609521,55.46149
other,0.01878719,-0.0118782,0.02143524,0.1161991,-0.09011826,0.7653145,0.6266341,-0.2754289,-0.0196596,-0.9465563,55.56161
other,-0.001313209,-0.03183906,0.02628761,0.1176586,-0.08537129,0.7663018,0.6258193,-0.2917774,-0.0484527,-0.9424081,55.66145
other,0.0006520945,-0.03055364,-0.009304758,0.1190249,-0.08419839,0.7659249,0.6261811,-0.283481,-0.000384323,-0.9753479,55.76131
other,0.0009006354,0.02346037,-0.03883412,0.1197215,-0.08527624,0.7664472,0.6252626,-0.2925087,0.004252448,-1.006336,55.86175
other,0.01282919,-0.00326267,-0.01900551,0.1204991,-0.08475698,0.7668692,0.6246662,-0.2812839,-0.02405208,-0.9868169,55.96209
other,0.003302216,-0.01643872,0.001190409,0.1209856,-0.08337159,0.7670871,0.624491,-0.2898246,-0.03991202,-0.9668087,56.06152
other,-0.01095795,-0.01197589,-0.02400083,0.1205349,-0.08241802,0.7674361,0.6242759,-0.3022692,-0.03625239,-0.992672,56.1615
other,-0.006923332,-0.0006746515,0.007100736,0.1196501,-0.08303957,0.7675536,0.6242193,-0.2976325,-0.02283221,-0.961685,56.26156
other,0.02552966,0.01678245,0.007987733,0.1186323,-0.08350827,0.7666801,0.6254234,-0.2642041,-0.003799663,-0.9611964,56.36163
other,-0.003392219,0.0006951069,-0.005591257,0.1182393,-0.08420584,0.7658736,0.6263916,-0.2934843,-0.01868401,-0.9751052,56.4617
other,-0.009181278,-0.002034188,0.004768736,0.1189969,-0.08346731,0.7662885,0.6258394,-0.2995852,-0.02332078,-0.964856,56.56179
other,-0.009333762,-0.01644757,0.007485448,0.1196024,-0.08229354,0.7661245,0.62608,-0.2990966,-0.04040059,-0.9619277,56.66185
other,0.006020266,-0.01701639,0.02758791,0.1190859,-0.08088439,0.765551,0.627063,-0.2812839,-0.04284034,-0.9428967,56.76192
other,0.003398005,-0.002869854,0.01224728,0.1194405,-0.08189764,0.7661917,0.6260806,-0.2856764,-0.02722469,-0.9575368,56.862
other,-0.01276906,0.0124213,0.01093132,0.1235971,-0.08616128,0.7648492,0.6263431,-0.3132481,-0.01087618,-0.9548528,56.96208
other,-0.01304172,-0.01126033,-0.007836221,0.1231581,-0.08712388,0.7641797,0.6271132,-0.3142253,-0.03283549,-0.974128,57.06214
other,0.03341427,0.01924741,-0.002719435,0.1193488,-0.08788529,0.7641506,0.6277786,-0.2629843,0.003519589,-0.9707127,57.16168
other,0.01079277,-0.01071002,0.001520371,0.1195535,-0.08632839,0.7651277,0.6267647,-0.283968,-0.02868885,-0.9668087,57.26111
other,-0.03061626,-0.01526885,0.001859182,0.1201633,-0.08349553,0.7657051,0.6263266,-0.3227644,-0.03820357,-0.9670531,57.37813
other,4.911009E-05,0.00157092,0.01192802,0.1192806,-0.08182288,0.7653798,0.6271132,-0.2886048,-0.02307649,-0.9577811,57.46142
other,0.008966385,-0.003958107,-0.003903134,0.1182985,-0.08018726,0.7655537,0.6272981,-0.2761602,-0.02990873,-0.9746166,57.56137
other,-0.01626804,-0.01277949,-0.01847249,0.1170492,-0.08155451,0.7666508,0.6260151,-0.3012921,-0.03454394,-0.9895009,57.66141
other,-0.003613919,-0.0001545479,-0.03056603,0.1169268,-0.08331195,0.7657398,0.6269209,-0.2908002,-0.01941687,-1.001701,57.7613
other,0.004549321,0.009491176,-0.01463559,0.1182516,-0.08336754,0.764637,0.6280102,-0.2851879,-0.01185177,-0.9868169,57.8616
other,-0.008287523,-0.02702043,0.01195894,0.1191703,-0.08242689,0.7642819,0.6283928,-0.298121,-0.05113674,-0.9597322,57.96193
other,-0.01059028,-0.00504507,0.02396942,0.1196443,-0.08358001,0.7647124,0.6276261,-0.302512,-0.02771171,-0.9468006,58.0615
other,-0.01369664,0.001042843,0.01302789,0.1194028,-0.08475801,0.7642826,0.6280376,-0.3066602,-0.0196596,-0.9572925,58.16149
other,0.01126252,-1.995553E-05,-0.007853142,0.1213191,-0.08595859,0.7638788,0.6279983,-0.286165,-0.02136805,-0.9770563,58.26137
other,-0.001562722,-0.009771073,-0.02587791,0.1233733,-0.08503409,0.764543,0.6269149,-0.3010494,-0.03478823,-0.9946247,58.36116
other,0.003091943,-0.01132189,0.01327091,0.1240829,-0.08401344,0.764811,0.6265854,-0.2961683,-0.03869214,-0.9553397,58.46183
other,-0.003399172,-0.007531741,0.01793929,0.1240868,-0.08296858,0.7654435,0.6259512,-0.3012921,-0.03625239,-0.9507045,58.56101
other,0.000922273,0.002063025,-0.01156732,0.1246994,-0.0838002,0.7660992,0.6249157,-0.2988523,-0.02576053,-0.9792518,58.66184
other,0.01188732,0.009493368,-0.006943389,0.1244294,-0.08323744,0.766053,0.6251014,-0.2868963,-0.0189283,-0.9753479,58.76225
other,-6.146055E-05,-0.0006583579,-0.002191185,0.1224025,-0.08124793,0.7657406,0.6261452,-0.29324,-0.02990873,-0.9721768,58.8617
other,-0.02411242,0.001674092,-0.001970725,0.1225776,-0.0776338,0.7662022,0.6260048,-0.3132481,-0.03332407,-0.973641,58.97762
other,-0.002256633,0.01072267,9.452478E-05,0.1243371,-0.07640068,0.7688338,0.6225735,-0.29324,-0.02722469,-0.9729081,59.06162
other,-0.0009221028,-0.03010257,0.0002685009,0.1252267,-0.07461871,0.7695437,0.6217337,-0.2910445,-0.07163189,-0.9726639,59.16172
other,0.005465686,-0.02085933,0.005471156,0.1247743,-0.07505101,0.770067,0.6211244,-0.2844566,-0.06089574,-0.9672958,59.26184
other,-0.02154231,-0.009296231,-0.01271786,0.1242478,-0.07628924,0.7690083,0.6223895,-0.3122725,-0.04723283,-0.9858397,59.36194
other,0.01846095,0.003898892,0.02474527,0.1256317,-0.07959782,0.7680531,0.6228766,-0.2783572,-0.03088432,-0.9463121,59.46207
other,0.009883917,0.009438462,-0.009725355,0.1257053,-0.07940323,0.7684877,0.6223504,-0.286652,-0.02551624,-0.980229,59.56122
other,-0.004130086,-0.01083612,-0.02720339,0.1249952,-0.07938456,0.7678273,0.6233102,-0.2995852,-0.04528009,-0.9982843,59.66179
other,-0.03273271,-0.008633248,0.004558486,0.1241666,-0.08114538,0.7664812,0.6249037,-0.3291081,-0.03991202,-0.9665645,59.76216
other,0.008693387,-0.0180415,0.02205189,0.1239116,-0.08118468,0.7670149,0.6242941,-0.2873849,-0.04869543,-0.9492404,59.86198
other,0.001913033,-0.01779093,0.002607503,0.1240021,-0.0807445,0.7666482,0.6247834,-0.2937286,-0.04942829,-0.96876,59.9614
other,-0.02095452,-0.003053876,-0.01998907,0.1228898,-0.08156458,0.7664949,0.6250847,-0.3159322,-0.03210419,-0.9916964,60.06147
other,-0.01330281,-0.0127065,-0.02717344,0.1232906,-0.08186837,0.7668079,0.6245819,-0.3093442,-0.04162047,-0.9987729,60.16128
other,0.009802983,0.008901256,0.01818941,0.1244566,-0.08275069,0.7670638,0.6239198,-0.2890933,-0.01990388,-0.952413,60.26117
other,-0.001594911,0.01506756,0.007132634,0.1253486,-0.08281751,0.7679554,0.6226343,-0.302025,-0.01429152,-0.9631491,60.36172
other,0.008392502,-0.01253292,0.0005824165,0.1263311,-0.08292349,0.7686181,0.621603,-0.2937286,-0.04259605,-0.9692485,60.46112
other,-0.00158154,-0.02384271,0.01687063,0.1267985,-0.08321678,0.7684819,0.6216371,-0.304709,-0.05406351,-0.952413,60.56148
other,0.001839829,-0.01439441,0.008118141,0.1281366,-0.08420294,0.7677081,0.6221858,-0.3076373,-0.02917587,-0.9677843,60.66183
other,-0.003705478,0.001883907,-0.007516956,0.1305397,-0.08525643,0.7664005,0.623154,-0.3149565,-0.03064003,-0.974128,60.76205
other,0.01342626,-0.02792013,0.006467459,0.1306484,-0.08634534,0.7661941,0.6232352,-0.2993409,-0.05894456,-0.9597322,60.86154
other,0.01650483,0.003356648,0.01571212,0.1299081,-0.08446579,0.7673582,0.6222144,-0.292753,-0.02917587,-0.9511931,60.97795
other,-0.01050207,-0.005297223,0.009566452,0.1292073,-0.08329518,0.7676526,0.622155,-0.317152,-0.03869214,-0.9577811,61.0614
other,-0.01486149,-0.01120812,-0.01175083,0.1262529,-0.08428399,0.767733,0.6225291,-0.3183719,-0.03942344,-0.980716,61.16142
other,-0.01960098,-0.0225066,-0.01632449,0.1239198,-0.08382137,0.7676135,0.6232074,-0.3039761,-0.01551296,-0.96876,61.26181
other,-0.01933717,-0.02140545,0.01497508,0.125585,-0.08089466,0.7675401,0.6233511,-0.3176406,-0.05430779,-0.955584,61.36106
other,-0.0130019,0.006849503,-0.005612846,0.1265746,-0.08123437,0.7674959,0.6231613,-0.3132481,-0.02673612,-0.9755922,61.46151
other,-0.01574465,0.005850392,0.006112505,0.127117,-0.08157727,0.7662538,0.6245331,-0.317152,-0.02844457,-0.9633918,61.56184
other,-0.006711575,0.009595289,-0.001083729,0.126279,-0.08213524,0.7656383,0.6253843,-0.307393,-0.02307649,-0.9704684,61.66219
other,-0.03495394,0.005519476,-0.003611197,0.1265778,-0.08260501,0.765707,0.6251779,-0.3366731,-0.02673612,-0.9726639,61.76154
other,0.003017329,-0.008574501,0.0232354,0.1264115,-0.0828812,0.7652853,0.6256911,-0.2988523,-0.04040059,-0.9460678,61.86164
other,0.02566977,-0.01482313,0.02399996,0.1255739,-0.08245017,0.7654161,0.6257567,-0.2744533,-0.04625568,-0.9460678,61.96172
other,-0.005204285,-0.04157864,0.01517998,0.1259508,-0.08111049,0.765546,0.6256971,-0.3042204,-0.0755358,-0.955097,62.06199
other,-0.008135743,-0.00773815,-0.005265283,0.1258231,-0.08116591,0.7646622,0.6267954,-0.3069044,-0.04186475,-0.9753479,62.16154
other,0.02148209,-0.01682251,-0.0005510055,0.1265619,-0.08174816,0.7642202,0.6271099,-0.2790885,-0.05113674,-0.9699798,62.26155
other,-0.001072569,0.007026093,-0.0235743,0.1258933,-0.08299536,0.7646945,0.6265022,-0.302512,-0.02429637,-0.9938918,62.36164
other,-0.02238263,0.002592059,-0.03927854,0.126612,-0.08310485,0.7648624,0.6261377,-0.3256927,-0.02942016,-1.011216,62.46167
other,-0.08174726,0.03901984,-0.1898569,0.1238704,-0.07413075,0.7643563,0.6284267,-0.3705885,-0.004288235,-1.169573,62.56171
other,0.01807779,0.114071,0.008889122,0.110928,-0.04192588,0.7656544,0.6322266,-0.2107693,0.03597232,-0.9890124,62.66177
other,0.05538923,-0.1133507,0.2822894,0.09951632,-0.006789471,0.7665601,0.6343784,-0.1092644,-0.231697,-0.7189049,62.7618
other,0.05442949,-0.1220994,0.2536426,0.1001879,0.01706957,0.7667297,0.6338742,-0.07974001,-0.2778126,-0.7418398,62.86183
other,-0.1127361,-0.1448847,0.04013656,0.103747,0.008813583,0.760264,0.6412156,-0.2612774,-0.2934282,-0.9521687,62.96188
other,0.06324582,-0.02721091,0.1351853,0.1083051,-0.02102008,0.7527993,0.6489387,-0.1295168,-0.1375129,-0.8528609,63.0615
other,-0.01750677,-0.2152026,0.273576,0.1106192,-0.003630931,0.7614433,0.638713,-0.1934451,-0.3532084,-0.7179278,63.16121
other,0.249675,-0.03704073,-0.03301239,0.08624239,-0.01273826,0.7676721,0.6348855,0.09862319,-0.1284837,-1.034152,63.26168
other,-0.1238917,-0.02375786,0.02363168,0.04777521,-0.03375381,0.7662677,0.6398531,-0.2422448,-0.03332407,-0.986084,63.36108
other,0.09087629,0.2005818,-0.003863652,0.01820189,-0.05951557,0.7566745,0.6508228,-0.01581326,0.2680162,-1.011949,63.46101
other,-0.06488393,0.1111025,0.04624187,0.0138494,-0.07037962,0.7657602,0.6391135,-0.177828,0.2026238,-0.9592452,63.5612
other,0.02403007,0.05323669,0.04299312,0.02852513,-0.0752588,0.7831532,0.6165982,-0.1156081,0.1372313,-0.959488,63.6776
other,-0.04240501,0.0491971,0.1064237,0.05094713,-0.06675647,0.7950632,0.600685,-0.2058882,0.09477529,-0.8933642,63.7612
other,-0.1599488,-0.3552023,0.07026371,0.06631786,-0.04079337,0.7999142,0.595042,-0.3169093,-0.3690683,-0.9324049,63.86124
other,0.057042,0.1804013,0.003458712,0.06417128,-0.02925456,0.8035446,0.5910518,-0.08266833,0.1511401,-1.000968,63.96137
other,-0.01416184,-0.1021485,0.06246211,0.06086862,-0.01830509,0.8108978,0.5817256,-0.1358605,-0.1438566,-0.9433853,64.06139
other,-0.05427721,-0.007009014,-0.04114065,0.04787719,-0.01632497,0.8169539,0.5744803,-0.152696,-0.03576382,-1.050745,64.16119
other,0.01221807,-0.003368729,-0.003355532,0.03966251,-0.01342666,0.8166193,0.5756557,-0.06924815,-0.02746742,-1.01512,64.26143
other,0.009967149,-0.01148194,-0.007170366,0.03794972,-0.01169357,0.8145738,0.5786991,-0.06656411,-0.03674097,-1.019512,64.36156
other,-0.004264975,0.0156501,-0.0003516477,0.0383302,-0.01254895,0.8142698,0.5790837,-0.08242405,-0.00868072,-1.01268,64.46163
other,-0.01850048,-0.04527598,0.004131278,0.03838226,-0.01178771,0.8144414,0.5788549,-0.09584423,-0.07090058,-1.008045,64.56174
other,-0.009464008,0.02520825,-0.01309236,0.03712936,-0.01183139,0.8160136,0.5767176,-0.08486535,0.001324125,-1.025612,64.66187
other,0.01163892,0.008080097,-0.001102789,0.03796029,-0.01136755,0.8165879,0.5758593,-0.06461294,-0.01746413,-1.013413,64.76201
other,0.007614168,-0.001244926,0.002885242,0.04032606,-0.01109057,0.8155054,0.5772362,-0.07217648,-0.03015146,-1.00902,64.86176
other,-0.04872537,-0.03522716,-0.007654757,0.04336879,-0.01116919,0.8172457,0.5745467,-0.1348849,-0.06870356,-1.020001,64.96122
other,0.01505451,-0.008370797,0.01599793,0.04620401,-0.01392817,0.8186657,0.5722392,-0.07803312,-0.03893643,-0.9956003,65.06148
other,0.03994655,-0.01274746,0.009757349,0.05027125,-0.01953049,0.8172023,0.5738221,-0.06631983,-0.03893643,-1.00048,65.16134
other,0.02406385,0.004303262,0.01629765,0.05719252,-0.02824262,0.8143371,0.5768765,-0.1036521,-0.01599997,-0.9912078,65.26141
other,-0.007944531,0.03188442,0.003518131,0.06314812,-0.03492909,0.8121021,0.5790358,-0.1531846,0.01523133,-1.001457,65.36145
other,-0.005279676,-0.01492898,-0.0002815321,0.06642721,-0.03802277,0.8125061,0.5779062,-0.1595283,-0.03015146,-1.003897,65.46149
other,-0.03298706,-0.03541418,0.009346478,0.07023102,-0.04281206,0.8119954,0.5778392,-0.199056,-0.04723283,-0.9924293,65.5615
other,0.004865692,0.01161084,0.01718746,0.07250887,-0.04775232,0.8118284,0.5774052,-0.1487921,-0.001115626,-0.9914521,65.66145
other,-0.01953668,-0.004630446,-0.006044724,0.07392977,-0.04857519,0.8120767,0.5768069,-0.1983247,-0.01112047,-1.005361,65.76155
other,-0.02576887,0.01901379,-0.004844784,0.07329155,-0.04956506,0.8131314,0.5753164,-0.2046683,0.01523133,-1.004141,65.86184
other,0.09974568,0.06122067,-0.08694024,0.07676747,-0.05210018,0.8146818,0.5724386,-0.08779212,0.05817592,-1.084661,65.96152
other,0.001643924,-0.01513568,0.01137701,0.07806131,-0.05001089,0.81414,0.5732203,-0.1856373,-0.02332078,-0.9865726,66.07735
other,-0.001134358,-0.02118179,0.04097668,0.08142688,-0.04912937,0.8138192,0.5732838,-0.1929566,-0.03478823,-0.9563169,66.16096
other,0.08066501,0.0390926,-0.02833614,0.08331159,-0.0473281,0.8146088,0.5720418,-0.1121927,0.0205994,-1.025369,66.2612
other,-0.1102673,-0.01138882,-0.04931403,0.08177888,-0.03809907,0.81754,0.568761,-0.2900689,-0.04259605,-1.048304,66.36117
other,-0.02121328,-0.08674275,-0.009790122,0.08272426,-0.03665198,0.8237407,0.5597004,-0.201253,-0.119456,-1.008532,66.46123
other,-0.0314413,-0.008148225,-0.02000269,0.07874322,-0.0412324,0.8306397,0.54967,-0.2102807,-0.02649183,-1.019268,66.5612
other,-0.005933861,-5.757805E-05,-0.04679122,0.07570701,-0.04861524,0.8428133,0.5306325,-0.1878328,0.001568411,-1.045377,66.66116
other,0.005790117,-0.08997368,-0.008200414,0.06493714,-0.05893116,0.8530142,0.5144677,-0.1680689,-0.05577195,-1.006825,66.76111
other,0.06648535,0.1119518,-0.03338077,0.04449292,-0.07621281,0.8595271,0.5034136,-0.089012,0.1994512,-1.032444,66.86124
other,0.1479172,0.2506098,-0.06671728,0.03235769,-0.09603599,0.8662376,0.4892468,-0.00434425,0.3873322,-1.060748,66.96126
other,0.1206751,0.2213962,-0.03074467,0.03900328,-0.1212298,0.8653235,0.4847652,-0.06729697,0.3961156,-1.013657,67.06152
other,0.157567,0.2464035,-0.0742815,0.1617723,-0.1439346,0.8548139,0.4715992,-0.26274,0.3417036,-0.9980401,67.16125
other,0.3311473,0.02570108,0.1842894,0.4059279,-0.1027753,0.8083388,0.4138215,-0.4186569,-0.1460521,-0.4724652,67.26122
other,0.7051096,0.8223313,0.10366,0.6106544,-0.1407937,0.7549083,0.1933696,-0.262253,0.7989592,-0.108905,67.36108
other,0.17586,1.146959,1.305095,-0.6828911,0.3425904,-0.5759159,0.2908823,-0.4069451,1.932829,1.47124,67.46165
other,0.2479904,0.9208542,1.191053,-0.6393611,0.43961,-0.337771,0.5327955,0.2850401,1.913063,1.398039,67.56216
other,-0.08448001,0.6684147,0.3203978,-0.5286343,0.4709494,-0.03211362,0.7054936,0.5671036,1.470448,0.322976,67.6615
other,-0.3174149,0.5986907,0.8628111,-0.3714454,0.4543488,0.18769,0.7876344,0.569299,1.028563,0.5401356,67.7616
other,0.08852051,0.1162647,-0.05858625,-0.2771313,0.3749661,0.3390134,0.8171099,0.9174879,0.3219397,-0.6437519,67.86176
other,-0.3890865,0.1007918,-0.1661252,-0.1364348,0.1532578,0.4497431,0.8692691,0.01078283,0.2028681,-1.107108,67.96192
other,-0.06709941,0.08540119,0.1810198,-0.07403208,0.09415121,0.500936,0.8571569,0.1735319,0.1186873,-0.8111362,68.06152
other,0.01326924,-0.03819589,0.138603,0.00942464,0.08429342,0.5040283,0.8595123,0.1510841,-0.1411726,-0.8645726,68.16142
other,-0.0584058,-0.2676075,0.7392089,0.06861801,0.09669841,0.5084038,0.8529165,0.03786748,-0.4854559,-0.2438366,68.26143
other,0.009321133,-0.1514225,-0.07397702,0.04162722,0.1071753,0.5340266,0.8376134,0.146203,-0.3380797,-1.060504,68.36143
other,-0.07148333,0.08979706,-0.1378896,0.04269703,0.09356552,0.5794326,0.808505,0.03176811,-0.09017586,-1.130532,68.46146
other,-0.1105682,0.07659741,-0.1394195,0.03909856,0.07098441,0.5921278,0.8017588,-0.04192077,-0.07260748,-1.142732,68.56147
other,-0.1890922,0.2116713,-0.3813031,0.03952556,0.07104678,0.6029248,0.7936446,-0.1229289,0.06085995,-1.384048,68.66149
