pull,0.02699961,0.04040866,0.08315103,-0.7387275,-0.184424,-0.1159292,-0.6378323,0.09111566,-0.9467679,0.2429435,5.093818
pull,0.01917376,-0.05196004,-0.03379921,-0.7433164,-0.1757544,-0.1123146,-0.6355914,0.0757443,-1.038511,0.1333881,5.194219
pull,-0.05344345,0.05408305,-0.01649631,-0.7465169,-0.1657864,-0.1039699,-0.6359384,0.002299714,-0.9318836,0.1533962,5.277895
pull,0.04231028,-0.1580284,0.01407313,-0.7458272,-0.1612023,-0.09384441,-0.639491,0.108684,-1.144895,0.1790151,5.393822
pull,-0.2463065,0.1598974,-0.104018,-0.72682,-0.1755092,-0.1148041,-0.6540253,-0.1833843,-0.8347713,0.01455915,5.493705
pull,0.05582364,-0.1644695,-0.02252346,-0.7288585,-0.1687596,-0.1159556,-0.6533297,0.1074642,-1.159048,0.09727572,5.593571
pull,-0.1037532,-0.02865851,0.005703955,-0.7200141,-0.1606301,-0.1151605,-0.6652185,-0.05577195,-1.025823,0.0943474,5.693773
pull,0.004204417,0.06746638,-0.03599858,-0.7139884,-0.1684932,-0.1299029,-0.66705,0.04353586,-0.9299309,0.04042393,5.793857
pull,0.09814349,0.03294042,0.05847947,-0.7084589,-0.1922232,-0.1310385,-0.666307,0.1689512,-0.9660432,0.1365591,5.893885
pull,-0.09887255,-0.463512,-0.06812783,-0.7221223,-0.1949607,-0.1303729,-0.6507938,-0.03307978,-1.459167,0.05140281,5.993905
pull,-0.03725847,-0.2563425,-0.03887371,-0.7047256,-0.1965047,-0.1330006,-0.6686244,0.03963194,-1.271776,0.03310312,6.09393
pull,0.0481654,-0.1313707,-0.06500747,-0.6685241,-0.1918556,-0.1547916,-0.7016456,0.1120994,-1.155631,-0.09841313,6.193947
pull,-0.01329406,-0.0394921,0.02775573,-0.6486495,-0.1803585,-0.1578085,-0.7223719,0.04402443,-1.05974,-0.06815586,6.293966
pull,0.09912247,0.1735938,0.001966969,-0.6245005,-0.1816097,-0.166178,-0.7412165,0.1623632,-0.8376996,-0.1559962,6.393602
pull,-0.05863284,0.1956646,0.09591795,-0.6053702,-0.1826336,-0.1768806,-0.7542447,0.004008162,-0.8028071,-0.1086607,6.493432
pull,0.03552488,0.2755463,0.09089163,-0.5903962,-0.1820393,-0.1874308,-0.7636516,0.0930684,-0.7086231,-0.149164,6.577702
pull,-0.07369038,0.2909395,0.1986194,-0.5822152,-0.1881222,-0.2027587,-0.7645419,-0.02185662,-0.6808071,-0.05400438,6.694131
pull,0.04446761,0.1997517,0.2478881,-0.5731449,-0.1889582,-0.2095113,-0.7693534,0.09501957,-0.7605954,-0.02350438,6.793533
pull,0.04773,-0.05722902,0.1695987,-0.5630559,-0.1875322,-0.2137019,-0.7759712,0.0979479,-1.008011,-0.1250092,6.893674
pull,-0.009102188,0.04012587,0.1442915,-0.5690156,-0.1895842,-0.2138509,-0.7710686,0.03963194,-0.9133396,-0.1347682,6.993852
pull,-0.03725963,0.168041,0.1580321,-0.5773969,-0.2001564,-0.2164127,-0.7613907,0.01718406,-0.7901198,-0.09304506,7.093895
pull,-0.001749413,0.2396905,0.02826408,-0.5811844,-0.2111255,-0.2236565,-0.7534112,0.05549188,-0.715211,-0.2033317,7.193928
pull,0.1281489,0.05045143,-0.1602758,-0.5729193,-0.2253679,-0.2381181,-0.7511808,0.1926205,-0.8989438,-0.3975564,7.293963
pull,0.01448176,0.1024486,-0.02984936,-0.5705271,-0.2297149,-0.2465148,-0.7489728,0.07598703,-0.8452631,-0.2682372,7.394004
pull,0.03050706,-0.06398764,-0.102248,-0.565571,-0.2383624,-0.2584009,-0.7460173,0.09257983,-1.011428,-0.3438757,7.494039
pull,-0.1373498,0.02096116,-0.2481763,-0.5566068,-0.2535667,-0.2820715,-0.7391403,-0.07773282,-0.92554,-0.4949131,7.594077
pull,-0.02953349,-0.0609716,-0.1135461,-0.5587219,-0.2677567,-0.2906387,-0.7291538,0.03499517,-1.014112,-0.3416802,7.694115
pull,0.1563758,-0.1301397,-0.2586904,-0.5672827,-0.2714083,-0.2961408,-0.7189078,0.2099446,-1.094387,-0.4651444,7.794145
pull,-0.09004942,-0.06509402,-0.2298709,-0.5855656,-0.2693968,-0.2880141,-0.7082275,-0.04625568,-1.038755,-0.3970679,7.894176
pull,0.1488515,-0.2146976,0.07969514,-0.6115734,-0.2776154,-0.2669431,-0.6911216,0.2057964,-1.203455,-0.01764774,7.994211
pull,-0.04033311,-0.133592,0.1847138,-0.6254889,-0.2619716,-0.2507099,-0.6908539,0.007912074,-1.127328,0.104595,8.094243
pull,-0.02184056,-0.2887019,0.1525574,-0.6290103,-0.2543933,-0.2464156,-0.6920328,0.02035511,-1.286903,0.07311939,8.177613
pull,-0.01590506,-0.3936434,0.08973879,-0.6206958,-0.2385442,-0.2367931,-0.708352,0.02865151,-1.398656,-0.0274083,8.277644
pull,0.06627094,-0.2787485,0.02754425,-0.596413,-0.2195383,-0.2313547,-0.7365931,0.1147834,-1.280804,-0.1689278,8.377681
pull,-0.03185017,-0.1568057,0.08547972,-0.575112,-0.193583,-0.2193744,-0.7639676,0.01279157,-1.146848,-0.1852763,8.477715
pull,-0.03023449,0.007410178,0.1462935,-0.560054,-0.1711667,-0.2109365,-0.7826539,0.002299714,-0.9677517,-0.1764929,8.577745
pull,-0.01643239,0.1499332,0.03845447,-0.5576689,-0.1599439,-0.2047912,-0.7883425,0.007912074,-0.8176914,-0.2962959,8.69387
pull,0.008182754,0.1108133,-0.01822344,-0.5661716,-0.1658189,-0.2019705,-0.7817682,0.03938766,-0.8613673,-0.3285043,8.793907
pull,-0.02444527,0.2305621,0.0420194,-0.5768432,-0.1785321,-0.2046205,-0.7703952,0.01523133,-0.7476637,-0.2333447,8.89397
pull,0.02594057,0.5453006,0.004429512,-0.5960514,-0.1993421,-0.2058823,-0.7500653,0.08403914,-0.4394912,-0.1904001,8.994155
pull,-0.1261391,0.5673731,0.12082,-0.6180506,-0.2315613,-0.2073356,-0.7220836,-0.04820842,-0.4187518,-0.007644448,9.077622
pull,0.004156969,0.5384454,-0.06677503,-0.6127519,-0.2474778,-0.2179723,-0.7181768,0.09111566,-0.4341231,-0.1913757,9.177816
pull,-0.02501761,0.08091856,-0.01928417,-0.6027603,-0.2487679,-0.2329634,-0.7214725,0.05134368,-0.8825954,-0.1655125,9.293898
pull,0.04968493,-0.01939304,-0.0005017617,-0.5906528,-0.2498797,-0.251825,-0.7247576,0.1128322,-0.9775107,-0.1735646,9.393682
pull,-0.02227818,0.02255933,-0.1209527,-0.5732982,-0.2523794,-0.2722976,-0.7304025,0.03279971,-0.9284667,-0.3309441,9.493779
pull,0.1117389,0.1099652,-0.1212296,-0.5716844,-0.2546338,-0.2787039,-0.728466,0.1628518,-0.8423348,-0.3328968,9.593853
pull,-0.01865507,-0.144927,0.03868902,-0.581067,-0.2561031,-0.2834464,-0.718631,0.01937952,-1.108784,-0.1516037,9.693777
pull,0.1094816,-0.2260345,-0.02555599,-0.5911061,-0.2662909,-0.2804535,-0.7078338,0.1543111,-1.199307,-0.1828366,9.793702
pull,-0.05362643,-0.01044878,-0.1115063,-0.614283,-0.270232,-0.2685012,-0.6910413,-0.01038761,-0.9960562,-0.2099197,9.893636
pull,-0.151278,-0.1525535,0.009376473,-0.6312326,-0.2688677,-0.2496301,-0.6833303,-0.09920356,-1.145139,-0.04888059,9.993776
pull,0.02696902,-0.3775297,0.1675635,-0.6417323,-0.2552705,-0.2253746,-0.6871848,0.08867591,-1.376695,0.1214321,10.09352
pull,0.05913001,-0.4386603,0.212583,-0.6391522,-0.2375998,-0.2095696,-0.7007933,0.1250326,-1.445991,0.1416829,10.19371
pull,-0.01511795,-0.3644689,0.1207749,-0.6192809,-0.2050159,-0.1875717,-0.7343545,0.05524759,-1.373524,-0.03155649,10.29354
pull,0.06154864,-0.143811,0.08520781,-0.5913318,-0.1799275,-0.1786864,-0.765522,0.1274723,-1.14026,-0.1572161,10.39391
pull,0.01886707,-0.03856455,0.02504909,-0.5683256,-0.1593952,-0.1734942,-0.788352,0.07452442,-1.01704,-0.2867812,10.49393
pull,0.08735435,0.2147516,-0.02535476,-0.5544682,-0.1567134,-0.1795751,-0.7973447,0.1394283,-0.7498592,-0.3699848,10.59396
pull,-0.06425984,0.3084124,0.01134562,-0.568607,-0.1609179,-0.1816485,-0.7859995,-0.01697556,-0.6622632,-0.2960532,10.69399
pull,-0.06353839,0.1956827,-0.03860817,-0.5950401,-0.1778424,-0.185989,-0.7613852,-0.01331593,-0.7913396,-0.2706769,10.79401
pull,0.04409901,0.3581225,-0.08452711,-0.615926,-0.1971532,-0.1876041,-0.7393041,0.1050244,-0.6349358,-0.2494489,10.89405
pull,-0.06940446,0.4322218,0.06337625,-0.6421276,-0.2281518,-0.1894491,-0.7069144,0.009620522,-0.5590515,-0.007644448,10.99409
pull,0.04335297,0.351267,0.1281288,-0.6415123,-0.2435243,-0.199049,-0.6996695,0.1274723,-0.6285921,0.07067963,11.09364
pull,0.001206334,0.03521602,0.1208125,-0.6296915,-0.2417061,-0.2071472,-0.7086302,0.0813551,-0.9387158,0.03237182,11.19412
pull,0.0287462,0.03475001,0.1047143,-0.614636,-0.2378897,-0.2181277,-0.7197578,0.1016075,-0.9345676,-0.02399296,11.27774
pull,-0.1920243,0.1281958,-0.1018295,-0.5915195,-0.2446225,-0.2361887,-0.7310809,-0.1155521,-0.8298917,-0.2782405,11.39399
pull,0.05175821,-0.1560875,-0.2999904,-0.5800518,-0.2638647,-0.2534703,-0.727783,0.1399153,-1.113908,-0.4839326,11.49391
pull,-0.04505202,-0.1662952,-0.3863682,-0.5728414,-0.2674563,-0.2659314,-0.7277364,0.03816778,-1.126351,-0.583729,11.59404
pull,-0.1827092,-0.06355371,-0.1540628,-0.5783079,-0.2640344,-0.2675235,-0.7240698,-0.1106726,-1.030216,-0.3433887,11.69417
pull,-0.03167976,-0.01545101,0.0148953,-0.5902414,-0.2653574,-0.2618617,-0.7159811,0.03841207,-0.9889797,-0.1457486,11.7943
pull,0.04657375,-0.02658334,0.07941306,-0.6070796,-0.2664001,-0.246485,-0.7069162,0.1233241,-1.008255,-0.0405842,11.87774
pull,0.0932198,-0.1250636,0.1257778,-0.6116205,-0.2699047,-0.2368432,-0.704966,0.1835912,-1.110247,0.02017151,11.97789
pull,-0.05627741,-0.4088309,0.1712797,-0.6368717,-0.248635,-0.1993276,-0.7020282,0.03938766,-1.406952,0.1058149,12.09385
pull,0.07657222,-0.3119404,0.1786739,-0.6390774,-0.2251974,-0.1780792,-0.7135503,0.1716352,-1.317892,0.09581156,12.19396
pull,-0.04289222,-0.2870827,0.165425,-0.6309378,-0.1933361,-0.1578484,-0.7345899,0.04378014,-1.296175,0.0335917,12.29406
pull,-0.0002739529,-0.1628946,0.08379089,-0.6030771,-0.1662273,-0.1486762,-0.7658732,0.07696418,-1.161244,-0.1391607,12.39416
pull,-0.0713768,-0.01602973,-0.04248091,-0.5722336,-0.1500126,-0.1543644,-0.7913384,-0.00892345,-0.9945921,-0.3509522,12.49426
pull,-0.007370751,0.1031159,-0.06791622,-0.554625,-0.1481155,-0.1625645,-0.802512,0.05158797,-0.8606361,-0.4180532,12.57767
pull,-0.07411679,0.2168676,-0.07137727,-0.5536814,-0.1532276,-0.1734703,-0.7999164,-0.01990388,-0.7427827,-0.4187844,12.67776
pull,0.0006282993,0.2212122,-0.03878976,-0.5761245,-0.1699703,-0.1798423,-0.7790041,0.0591515,-0.7530318,-0.3216721,12.7936
pull,-0.03090802,0.4113865,0.03021156,-0.6015975,-0.1892323,-0.1855753,-0.7535472,0.03157983,-0.5746671,-0.1762486,12.89438
pull,-0.05274616,0.3362843,0.07470974,-0.6328466,-0.2095731,-0.1800263,-0.7233082,0.02255213,-0.6544553,-0.036436,12.99405
pull,-0.09705932,0.5298537,0.103716,-0.6391745,-0.2217036,-0.185493,-0.7126682,-0.01917258,-0.4509587,0.02017151,13.09389
pull,0.0217763,0.204909,-0.1053967,-0.6253905,-0.2262753,-0.1976255,-0.7201599,0.09892349,-0.7654749,-0.2184604,13.19394
pull,-0.02437719,0.2377997,-0.01646681,-0.6049376,-0.2260644,-0.2120633,-0.7334675,0.04890393,-0.7222875,-0.1784441,13.29399
pull,-0.06526598,0.05806311,-0.08487374,-0.5901425,-0.2326968,-0.2241523,-0.7398241,0.01254729,-0.8957713,-0.2753122,13.39404
pull,0.09949244,0.1122162,0.1478413,-0.5844507,-0.2452394,-0.2335565,-0.7373781,0.1860325,-0.8408722,-0.04400109,13.49408
pull,-0.08092184,-0.2793677,-0.01928338,-0.5782906,-0.2497191,-0.2362776,-0.7398603,0.01352443,-1.234931,-0.2218757,13.59415
pull,0.07113235,-0.2153755,-0.04685902,-0.5771594,-0.2601028,-0.2504009,-0.7324841,0.1618762,-1.177835,-0.2426167,13.69419
pull,0.00522391,-0.2914044,-0.1205835,-0.5875945,-0.2607586,-0.2478429,-0.7247838,0.09111566,-1.262991,-0.292392,13.79423
pull,0.002332018,-0.1282201,-0.02235546,-0.6044344,-0.2555223,-0.2363106,-0.7166064,0.08233225,-1.10854,-0.1601444,13.89428
pull,-0.03872697,-0.2638603,0.05598846,-0.6251962,-0.2430533,-0.2125187,-0.7105565,0.04085182,-1.254452,-0.04400109,13.97765
pull,0.03239679,-0.3128439,0.1345078,-0.6355527,-0.2216655,-0.1895904,-0.7148375,0.108684,-1.310328,0.04017964,14.07769
pull,-0.002247747,-0.321896,0.1849095,-0.6358147,-0.1996434,-0.1661788,-0.7268196,0.07769547,-1.325699,0.07165523,14.17775
pull,0.1129227,-0.2900963,0.2049723,-0.6177806,-0.1832438,-0.1534226,-0.7491531,0.1996955,-1.292516,0.03188325,14.27781
pull,-0.02016746,-0.1112832,0.02281988,-0.5827302,-0.151383,-0.1428637,-0.7855563,0.05305213,-1.095364,-0.2594522,14.39401
pull,-0.01599962,-0.00632149,-0.04549559,-0.5587265,-0.1389786,-0.1450967,-0.8046468,0.04719548,-0.9714113,-0.3916998,14.47772
pull,-0.05214117,0.1538371,-0.01817538,-0.5492246,-0.1378527,-0.1538072,-0.8097482,0.003519589,-0.801343,-0.3858447,14.5941
pull,0.02422968,0.2207492,-0.08486891,-0.5607783,-0.1472174,-0.1588127,-0.7991452,0.08257654,-0.7415628,-0.419273,14.69412
pull,0.01179564,0.2542755,-0.04251252,-0.5761936,-0.1575034,-0.1613998,-0.7855849,0.07428014,-0.7176508,-0.3336281,14.77769
pull,0.03674812,0.4995266,-0.04714225,-0.6097659,-0.1817596,-0.1629917,-0.7540442,0.112588,-0.4858511,-0.2387128,14.89372
pull,-0.146038,0.6254366,0.1422566,-0.6330284,-0.2015933,-0.1629374,-0.7294426,-0.05845599,-0.3611671,0.0252953,14.99385
pull,0.009486405,0.4631401,0.07132239,-0.6349304,-0.2187291,-0.1709815,-0.720962,0.1062443,-0.5119602,-0.02521283,15.09396
pull,-0.0283044,-0.007705034,-0.08255944,-0.6188985,-0.2271913,-0.1888874,-0.7277846,0.06647231,-0.9728755,-0.2104083,15.19405
pull,-0.01541829,0.3933932,-0.2329019,-0.5955831,-0.2308726,-0.2052375,-0.7415229,0.0798925,-0.5585629,-0.4119522,15.29416
pull,-0.1280906,-0.02750992,-0.3810204,-0.5888671,-0.2364932,-0.2148862,-0.7423816,-0.03259277,-0.9779993,-0.5705531,15.39426
pull,-0.06358386,-0.1819712,-0.2521622,-0.5889043,-0.2409627,-0.2247773,-0.7379728,0.02523617,-1.137087,-0.4380597,15.47768
pull,0.2329902,-0.2462308,0.01083316,-0.5911282,-0.2443309,-0.2291129,-0.7337418,0.3190114,-1.207115,-0.1674652,15.57779
pull,-0.05119636,-0.2998725,0.001484328,-0.6022649,-0.2472852,-0.2282726,-0.7238913,0.03084853,-1.272752,-0.1489197,15.69362
pull,0.0008497323,-0.09817419,0.09534238,-0.6171414,-0.2443061,-0.2205267,-0.7147161,0.07720846,-1.079504,-0.02252879,15.79366
pull,-0.08083638,-0.2697231,0.07792359,-0.6326824,-0.2441412,-0.2066257,-0.7052758,0.001811141,-1.25982,-0.002032088,15.89352
pull,0.09554124,-0.538745,0.04857042,-0.6363376,-0.2391089,-0.1961988,-0.7066876,0.1845684,-1.540664,-0.02789687,15.99347
pull,-0.02472295,-0.3784667,0.1373545,-0.6257485,-0.2145577,-0.1786163,-0.7283543,0.06598374,-1.38548,0.01016822,16.09397
pull,0.03553059,-0.2447206,0.1240462,-0.6040587,-0.1861027,-0.161095,-0.7579757,0.1252753,-1.245424,-0.08206462,16.19423
pull,-0.02634345,-0.1267709,0.1042253,-0.5816798,-0.1653665,-0.1568666,-0.7808299,0.05158797,-1.114639,-0.1721004,16.2778
pull,-0.07033731,0.0453398,0.05575241,-0.5488472,-0.1492479,-0.1637394,-0.806028,-0.03259277,-0.7874358,-0.3001998,16.39396
pull,-0.002419274,0.1662975,-0.0227961,-0.5434717,-0.1503851,-0.1701707,-0.8081242,0.05695604,-0.7837761,-0.3948724,16.49397
pull,-0.02639217,0.2276781,0.004370774,-0.5522627,-0.1587221,-0.1792262,-0.7985556,0.03011567,-0.7276556,-0.3411932,16.59413
pull,0.07315588,0.1588917,0.002775742,-0.5754617,-0.1722582,-0.1814656,-0.7786149,0.1333274,-0.8123234,-0.2792161,16.6943
pull,-0.1174425,0.4426638,0.09901976,-0.5959398,-0.1855951,-0.1804084,-0.760173,-0.04991686,-0.5358707,-0.1230565,16.77777
pull,-0.1540397,0.5722358,0.1013782,-0.6123645,-0.2123406,-0.186857,-0.7382449,-0.06992344,-0.404843,-0.05741972,16.89359
pull,0.08906017,0.2695123,-0.08206125,-0.6033866,-0.2255479,-0.1954669,-0.73949,0.1850554,-0.693983,-0.2492047,16.99359
pull,0.02853172,0.015861,0.1454672,-0.5893141,-0.2286617,-0.2092009,-0.7460948,0.1213714,-0.940667,-0.05156463,17.09363
pull,-0.1542999,0.001850138,0.02108346,-0.5854532,-0.2331736,-0.2233494,-0.7436328,-0.07090058,-0.9516475,-0.1801526,17.19365
pull,-0.02316034,0.05168901,-0.00871303,-0.5790965,-0.2382144,-0.2355465,-0.7432489,0.05622318,-0.8984553,-0.219436,17.29379
pull,-0.08738969,0.01485391,-0.1880082,-0.5745305,-0.2510056,-0.2542637,-0.7363836,-0.01160749,-0.9372517,-0.3970679,17.39384
pull,-0.1107182,-0.04177237,-0.2779986,-0.5734357,-0.2628096,-0.2633413,-0.7298999,-0.03064003,-0.9987387,-0.4783203,17.49396
pull,-0.03437167,-0.1668206,-0.2527767,-0.5896483,-0.2721461,-0.2613256,-0.7141151,0.04500002,-1.137331,-0.4070727,17.5942
pull,0.01429777,-0.1734466,0.01911564,-0.6122016,-0.2566859,-0.2428958,-0.7073352,0.07940392,-1.1549,-0.09841313,17.67773
pull,0.01809579,-0.0705786,-0.1133507,-0.6269931,-0.2474375,-0.2311853,-0.7015752,0.07501144,-1.058276,-0.2040646,17.79357
pull,-0.1084562,-0.183734,0.03176738,-0.639811,-0.2353719,-0.2145584,-0.699433,-0.05382077,-1.178568,-0.03863302,17.89396
pull,0.0330479,-0.3862689,0.2335618,-0.6527009,-0.2169205,-0.1903566,-0.7004937,0.0889202,-1.391579,0.1792594,17.99428
pull,0.01075399,-0.3618057,0.1488973,-0.6502901,-0.1995852,-0.1729487,-0.7123042,0.07110753,-1.373279,0.07311939,18.07788
pull,0.04765026,-0.2178073,0.06157308,-0.6228754,-0.1779442,-0.1538452,-0.7461191,0.1233241,-1.225903,-0.1030483,18.19385
pull,0.01485904,-0.05614432,0.02596558,-0.5833926,-0.1607153,-0.1525036,-0.7813874,0.09014007,-1.043879,-0.2492047,18.29421
pull,0.04075229,0.1631865,0.04473193,-0.5564367,-0.1538912,-0.1607434,-0.8005356,0.1101482,-0.80354,-0.2980043,18.37777
pull,0.1419438,0.1279311,-0.04624989,-0.5361248,-0.1642591,-0.1795854,-0.8082934,0.2165325,-0.81818,-0.4256167,18.47803
pull,0.07450375,0.253852,-0.0797016,-0.5365208,-0.1759167,-0.1941919,-0.8021771,0.1496759,-0.6917875,-0.4485531,18.59366
pull,-0.0009133202,0.2589723,0.01193246,-0.5549631,-0.1867697,-0.1971256,-0.7863044,0.07501144,-0.700084,-0.306545,18.69375
pull,0.007829055,0.1906653,0.06208236,-0.5829854,-0.2017669,-0.1938264,-0.7627906,0.09014007,-0.7827989,-0.1781998,18.79368
pull,-0.07608289,0.3584327,0.2692845,-0.6145074,-0.2173255,-0.191907,-0.7337043,0.006692199,-0.6234668,0.1194793,18.89398
pull,-0.01458609,0.2454286,0.2629152,-0.6192054,-0.2261619,-0.1976129,-0.7255237,0.06769219,-0.7286312,0.1338751,18.99435
pull,0.002951985,0.08624345,0.2528821,-0.6105218,-0.2269814,-0.2062962,-0.7301948,0.08111237,-0.8813755,0.104108,19.07799
pull,0.0004712016,0.03540692,-0.1188283,-0.5898913,-0.2251818,-0.2214914,-0.7431439,0.07232741,-0.9209031,-0.3172812,19.19366
pull,-0.0414864,0.09029956,-0.2531497,-0.5750372,-0.2231201,-0.2352517,-0.7511367,0.02181927,-0.8586833,-0.487348,19.29326
pull,0.1617529,0.1038869,-0.1866283,-0.5642639,-0.2232306,-0.2489672,-0.7548442,0.2167753,-0.8416035,-0.4453805,19.39393
pull,0.2117253,-0.03217733,-0.1760873,-0.5556295,-0.2218859,-0.2632097,-0.7568111,0.2543518,-0.973851,-0.4553838,19.49404
pull,0.09111413,-0.1559384,-0.1495397,-0.5589685,-0.224591,-0.2678162,-0.7519225,0.1289365,-1.103659,-0.4200043,19.59419
pull,0.111821,0.02460795,-0.03137595,-0.5641486,-0.236002,-0.2669503,-0.7448335,0.1616319,-0.9311507,-0.2806802,19.69359
pull,0.08596323,-0.0749919,-0.06741404,-0.5768306,-0.2481529,-0.2592832,-0.7337975,0.1504072,-1.040952,-0.2767763,19.79399
pull,0.06570619,-0.08823538,-0.04195862,-0.5988582,-0.2540241,-0.2457196,-0.7186533,0.1360114,-1.066815,-0.1945483,19.89419
pull,-0.03669953,-0.242916,0.1447029,-0.6220893,-0.2440541,-0.2227205,-0.7098155,0.03255542,-1.233224,0.03798418,19.9777
pull,0.0564871,-0.4123629,0.21383,-0.6290184,-0.2307989,-0.2020415,-0.7143157,0.1325961,-1.411587,0.1109402,20.0779
pull,-0.02398263,-0.4169331,0.16832,-0.6233186,-0.2127425,-0.181811,-0.7301775,0.06134852,-1.419883,0.03383598,20.17778
pull,-0.02355113,-0.1424453,0.1056933,-0.5986087,-0.1832793,-0.1642652,-0.7622947,0.06085995,-1.134647,-0.1147601,20.29317
pull,0.003128483,-0.09906644,-0.075421,-0.5762544,-0.1598507,-0.1564781,-0.7860619,0.0757443,-1.077307,-0.3668121,20.39329
pull,-0.0376475,0.02984951,-0.09776799,-0.5614241,-0.142273,-0.1545296,-0.8004261,0.01791536,-0.9357875,-0.4348887,20.4935
pull,-0.07372346,0.1610156,-0.04116889,-0.5548622,-0.1412513,-0.1618904,-0.803721,-0.02527196,-0.797439,-0.3931639,20.59367
pull,0.006472358,0.1752028,-0.01211575,-0.5584208,-0.1531373,-0.1734582,-0.7966351,0.05768734,-0.785483,-0.3477812,20.69366
pull,-0.004597392,0.2147425,-0.03311195,-0.5747917,-0.1706979,-0.182536,-0.7792031,0.05231927,-0.7559602,-0.3177682,20.79384
pull,0.01327417,0.1876254,-0.1143973,-0.5955302,-0.1844097,-0.1873281,-0.7591079,0.07062051,-0.7940237,-0.3389962,20.89346
pull,-0.04127031,0.3889296,0.03911022,-0.613277,-0.1997363,-0.1928016,-0.7394757,0.01791536,-0.5995547,-0.1296444,20.97839
pull,-0.08765791,0.4923317,0.2448643,-0.6287788,-0.2205192,-0.199866,-0.7183747,-0.02234364,-0.4965873,0.1331438,21.07948
pull,-0.01909774,0.2307851,0.1053263,-0.6308962,-0.2329874,-0.2061922,-0.7107543,0.05085511,-0.7471752,0.0113881,21.17929
pull,-0.04896221,0.09679629,0.01497954,-0.6082111,-0.2341863,-0.2253469,-0.7241925,0.01474431,-0.8689309,-0.1323285,21.27873
pull,0.09397512,-0.06806591,-0.1353428,-0.5885068,-0.2407178,-0.2368896,-0.7345734,0.167,-1.023139,-0.3221607,21.37872
pull,-0.08118897,-0.01635716,-0.1109354,-0.5754837,-0.2412983,-0.2502444,-0.7402509,-0.01356022,-0.9667761,-0.3270402,21.47875
pull,0.03498578,0.007121256,-0.1382908,-0.5603691,-0.2473307,-0.2669896,-0.7439963,0.1023404,-0.9384716,-0.3826721,21.57893
pull,-0.05592081,-0.09388771,0.08811046,-0.551182,-0.2498161,-0.2769817,-0.7463721,0.01059611,-1.039975,-0.1752731,21.67845
pull,0.08703633,-0.1867777,-0.06018909,-0.5543523,-0.2499271,-0.2736159,-0.7452276,0.1552883,-1.137331,-0.3172812,21.77838
pull,0.05387776,-0.1339137,-0.2132149,-0.5666586,-0.250819,-0.2706974,-0.736689,0.1150277,-1.096584,-0.4424522,21.87829
pull,-0.03064869,0.0004665945,-0.09780905,-0.588991,-0.2480484,-0.2532867,-0.7262282,0.03084853,-0.9740953,-0.2797047,21.97894
pull,-0.04455864,-0.3027811,0.02614463,-0.6148717,-0.2397688,-0.2254155,-0.7166808,0.02181927,-1.290807,-0.1025598,22.07899
pull,-0.02172637,-0.3584275,0.1246061,-0.6228738,-0.2206225,-0.2048166,-0.7220832,0.0420717,-1.353516,-0.002764947,22.17903
pull,0.04173624,-0.3001766,0.2029285,-0.6210151,-0.1991028,-0.1844549,-0.7353059,0.1062443,-1.299348,0.05164709,22.27907
pull,0.001928161,-0.2439366,0.1046167,-0.6058072,-0.1750543,-0.1642857,-0.7585274,0.06964336,-1.238103,-0.1037812,22.37911
pull,-0.004815439,-0.07783367,0.04381192,-0.5879759,-0.1467003,-0.1503836,-0.7811198,0.04865965,-1.061447,-0.2274881,22.47916
pull,-0.06274357,0.04783401,-0.005289474,-0.5677849,-0.1279972,-0.1463988,-0.7998777,-0.02332078,-0.9201719,-0.3353366,22.57921
pull,-0.149009,0.1389952,-0.04943359,-0.5600689,-0.1309334,-0.155982,-0.8030248,-0.1126237,-0.8230595,-0.3956037,22.67927
pull,-0.11188,0.1657519,-0.0535344,-0.5605704,-0.1486343,-0.1680425,-0.7971389,-0.0623599,-0.7964634,-0.3873089,22.77931
pull,-0.08067144,0.2571211,-0.07253172,-0.5718966,-0.1669874,-0.1758605,-0.7836598,-0.01917258,-0.712527,-0.3670564,22.87936
pull,-0.02791637,0.2442632,-0.08226622,-0.590493,-0.1843372,-0.1816396,-0.7644244,0.04012052,-0.735952,-0.3194766,22.97861
pull,-0.07165078,0.01422306,0.0679196,-0.612839,-0.208652,-0.1916358,-0.7376777,0.001811141,-0.9767794,-0.09499624,23.07928
pull,-0.01535854,0.01925096,0.1941421,-0.6307719,-0.2280806,-0.1971543,-0.7150079,0.06232411,-0.9758038,0.0936161,23.17887
pull,-0.03246304,0.3704722,0.1696109,-0.6373886,-0.2343828,-0.2010393,-0.7059629,0.04158312,-0.6156589,0.09263895,23.27868
pull,-0.03277553,0.1375921,0.04715825,-0.6318846,-0.2362005,-0.2098879,-0.7077275,0.03523946,-0.8406279,-0.04131705,23.37886
pull,-0.02332443,0.1090949,0.1155548,-0.6234576,-0.2255857,-0.2160651,-0.7167479,0.0296271,-0.8635628,-0.003007677,23.47883
pull,0.07409462,0.04519228,-0.02693105,-0.618911,-0.2232753,-0.2183762,-0.7207004,0.1242997,-0.9191947,-0.1577047,23.5789
pull,-0.1324486,-0.3571393,-0.094134,-0.6212431,-0.2283924,-0.2250308,-0.715021,-0.07919542,-1.324724,-0.2116281,23.67902
pull,0.06576553,-0.2191339,0.1212456,-0.617431,-0.2142587,-0.228078,-0.7217011,0.09282411,-1.188084,-0.02155321,23.77914
pull,-0.00421361,-0.1760917,0.02635662,-0.6179073,-0.2174616,-0.222951,-0.7219376,0.03353257,-1.146848,-0.1128089,23.87926
pull,0.2548571,-0.7700031,-0.1151386,-0.6302004,-0.235214,-0.2126909,-0.7087202,0.3195,-1.752944,-0.2091884,23.97937
pull,-0.08926955,-0.1787091,0.02041826,-0.6457059,-0.2281443,-0.2040081,-0.6995676,-0.03356836,-1.174419,-0.04155978,24.07949
pull,0.03486229,-0.2708011,0.1948636,-0.6701097,-0.2109431,-0.1674187,-0.691684,0.1023404,-1.269092,0.1819435,24.17961
pull,0.1190502,-0.04110719,0.06137803,-0.6831376,-0.1938767,-0.1402543,-0.6899736,0.1953045,-1.042659,0.06994678,24.2788
pull,-0.01281288,0.07831816,0.07782635,-0.6912445,-0.1865343,-0.1176139,-0.6881517,0.08159939,-0.9199276,0.1031308,24.37882
pull,-0.08484107,-0.02678008,-0.003425399,-0.6945198,-0.1919318,-0.1106332,-0.684518,0.02450331,-1.022408,0.03505586,24.47852
pull,0.02945139,0.05537761,-0.03817502,-0.7048898,-0.1930561,-0.1053795,-0.6743551,0.1413795,-0.9370074,0.0301748,24.57841
pull,-0.0475948,5.737615E-06,-0.03585838,-0.7164428,-0.192239,-0.09821185,-0.6634066,0.06695933,-0.9901996,0.06482299,24.6789
pull,0.02541325,-0.01709673,0.02377902,-0.7234888,-0.1848568,-0.09138915,-0.6588171,0.1369886,-1.006304,0.1392432,24.77894
pull,-0.002509429,-0.03200082,0.02934979,-0.7289462,-0.1782764,-0.08676964,-0.6552297,0.1047801,-1.019724,0.155836,24.87897
pull,-0.02768913,-0.2721134,0.07181273,-0.740762,-0.1786924,-0.08828869,-0.6415182,0.07110753,-1.257379,0.2336715,24.979
pull,0.003220663,-0.2347641,-0.1433088,-0.7476689,-0.1478011,-0.1164547,-0.6368551,0.01742835,-1.227856,0.01944021,25.07902
pull,0.02335527,-0.01566962,0.1492855,-0.6765157,-0.08881369,-0.1472654,-0.7160667,-0.049184,-1.017284,0.07995162,25.17904
pull,0.04872599,-0.1396239,-0.1549908,-0.5948313,-0.1219388,-0.1942023,-0.7704493,0.005472323,-1.1061,-0.4182959,25.27907
pull,-0.01583651,-0.03796376,0.04517886,-0.5311825,-0.1374664,-0.1984228,-0.8121431,-0.003312646,-0.9579911,-0.3538806,25.3791
pull,0.009711652,0.08261028,0.03985357,-0.5054553,-0.1338461,-0.1906957,-0.830804,0.03938766,-0.8098837,-0.4141492,25.47913
pull,0.03400039,-0.03458547,-0.01083038,-0.5056485,-0.1226782,-0.1826089,-0.8342203,0.05402772,-0.9238315,-0.4697811,25.57915
pull,-0.03617179,0.01199093,-0.01349015,-0.5003093,-0.1184277,-0.1816957,-0.8382435,-0.01941687,-0.8708836,-0.4853968,25.67919
