pull,0.007121067,0.05897694,0.0146356,-0.6987599,-0.1700802,-0.2178628,-0.6598054,-0.07334033,-0.9426197,0.04920734,9.771954
pull,0.01800403,-0.06991809,0.02137382,-0.7004133,-0.1595093,-0.2054658,-0.6646516,-0.0582117,-1.072183,0.05359983,9.871936
pull,-0.1896242,0.1157139,-0.0437406,-0.6903213,-0.1638243,-0.2007235,-0.6755206,-0.2458484,-0.8904032,-0.03692457,9.971927
pull,-0.01145778,-0.1845519,0.002338915,-0.6882715,-0.1575981,-0.1917942,-0.6816598,-0.06089574,-1.189059,-0.0005679267,10.07191
pull,-0.05017328,0.01685439,0.03473527,-0.6800537,-0.1492115,-0.189068,-0.692471,-0.100912,-0.9860514,0.004067288,10.1719
pull,0.03675105,-0.115094,-0.02608601,-0.6698856,-0.1638254,-0.2012785,-0.6956302,-0.005263824,-1.119519,-0.07523239,10.27187
pull,0.1603541,-0.6601716,-0.06664512,-0.6602138,-0.1913707,-0.2023281,-0.6975374,0.1601678,-1.675595,-0.1225679,10.37185
pull,0.002893425,0.7172561,0.0473615,-0.6427745,-0.203706,-0.2083077,-0.7084862,0.02401629,-0.2911394,-0.04448811,10.45558
pull,-0.2079574,0.2319514,-0.1102769,-0.627268,-0.1728099,-0.2024693,-0.7319001,-0.2090048,-0.7576671,-0.2638447,10.57146
pull,0.01674123,0.06649458,-0.04990382,-0.6227075,-0.1615244,-0.2066314,-0.7371897,-0.002335501,-0.9123641,-0.2211444,10.67208
pull,0.04574869,-0.1465101,-0.0792259,-0.6304862,-0.1631623,-0.2117086,-0.7287279,0.01669549,-1.130988,-0.2304164,10.75547
pull,-0.102805,-0.723813,0.02566328,-0.6379107,-0.1616728,-0.2133056,-0.7221028,-0.1416596,-1.719271,-0.108905,10.85554
pull,-0.01496876,-0.6005302,0.03721624,-0.6218144,-0.1560878,-0.21044,-0.7380369,-0.04698854,-1.606299,-0.1447731,10.9556
pull,0.06900249,-0.3030278,0.01802289,-0.5938215,-0.1540066,-0.2081713,-0.7617891,0.05598045,-1.30496,-0.2377372,11.05567
pull,0.07000468,0.0195749,-0.01053791,-0.5605042,-0.1518855,-0.2108686,-0.7863207,0.07257169,-0.9606752,-0.3480239,11.15574
pull,-0.01789983,0.1240165,0.07595516,-0.5434236,-0.1538441,-0.2175867,-0.7960395,-0.009167736,-0.839408,-0.2982486,11.25579
pull,0.03810826,0.3204105,0.2008367,-0.5359982,-0.1582325,-0.2212383,-0.7992008,0.054272,-0.6305433,-0.1843008,11.35585
pull,-0.07042398,0.4035498,0.2943921,-0.5485407,-0.1636347,-0.2155661,-0.7911119,-0.04771984,-0.5470954,-0.05473568,11.47204
pull,-0.05956268,0.6340848,0.3991791,-0.5479084,-0.175113,-0.2197716,-0.7879291,-0.02454066,-0.303584,0.06189622,11.57194
pull,0.04221475,0.3922673,0.1598512,-0.5396792,-0.1812718,-0.2283655,-0.7897696,0.0813551,-0.5265987,-0.1857649,11.67193
pull,-0.02606445,0.1654199,0.08198517,-0.533742,-0.184137,-0.2402801,-0.7896066,0.007423501,-0.7440041,-0.2718968,11.77191
pull,-0.03287667,-0.0877435,-0.01871931,-0.5292718,-0.1883454,-0.2547832,-0.7870723,-0.006727986,-0.9948348,-0.3787682,11.87189
pull,0.008940409,-0.02406054,-0.08304875,-0.5321325,-0.1945021,-0.2725579,-0.777635,0.02108797,-0.9365188,-0.4329359,11.97196
pull,0.07271007,-0.1245327,-0.1620841,-0.538952,-0.2020007,-0.2798112,-0.7683958,0.0813551,-1.046807,-0.492716,12.05555
pull,0.04440808,-0.06658288,-0.1621831,-0.5520483,-0.2120663,-0.2914329,-0.7518892,0.04158312,-1.005571,-0.4580679,12.15571
pull,0.1462173,-0.1849059,-0.1547266,-0.5677465,-0.2211572,-0.2945629,-0.7361971,0.1374756,-1.140015,-0.4092682,12.25588
pull,0.03336472,-0.1956151,-0.1536527,-0.5810976,-0.2269024,-0.2949503,-0.7237715,0.01913524,-1.163196,-0.3736444,12.37189
pull,-0.08546679,-0.5392195,-0.08083458,-0.598979,-0.2234424,-0.2842923,-0.7144757,-0.1067687,-1.523095,-0.2636004,12.47189
pull,0.05245027,-0.6078476,-0.04515507,-0.6057989,-0.2160462,-0.2653416,-0.7182796,0.04109611,-1.613131,-0.2213887,12.57189
pull,-0.01865997,-0.3527649,0.01153312,-0.5922568,-0.2039623,-0.2563356,-0.7361544,-0.0221009,-1.359615,-0.2104083,12.67189
pull,-0.00351271,-0.01678962,0.01471249,-0.5661335,-0.1987048,-0.2579221,-0.7572883,0.005715054,-1.010208,-0.2750679,12.77189
pull,-0.05185596,0.1262326,-0.08050061,-0.5474322,-0.2038114,-0.2668412,-0.7665341,-0.03088432,-0.853071,-0.4085369,12.8719
pull,0.03158156,0.2754901,0.08046446,-0.5367317,-0.211385,-0.2804632,-0.767187,0.05549188,-0.6922761,-0.2631119,12.97178
pull,0.03927961,0.2673408,0.1425141,-0.5416731,-0.2182329,-0.2814769,-0.7614036,0.06720362,-0.6988641,-0.1816167,13.07189
pull,-0.03945157,0.4095269,0.2527613,-0.5609166,-0.2167005,-0.2688748,-0.7524092,-0.0147801,-0.5592957,-0.02643271,13.17189
pull,-0.06331987,0.4500767,0.2958572,-0.5665039,-0.2228055,-0.2681694,-0.7466701,-0.03454394,-0.5117159,0.03798418,13.27189
pull,0.02924477,0.1979282,0.1980709,-0.5600134,-0.2273484,-0.2739566,-0.7480945,0.06207983,-0.7505921,-0.06742457,13.37189
pull,-0.09307429,0.1687168,0.1019889,-0.5510213,-0.2218061,-0.2810986,-0.7537646,-0.06894785,-0.7684032,-0.1867405,13.47189
pull,0.04607489,0.007836026,-0.01382622,-0.5428926,-0.2226196,-0.2901315,-0.7559972,0.06720362,-0.9223673,-0.3187438,13.57189
pull,-0.03808648,-0.01664706,-0.06128962,-0.5349641,-0.223506,-0.3040615,-0.7559133,-0.02576053,-0.9423755,-0.3824278,13.67189
pull,-0.06860565,0.05745132,-0.1028913,-0.5319655,-0.22724,-0.3171525,-0.7515244,-0.06455692,-0.8689309,-0.4275679,13.77189
pull,-0.08524278,-0.2523015,-0.2672937,-0.5344044,-0.2384892,-0.3289568,-0.7411628,-0.08334363,-1.18784,-0.5778724,13.87188
pull,-0.04783466,0.01833878,-0.06127403,-0.5436051,-0.2403285,-0.3360644,-0.7306138,-0.06187288,-0.9267598,-0.3514408,13.97188
pull,-0.04001588,-0.1114291,-0.05125519,-0.5606514,-0.2455834,-0.3338757,-0.7168583,-0.06211562,-1.071452,-0.2999571,14.07188
pull,-0.0691149,-0.1150548,0.04419221,-0.579392,-0.2404055,-0.3186311,-0.7106224,-0.09651952,-1.086579,-0.167708,14.17188
pull,0.0549027,-0.4177714,-0.006269341,-0.5982462,-0.2368314,-0.3027143,-0.703119,0.02572319,-1.403291,-0.1784441,14.27188
pull,-0.2105368,-0.5582971,0.040821,-0.6043349,-0.2186201,-0.2829652,-0.7119799,-0.2417002,-1.557255,-0.1357438,14.37188
pull,-0.03986826,-0.3389838,0.02383024,-0.5840661,-0.2081317,-0.2745472,-0.7349638,-0.05504065,-1.338387,-0.2135809,14.47187
pull,0.03832253,-0.08947013,-0.04536319,-0.5526381,-0.2000963,-0.278201,-0.7597083,0.03475244,-1.070963,-0.3643724,14.57187
pull,0.03408602,0.1220281,-0.0458822,-0.5273555,-0.1993433,-0.2899316,-0.773368,0.03670362,-0.8386752,-0.4217128,14.67187
pull,0.03455558,0.1685926,0.01050791,-0.5187645,-0.1989901,-0.2968117,-0.7766525,0.03572803,-0.7803592,-0.3824278,14.77186
pull,0.05813603,0.2799001,0.08118697,-0.515267,-0.2005425,-0.3015777,-0.7767454,0.05890722,-0.6615319,-0.315817,14.87186
pull,-0.006805394,0.2440228,0.1402965,-0.5259934,-0.2043844,-0.2979514,-0.769924,-0.00550811,-0.7003267,-0.2277324,14.97185
pull,-0.08597536,0.3926577,0.2964832,-0.5458888,-0.209349,-0.28645,-0.7590288,-0.08090387,-0.557343,-0.02033177,15.07184
pull,0.06636935,0.3303755,0.2326851,-0.5447705,-0.2196552,-0.2908522,-0.7552361,0.08111237,-0.6110237,-0.0742568,15.17198
pull,0.01909585,0.1783966,0.1018823,-0.5368865,-0.2230371,-0.2982543,-0.7570018,0.03621505,-0.7510791,-0.2165092,15.27209
pull,-0.03772168,0.05711718,-0.04450374,-0.531623,-0.2279578,-0.306761,-0.7558504,-0.0196596,-0.8669797,-0.3685206,15.35557
pull,0.04891429,-0.04127426,-0.07129408,-0.5188046,-0.2276735,-0.3188079,-0.7598475,0.06378828,-0.9550628,-0.4217128,15.45574
pull,0.03483269,0.01043264,0.1074119,-0.5144095,-0.2278728,-0.3359134,-0.7553933,0.03353257,-0.9011393,-0.252133,15.55591
pull,-0.02473561,-0.1883679,0.1021825,-0.5193627,-0.2489606,-0.349904,-0.7388154,-0.02039246,-1.114151,-0.228708,15.67195
pull,0.1283222,0.08989763,-0.08825031,-0.5116765,-0.2442724,-0.3593017,-0.7412289,0.1228355,-0.8303788,-0.4400125,15.75551
pull,0.02713562,-0.03197233,-0.03592941,-0.5278991,-0.2451304,-0.35621,-0.7309911,0.009620522,-0.9679959,-0.3548561,15.85572
pull,0.163512,-0.1696692,0.02736738,-0.5510912,-0.2541816,-0.3469234,-0.7150764,0.1447964,-1.127084,-0.234076,15.97211
pull,0.1015669,-0.2035934,0.05165565,-0.5608121,-0.2494721,-0.3428438,-0.7111341,-0.01770842,-1.137087,-0.2560369,16.05545
pull,-0.109608,-0.5600929,0.03788011,-0.5851689,-0.2472442,-0.3275986,-0.699376,-0.1472719,-1.543103,-0.1555092,16.15553
pull,0.01375785,-0.555811,0.1140853,-0.5848593,-0.2385832,-0.3159352,-0.7079566,-0.01843972,-1.548716,-0.09084804,16.25558
pull,-0.08489376,-0.378773,0.02947352,-0.5726863,-0.2249223,-0.3078234,-0.7257308,-0.1116482,-1.372548,-0.219436,16.35564
pull,-0.041339,-0.1574988,0.04141272,-0.5462123,-0.2161642,-0.3028823,-0.7504581,-0.04796413,-1.136843,-0.2777519,16.45572
pull,0.04909056,0.06843059,-0.0022852,-0.5195051,-0.208941,-0.304596,-0.770506,0.05476058,-0.8877192,-0.386576,16.55578
pull,0.0706418,0.2139385,-0.009988702,-0.5086831,-0.2055526,-0.3098407,-0.7765232,0.07403585,-0.7269228,-0.4224441,16.65586
pull,0.03372284,0.2214068,-0.0008821826,-0.5146104,-0.2008706,-0.3052674,-0.7756539,0.03109126,-0.7196035,-0.3990206,16.75593
pull,-0.008481821,0.3084445,0.08662005,-0.5319932,-0.2026915,-0.2956338,-0.7671375,-0.01209606,-0.6403039,-0.2699441,16.87208
pull,-0.05828639,0.4241626,0.1301449,-0.5494261,-0.2062605,-0.2883739,-0.7565897,-0.06309276,-0.5331867,-0.1833252,16.95547
pull,-0.03101971,0.5288265,0.2771218,-0.5564873,-0.2203579,-0.2942615,-0.7451003,-0.03015146,-0.426071,-0.005204698,17.05554
pull,0.07468227,0.3317118,0.007097746,-0.5479965,-0.2288176,-0.3049285,-0.7445542,0.08111237,-0.608584,-0.2828757,17.15562
pull,-0.04497973,0.07096671,0.05210195,-0.5436046,-0.2268356,-0.3096837,-0.7464152,-0.04308463,-0.8608788,-0.2474962,17.2557
pull,-0.07382068,-0.0137696,0.005375197,-0.5329174,-0.2251889,-0.3214538,-0.7496375,-0.07870841,-0.9370074,-0.3180125,17.35577
pull,0.05392981,-0.1043326,-0.09979444,-0.5258421,-0.2310479,-0.3363513,-0.7463074,0.0452443,-1.025092,-0.4329359,17.45585
pull,-0.05015143,-0.1632061,-0.1441903,-0.5215636,-0.2369044,-0.3513762,-0.7405285,-0.06553251,-1.085359,-0.4817372,17.55593
pull,0.008473669,-0.1570923,-0.04634143,-0.5261851,-0.2441427,-0.3602483,-0.7305784,-0.01356022,-1.087068,-0.3682763,17.65601
pull,0.04821751,-0.2385696,-0.04712585,-0.5342303,-0.2553509,-0.3643774,-0.7187648,0.02621176,-1.182227,-0.3426558,17.77217
pull,0.05593838,-0.30704,-0.06766941,-0.5475636,-0.2616578,-0.3599613,-0.7086163,0.03279971,-1.25982,-0.3409489,17.8559
pull,-0.1251895,-0.1970235,0.05408252,-0.5636271,-0.2553663,-0.3470467,-0.704749,-0.1562996,-1.163683,-0.1789327,17.95562
pull,-0.1085017,-0.5132784,-0.01221516,-0.577437,-0.2471513,-0.3310477,-0.7041947,-0.1428795,-1.494304,-0.2240727,18.07162
pull,-0.01938011,-0.5056422,0.05680531,-0.5753113,-0.2391653,-0.3209573,-0.7133044,-0.04796413,-1.496499,-0.1706363,18.1718
pull,-0.02123155,-0.2930287,0.08120104,-0.5573257,-0.2250714,-0.3112632,-0.736102,-0.03722798,-1.27812,-0.2033317,18.272
pull,-0.01503885,-0.07719621,0.004649802,-0.5275103,-0.2126108,-0.3105547,-0.7616332,-0.0189283,-1.040219,-0.35876,18.37206
pull,-0.02468622,0.09371091,-0.003827475,-0.50855,-0.2074113,-0.314472,-0.7742511,-0.02332078,-0.8506312,-0.4119522,18.45548
pull,-0.008253196,0.3025453,-0.06398608,-0.4990019,-0.2056075,-0.3180133,-0.7794808,-0.005019538,-0.6285921,-0.4917405,18.55559
pull,0.03878735,0.2719603,-0.049086,-0.5086974,-0.2089269,-0.3176185,-0.7724603,0.03841207,-0.6651915,-0.4522128,18.65569
pull,0.02112012,0.2713257,0.009516904,-0.5268009,-0.2133593,-0.3110434,-0.7617157,0.01840394,-0.6773918,-0.349488,18.75579
pull,0.03885491,0.4363459,0.1473009,-0.5489775,-0.2228133,-0.3021688,-0.7467743,0.03987623,-0.5244032,-0.1525809,18.85589
pull,0.02251437,0.5272579,0.2891184,-0.5603132,-0.2302032,-0.3006512,-0.7366576,0.0247476,-0.4319277,0.02431971,18.95599
pull,0.05834385,0.2049356,-0.008264646,-0.5500654,-0.2359082,-0.3128422,-0.7374991,0.06207983,-0.7386361,-0.2872682,19.07174
pull,0.006926488,0.01075599,0.1125768,-0.5390896,-0.2327095,-0.3227466,-0.7423363,0.004495178,-0.9206589,-0.19162,19.15561
pull,0.08228991,0.0501878,-0.04578133,-0.5215681,-0.2352067,-0.3401032,-0.7463071,0.07867107,-0.8674667,-0.3834049,19.25602
pull,-0.0303295,-0.0605826,-0.1518165,-0.5179566,-0.2338976,-0.3528201,-0.7433242,-0.04771984,-0.9758038,-0.4983284,19.37205
pull,0.02315471,-0.05575591,-0.06135346,-0.5159724,-0.2385147,-0.3625125,-0.7385581,0.001811141,-0.9721442,-0.4080483,19.45594
pull,-0.1699394,-0.1793618,-0.1648534,-0.5299716,-0.253207,-0.3670893,-0.7212917,-0.1933876,-1.114884,-0.4700239,19.57196
pull,-0.0279933,-0.1409426,-0.1106806,-0.5401316,-0.2575257,-0.3632818,-0.7141181,-0.05235661,-1.089019,-0.3914571,19.67202
pull,-0.02053529,-0.1970799,-0.1338722,-0.5576791,-0.2640074,-0.3560918,-0.7017782,-0.04698854,-1.161732,-0.3709604,19.7555
pull,-0.1203319,-0.3697203,0.0290905,-0.5727156,-0.2655751,-0.3451491,-0.6945061,-0.1467849,-1.348392,-0.1738089,19.85567
pull,0.07051151,-0.5145151,0.07378157,-0.5751951,-0.2536724,-0.3296355,-0.704373,0.04841536,-1.503087,-0.1381851,19.95582
pull,-0.03342896,-0.3933189,0.06773248,-0.5689662,-0.2376381,-0.3142125,-0.7218561,-0.04820842,-1.384747,-0.1769799,20.05598
pull,-0.05673342,-0.155613,0.06328986,-0.5399398,-0.2174129,-0.3052459,-0.7536721,-0.05870027,-1.129035,-0.2682372,20.17193
pull,4.857295E-05,-0.06040445,0.02953452,-0.5156461,-0.2096216,-0.3074846,-0.7717649,0.006692199,-1.012892,-0.3621769,20.25558
pull,0.04779067,0.198824,0.006827033,-0.4859691,-0.2090635,-0.3209415,-0.7855718,0.06476387,-0.7227761,-0.4451362,20.35587
pull,0.02955174,0.2411139,-0.01179605,-0.4899845,-0.2098245,-0.3216374,-0.7825843,0.04304728,-0.6798316,-0.4526998,20.47213
pull,0.02595192,0.2284249,0.03238862,-0.5068183,-0.2153375,-0.317145,-0.7721295,0.03719219,-0.7052078,-0.3673007,20.57206
pull,-0.02044681,0.3549815,0.1355432,-0.5300677,-0.2201369,-0.3095437,-0.7581231,-0.0147801,-0.5922354,-0.2082128,20.67206
pull,-0.06186448,0.3948599,0.2776201,-0.5516092,-0.2284776,-0.305664,-0.7416837,-0.06016444,-0.5619798,-0.00910861,20.77207
pull,-0.01569763,0.3441878,0.2556754,-0.5522944,-0.2364448,-0.3089837,-0.7372882,-0.008436434,-0.6039472,-0.01886917,20.87206
pull,0.03884849,0.1805156,0.07973948,-0.5443071,-0.2365369,-0.3161152,-0.7401699,0.04475573,-0.7557158,-0.2099197,20.97204
pull,0.05697208,0.1614828,-0.02992135,-0.5348254,-0.2331481,-0.3267438,-0.7435336,0.05280784,-0.7623038,-0.3502209,21.07203
pull,0.03246319,0.1333046,-0.1550475,-0.5211873,-0.2373864,-0.3478312,-0.7423106,0.02255213,-0.7842631,-0.4912519,21.17203
pull,0.08294298,0.01340278,-0.2466783,-0.5210506,-0.2471045,-0.3602846,-0.7332398,0.07013194,-0.9094357,-0.5746998,21.27168
pull,-0.02493555,-0.1587394,-0.1870275,-0.5277327,-0.2544081,-0.3666227,-0.7227465,-0.04381593,-1.091703,-0.4951558,21.37214
pull,-0.03752507,-0.1162974,-0.1530201,-0.5373899,-0.2610583,-0.3674159,-0.7127876,-0.05992015,-1.059983,-0.4348887,21.45578
pull,-0.04036101,-0.03690006,-0.05354649,-0.5548896,-0.2645559,-0.3594213,-0.7020854,-0.06748369,-0.9965432,-0.2953203,21.57179
pull,-0.07876268,-0.2102678,0.03662018,-0.579977,-0.2577976,-0.3346046,-0.6965678,-0.079684,-1.224439,-0.1396477,21.67193
pull,-0.06683538,-0.5576584,0.0734134,-0.5923531,-0.2476117,-0.3160389,-0.6985166,-0.09554394,-1.549203,-0.1035369,21.77196
pull,-0.01839462,-0.4756754,0.03683569,-0.585914,-0.2340586,-0.3024122,-0.7144706,-0.03869214,-1.473076,-0.1708806,21.872
pull,-0.05467255,-0.2760038,0.06657202,-0.5648965,-0.2166338,-0.2926958,-0.7404667,-0.06479965,-1.264944,-0.2084571,21.97204
pull,-0.05054964,-0.03365092,0.05976302,-0.532925,-0.2018689,-0.2925232,-0.7678997,-0.05235661,-0.9975188,-0.3009327,22.07208
pull,0.05787088,0.1346308,-0.03176747,-0.5019476,-0.2039715,-0.302933,-0.7840126,0.07403585,-0.8018315,-0.456361,22.17214
pull,0.02198141,0.1854773,0.0215129,-0.4929968,-0.2009993,-0.2989203,-0.7919596,0.07940392,-0.7752354,-0.440501,22.2555
pull,-0.03797039,0.2017785,0.02396738,-0.4982938,-0.1987326,-0.2970327,-0.7899241,-0.0196596,-0.721799,-0.4090239,22.35556
pull,-0.05367602,0.2408102,0.1051094,-0.512078,-0.2035259,-0.2971494,-0.7797792,-0.04040059,-0.6922761,-0.2933691,22.45561
pull,-0.06857415,0.1731291,0.167246,-0.5354131,-0.2136631,-0.2971029,-0.7611904,-0.06138431,-0.7766996,-0.1708806,22.55566
pull,-0.07181406,0.2015038,0.2854263,-0.5503564,-0.2249045,-0.2983085,-0.7466846,-0.06431264,-0.7530318,-0.007155876,22.6557
pull,-0.02641053,0.2398828,0.1596278,-0.545006,-0.2285505,-0.3042729,-0.747095,-0.01673283,-0.6981312,-0.1369652,22.77194
pull,-0.01221354,0.2144991,0.04300591,-0.5361179,-0.2237887,-0.313443,-0.7511655,-0.01209606,-0.7117957,-0.2753122,22.87214
pull,0.02743965,0.08767436,-0.05653666,-0.5312146,-0.2238277,-0.3274486,-0.7486585,0.01498704,-0.8323315,-0.3841363,22.95563
pull,-0.09131713,0.08861027,-0.2319607,-0.5244913,-0.2284242,-0.3411246,-0.7458989,-0.1079885,-0.8276947,-0.5693333,23.05582
pull,-0.007251841,0.03456174,-0.06878392,-0.5262806,-0.2326309,-0.3454321,-0.7413422,-0.02551624,-0.8860107,-0.3992649,23.15601
pull,0.01575854,-0.4027608,-0.04466422,-0.5397275,-0.2463514,-0.349062,-0.7253695,-0.003312646,-1.341315,-0.3355809,23.25556
pull,-0.0748274,-0.2959392,0.03241957,-0.5495369,-0.2531831,-0.3530556,-0.713624,-0.1011563,-1.2464,-0.2318806,23.35623
pull,-0.05213964,-0.3039258,-0.1264199,-0.5690641,-0.2607645,-0.3487835,-0.6975083,-0.08505207,-1.271532,-0.3409489,23.47205
pull,-0.1404235,-0.1348682,0.03507071,-0.5879727,-0.2571797,-0.3316586,-0.6914834,-0.1746009,-1.113908,-0.1403806,23.55559
pull,-0.03269966,-0.3442212,0.09529339,-0.6026324,-0.2448955,-0.3120373,-0.6924543,-0.06968071,-1.333019,-0.05864115,23.65585
pull,-0.03334612,-0.4800041,0.117895,-0.5999535,-0.2266458,-0.2934506,-0.7089247,-0.06455692,-1.477955,-0.06205649,23.77194
pull,-0.05522996,-0.3068171,0.04461577,-0.5836164,-0.2114631,-0.284771,-0.7304661,-0.07919542,-1.300812,-0.1896688,23.8556
pull,-0.008592624,-0.1656124,0.05480045,-0.554242,-0.1946352,-0.2794433,-0.7595028,-0.02307649,-1.141724,-0.2633561,23.95601
pull,-0.06103681,-0.05657998,-0.0006042243,-0.5197281,-0.1853658,-0.2863145,-0.7832919,-0.06846084,-1.002887,-0.4026802,24.05557
pull,0.02327508,0.2236984,-0.01014211,-0.4823373,-0.1886086,-0.3108827,-0.7969501,0.02401629,-0.6851996,-0.4856411,24.172
pull,0.03221344,0.1568003,0.008377112,-0.4800562,-0.1927845,-0.3149711,-0.7957219,0.03670362,-0.7471752,-0.46612,24.27205
pull,0.02797094,0.2053621,0.06609791,-0.489461,-0.1997942,-0.3206226,-0.7859462,0.02816449,-0.7069147,-0.3821851,24.37209
pull,0.06874842,0.232535,0.08404391,-0.5071532,-0.2113969,-0.3219376,-0.7710143,0.06817921,-0.6952029,-0.316304,24.47214
pull,-0.009234945,0.2988842,0.153754,-0.5291829,-0.2195067,-0.3171112,-0.7557928,-0.01307165,-0.6451833,-0.19162,24.55551
pull,-0.01604317,0.4163811,0.2233108,-0.5523205,-0.2285773,-0.3144436,-0.7374413,-0.02624755,-0.5402632,-0.06156792,24.65555
pull,0.01775394,0.3575624,0.09309704,-0.550817,-0.2297885,-0.3185167,-0.7364407,0.005472323,-0.5880873,-0.1908887,24.7556
pull,-0.005490899,0.2108762,0.1274232,-0.5382581,-0.2172024,-0.3182298,-0.7495538,-0.0221009,-0.7142354,-0.1918643,24.85563
pull,-0.005406643,0.2251005,-0.03335101,-0.5251756,-0.2079612,-0.3237765,-0.7590201,-0.02917587,-0.6832469,-0.386089,24.95568
pull,-0.05637947,0.05237985,-0.2239221,-0.5237037,-0.2061364,-0.3302048,-0.7577645,-0.08895598,-0.853071,-0.5808007,25.05572
pull,-0.1136813,0.1447298,-0.2069046,-0.5230231,-0.2113755,-0.3374525,-0.7535868,-0.1472719,-0.7640107,-0.5617682,25.15576
pull,0.0119691,-0.113884,-0.2164715,-0.5323755,-0.2203096,-0.3358239,-0.7451593,-0.01673283,-1.038024,-0.5463968,25.25579
pull,0.00984883,-0.2416527,-0.06633964,-0.5586244,-0.2249148,-0.314978,-0.7335808,-0.01185177,-1.193208,-0.3382649,25.37186
pull,-0.01367678,-0.3364442,-0.004091308,-0.5815589,-0.2284653,-0.3024159,-0.7198176,-0.03649668,-1.311059,-0.2230971,25.4555
pull,0.0174765,0.04979588,-0.01036591,-0.5973633,-0.2239705,-0.2884951,-0.7139781,-0.007460845,-0.9357875,-0.1969881,25.55574
pull,0.006287069,-0.07166563,0.1438135,-0.6182628,-0.2115027,-0.2587368,-0.7113881,-0.01282892,-1.066084,-0.003007677,25.65597
pull,-0.01832764,0.2063188,0.04707045,-0.6225953,-0.2142395,-0.2535235,-0.7086623,-0.03039575,-0.7871915,-0.08621282,25.75549
pull,0.02030512,-0.2284867,-0.0967201,-0.6383715,-0.229822,-0.2511635,-0.6903483,0.01693977,-1.227856,-0.1762486,25.87196
pull,0.07830866,-0.01420167,-0.07485363,-0.649802,-0.2213512,-0.2462587,-0.6841912,0.06110424,-1.01582,-0.1325728,25.97182
pull,-0.01668098,0.1151143,-0.02514677,-0.6638457,-0.2093363,-0.2295883,-0.6802767,-0.03674097,-0.8867435,-0.05619984,26.05552
pull,0.01120142,0.00841854,0.06539019,-0.6792625,-0.2015712,-0.2182101,-0.6710856,-0.0147801,-0.9943478,0.06945977,26.15576
pull,0.01061959,-0.01627674,0.04569956,-0.6881389,-0.1963783,-0.2164356,-0.6641205,-0.02649183,-1.017284,0.06994678,26.25598
pull,0.05709599,-0.05641719,0.06607055,-0.7006776,-0.1939757,-0.2130881,-0.6527005,0.0115717,-1.056568,0.1233832,26.37187
pull,-0.000401165,0.03818256,-0.05604526,-0.7113826,-0.1929091,-0.218283,-0.6395884,-0.06431264,-0.9577468,0.03066337,26.4718
pull,0.01091689,-0.08782995,0.02326971,-0.7177263,-0.1869507,-0.2079005,-0.6377269,-0.049184,-1.082919,0.1236275,26.57191
pull,-0.06717547,0.1199736,-0.04164751,-0.7132667,-0.1785477,-0.2078401,-0.6451153,-0.1333647,-0.8755189,0.03969107,26.65549
pull,-0.1586934,-0.1462155,-0.02002255,-0.7133136,-0.1742792,-0.2017992,-0.6481416,-0.2209608,-1.145872,0.05872362,26.75552
pull,0.06038008,0.1958763,0.3146422,-0.6824448,-0.1628696,-0.2096282,-0.6810276,-0.004288235,-0.8079309,0.299064,26.85556
pull,-0.03133972,0.1349725,-0.03673715,-0.6177269,-0.2009946,-0.2252732,-0.7261313,-0.01770842,-0.8562436,-0.1933285,26.95559
pull,-0.05816564,0.02300122,-0.01939489,-0.5714208,-0.2087085,-0.2307733,-0.759383,-0.004776808,-0.9438396,-0.2799489,27.05562
pull,0.0733418,0.05784391,-0.003223494,-0.5609539,-0.2127669,-0.2184252,-0.7696437,0.1560196,-0.9011393,-0.2840971,27.15555
pull,7.481388E-05,0.0298321,0.05952837,-0.5713034,-0.2076387,-0.2125741,-0.7650561,0.07501144,-0.9340791,-0.2018691,27.25569
pull,0.01947514,0.0001086257,-0.02903605,-0.5774015,-0.2095871,-0.2124487,-0.7599647,0.09282411,-0.9682387,-0.2748252,27.35575
pull,0.003459369,-0.01015616,0.05089862,-0.7054468,-0.1350687,-0.1766124,-0.6729853,-0.06431264,-1.013136,0.08287995,192.8077
pull,-0.009559116,0.01273021,-0.006901432,-0.6985726,-0.1320882,-0.1826347,-0.6791124,-0.08578493,-0.9904438,0.004067288,192.924
pull,0.008616001,0.03379592,-0.01620678,-0.6967785,-0.1277945,-0.1826711,-0.681762,-0.07212046,-0.9682387,-0.01252395,193.0078
pull,0.1221617,-0.1468018,0.01078022,-0.698235,-0.1202762,-0.17359,-0.6840087,0.04378014,-1.150263,0.01480344,193.124
pull,-0.312444,0.1753124,-0.08724196,-0.6911129,-0.1475903,-0.1775315,-0.6848814,-0.3558924,-0.8289162,-0.08840828,193.2079
pull,-0.03417323,0.03937823,0.005696671,-0.6946856,-0.1383814,-0.1659291,-0.6860976,-0.07504878,-0.9653119,0.009191076,193.3076
pull,-0.1562617,0.1056322,0.02849686,-0.6817966,-0.1412713,-0.1716905,-0.6969349,-0.1936319,-0.897724,-0.002032088,193.4236
pull,0.0545122,0.006149654,-0.0755921,-0.6718924,-0.1613077,-0.1898725,-0.6974876,0.02425903,-0.9965432,-0.120861,193.5238
pull,0.07014073,-0.192109,0.01681473,-0.663386,-0.1708863,-0.1933691,-0.7023711,0.05353915,-1.195892,-0.04497668,193.6238
pull,-0.001742124,-0.1641431,-0.1509247,-0.6660281,-0.1726807,-0.1941967,-0.6991963,-0.01917258,-1.175639,-0.2047959,193.7238
pull,-0.320512,-0.4995475,-0.03115896,-0.6525797,-0.16031,-0.1949086,-0.7144586,-0.3463761,-1.516019,-0.130133,193.8236
pull,-0.05097762,-0.3417715,0.01565634,-0.6318867,-0.1675941,-0.2105147,-0.7268528,-0.07407164,-1.361079,-0.1340369,193.9235
pull,0.08488798,0.006173868,-0.1130058,-0.6013756,-0.1752712,-0.2290131,-0.7451042,0.07013194,-1.004595,-0.3358251,194.0237
pull,-0.09906622,0.1279311,-0.05997422,-0.5753306,-0.177014,-0.2431684,-0.7606114,-0.1099397,-0.865027,-0.3443643,194.124
pull,0.09525068,0.3305208,0.08596943,-0.5478998,-0.1854541,-0.2621062,-0.7724719,0.09453256,-0.6381068,-0.2535971,194.2075
pull,0.02729607,0.4539928,0.2318666,-0.5376174,-0.189304,-0.2721901,-0.7752702,0.02816449,-0.4970759,-0.1237878,194.3076
pull,0.02124005,0.225528,0.4055614,-0.5385727,-0.201691,-0.2834639,-0.7674037,0.02548046,-0.7188706,0.06580014,194.4077
pull,0.07838934,0.006599619,0.259948,-0.5187827,-0.1977965,-0.284279,-0.7816179,0.09257983,-0.9133396,-0.1220809,194.5074
pull,-0.08031497,0.008323334,0.1267954,-0.5155339,-0.1906951,-0.2802929,-0.7869537,-0.06919213,-0.9089472,-0.2684799,194.6237
pull,-0.05816204,0.2545168,0.05731053,-0.5139673,-0.1950069,-0.2852851,-0.7851256,-0.04528009,-0.6586035,-0.3360679,194.7234
pull,-0.02159221,0.1895394,0.04774758,-0.5244984,-0.1964474,-0.2839653,-0.7782502,-0.01380451,-0.7261915,-0.3199652,194.8235
pull,-0.06145746,0.1302313,0.1946895,-0.5234882,-0.2054641,-0.3001901,-0.7704742,-0.05918885,-0.7801149,-0.1650239,194.9234
pull,0.03781832,0.02500822,-0.1106637,-0.5195892,-0.2120542,-0.3167746,-0.7646658,0.033044,-0.8830839,-0.4724652,195.0241
pull,0.03465005,0.001817852,-0.2064036,-0.5179642,-0.2308021,-0.344565,-0.7481433,0.02328344,-0.9135839,-0.5561558,195.1237
pull,0.02695488,0.09303154,-0.2502482,-0.522131,-0.2484325,-0.3623295,-0.7310115,0.01206027,-0.8342827,-0.5759212,195.2237
pull,-0.001563505,-0.1367484,-0.1895588,-0.5373316,-0.263832,-0.3667305,-0.712163,-0.0196596,-1.083408,-0.4692926,195.3238
pull,-0.1043715,-0.1189763,-0.1038034,-0.552851,-0.2820593,-0.3709028,-0.6908179,-0.1245798,-1.082675,-0.3311884,195.4238
pull,0.1153564,-0.1010506,-0.009805548,-0.5656198,-0.3085316,-0.3682899,-0.6702574,0.1123437,-1.079991,-0.1784441,195.5237
pull,-0.05720219,-0.1250307,0.1395323,-0.5850657,-0.3063511,-0.3526016,-0.6629624,-0.06357978,-1.114639,0.0121194,195.6237
pull,0.07288592,-0.2321212,0.0604697,-0.5844628,-0.3057868,-0.345852,-0.6672961,0.07671989,-1.225903,-0.06962003,195.7235
pull,-0.03834136,-0.4476633,0.07504893,-0.5818667,-0.2931017,-0.3340526,-0.6811252,-0.02771171,-1.445504,-0.07742785,195.8239
pull,0.06021986,-0.5194461,-0.06116767,-0.5675763,-0.2756854,-0.3279061,-0.7030876,0.07598703,-1.519191,-0.2692128,195.9242
pull,-0.131786,-0.2980881,0.0002027129,-0.5493205,-0.249746,-0.3242203,-0.7285295,-0.1238485,-1.291051,-0.2801932,196.0241
pull,-0.00517488,0.0773451,0.1083933,-0.5121046,-0.2248657,-0.3269659,-0.7617595,0.002788286,-0.8808869,-0.2784848,196.1238
pull,0.06786264,0.1515172,0.0138013,-0.4893875,-0.2177265,-0.3359039,-0.7747668,0.07671989,-0.7801149,-0.4251281,196.2235
pull,0.008497792,0.1774471,0.03934132,-0.4799812,-0.217201,-0.3434912,-0.7774674,0.01669549,-0.7408316,-0.4168317,196.3241
pull,0.009756191,0.2620881,0.1185028,-0.4842861,-0.2207868,-0.3443411,-0.7734012,0.01791536,-0.6576279,-0.3238691,196.408
pull,0.02822236,0.2955256,0.2144295,-0.5013262,-0.2305728,-0.341754,-0.7607315,0.03645933,-0.6349358,-0.1808839,196.5242
pull,-0.01592297,0.342576,0.4038399,-0.5220959,-0.2452172,-0.3360077,-0.7445691,-0.001604198,-0.6005319,0.06897119,196.6236
pull,0.003092336,0.3052314,0.03830896,-0.5218855,-0.2495987,-0.3401836,-0.7413577,0.01791536,-0.6266394,-0.2882438,196.7236
pull,-0.0460724,0.08000346,-0.01662722,-0.5216894,-0.2461958,-0.3456542,-0.7401019,-0.04235177,-0.8496556,-0.3465597,196.8236
pull,0.07303791,0.1155651,0.1167099,-0.5118623,-0.2495543,-0.3568865,-0.7405076,0.07720846,-0.8052468,-0.2289522,196.9236
pull,0.006881681,0.01813116,-0.04313717,-0.5046283,-0.2532797,-0.3688142,-0.7383602,0.008643377,-0.8965041,-0.3987763,197.0235
pull,-0.08862638,0.01472233,-0.021859,-0.5048995,-0.2589445,-0.3824484,-0.7292169,-0.09700809,-0.9021149,-0.3712046,197.1236
pull,-0.04179171,-0.06567226,-0.08324458,-0.5010502,-0.2696412,-0.3937874,-0.7219237,-0.04698854,-0.9843429,-0.4292763,197.2238
pull,-0.2166332,-0.151286,-0.1915799,-0.5006556,-0.284664,-0.4083147,-0.7082298,-0.2221807,-1.078283,-0.5229717,197.3239
pull,-0.1223858,-0.1919422,-0.09179022,-0.5093,-0.2960238,-0.4122156,-0.6950264,-0.1306807,-1.132696,-0.3941411,197.424
pull,0.04918412,-0.2087018,-0.07407144,-0.5164267,-0.3112513,-0.4128773,-0.6826115,0.04768405,-1.161732,-0.3443643,197.5241
pull,-0.03295005,0.05301926,0.08676604,-0.5384479,-0.3100514,-0.3941681,-0.6771804,-0.03747227,-0.9133396,-0.139405,197.6241
pull,-0.1217417,-0.2813129,0.1357293,-0.5661212,-0.3064405,-0.3773566,-0.6657349,-0.1409283,-1.26348,-0.03497183,197.7242
pull,-0.02288011,-0.517167,0.04274104,-0.5687498,-0.3012055,-0.372722,-0.6684887,-0.0443045,-1.509431,-0.130133,197.8242
pull,-0.07861889,-0.4933982,0.09476317,-0.5686861,-0.2833127,-0.3548242,-0.6858789,-0.09383549,-1.493328,-0.1015842,197.9077
pull,-0.04366519,-0.2475335,0.08227585,-0.5464806,-0.2532216,-0.3391178,-0.7226595,-0.0484527,-1.236151,-0.1999164,198.0237
pull,0.01472636,-0.01877153,-0.01948156,-0.5198494,-0.2334078,-0.3384693,-0.7488096,0.01230456,-0.9838559,-0.3807209,198.1235
pull,-0.06094221,0.1704529,-0.004285561,-0.5030459,-0.2241969,-0.3470018,-0.7591248,-0.06992344,-0.7754797,-0.4090239,198.2234
pull,0.02683787,0.1977172,-0.0532353,-0.4956653,-0.2275007,-0.3558872,-0.7588832,0.01913524,-0.7400987,-0.468804,198.3241
pull,0.02928607,0.2423199,0.06270715,-0.4969047,-0.2370854,-0.3631203,-0.751678,0.0247476,-0.6954472,-0.3389962,198.4244
pull,0.06655069,0.2408209,0.08812959,-0.513456,-0.250597,-0.3615445,-0.7367833,0.06451958,-0.7100872,-0.2638447,198.5079
pull,-0.009668997,0.4011227,0.1427638,-0.544731,-0.2722223,-0.3542129,-0.7097157,-0.009167736,-0.5683234,-0.1164685,198.6239
pull,0.05312553,0.6354046,0.2378572,-0.5490769,-0.2788584,-0.3521733,-0.7047883,0.05939579,-0.3255433,-0.001300785,198.724
pull,0.02667197,0.1336343,-0.02880451,-0.5456724,-0.2823344,-0.3576997,-0.7032638,0.03328828,-0.8184227,-0.2694571,198.8242
pull,0.01211073,0.03765879,-0.007341084,-0.5371245,-0.2806584,-0.3687793,-0.7047907,0.0115717,-0.9072403,-0.2675043,198.9077
pull,-0.07131829,0.08144506,-0.06263835,-0.5205454,-0.2811312,-0.3892752,-0.7060188,-0.07943971,-0.8516068,-0.356076,199.024
pull,0.02569707,-0.06154166,-0.0676018,-0.5113447,-0.2899914,-0.4078636,-0.6986265,0.01401145,-0.9933721,-0.370229,199.1237
pull,-0.04316208,-0.1891096,-0.05266394,-0.5108676,-0.294971,-0.4194506,-0.6899765,-0.06431264,-1.125131,-0.3514408,199.2234
pull,-0.06766915,-0.1625473,-0.1291672,-0.5126739,-0.3015538,-0.4278709,-0.6805567,-0.09554394,-1.105123,-0.4175646,199.3237
pull,-0.1195752,-0.2033728,-0.05317211,-0.5221203,-0.3084201,-0.4251544,-0.6719458,-0.1487361,-1.156851,-0.3148399,199.4237
pull,-0.1324868,-0.0743663,-0.0265063,-0.5304981,-0.315436,-0.418557,-0.6662447,-0.1560569,-1.037048,-0.2626248,199.5237
pull,-0.09028659,-0.1074503,0.01800702,-0.5419631,-0.3204315,-0.4058402,-0.6624902,-0.1055488,-1.080967,-0.1882047,199.6236
pull,-0.0798027,-0.3629645,0.1588473,-0.560679,-0.3063353,-0.3764313,-0.6708928,-0.09090872,-1.348392,-0.02521283,199.7235
pull,0.04649778,-0.4290425,0.08018424,-0.5591748,-0.2900343,-0.3589777,-0.6887226,0.04451144,-1.422568,-0.1294001,199.824
pull,-0.08289561,-0.3254709,0.09517094,-0.5506374,-0.2685819,-0.3448854,-0.7111372,-0.08065959,-1.317159,-0.1601444,199.9243
pull,0.008036925,-0.1836153,0.03379961,-0.5299369,-0.2486798,-0.3408438,-0.7356294,0.01279157,-1.160268,-0.2899522,200.0237
pull,0.06158559,0.005488369,-0.006160278,-0.510621,-0.2354821,-0.3443824,-0.7518079,0.06403256,-0.9518917,-0.3846248,200.124
pull,-0.01150155,0.1752387,-0.0629306,-0.4984723,-0.2333896,-0.3576245,-0.7544265,-0.01599997,-0.7684032,-0.4675841,200.2244
pull,0.008512323,0.1850864,-0.02065213,-0.4990775,-0.2351847,-0.3616649,-0.7515373,0.0008355523,-0.75718,-0.4212242,200.308
pull,0.003951318,0.2043,0.04854321,-0.5164921,-0.2547039,-0.3626629,-0.7326919,0.002544,-0.751812,-0.2933691,200.4236
pull,-0.06780191,0.3159478,0.1241584,-0.5400959,-0.2731426,-0.3575908,-0.7112091,-0.06553251,-0.6532354,-0.1447731,200.5238
pull,-0.02079771,0.4599537,0.2686691,-0.5538669,-0.2879774,-0.3562488,-0.6952605,-0.01502438,-0.5092762,0.04945163,200.6235
pull,0.07687139,0.2424739,0.1546871,-0.5472237,-0.2938603,-0.3650612,-0.6934858,0.084772,-0.714724,-0.06986431,200.7237
pull,0.05045443,0.09405974,0.02742493,-0.5357094,-0.2852984,-0.3765353,-0.6998867,0.04646418,-0.8508755,-0.2304164,200.8236
pull,0.02128012,0.07228734,-0.04544767,-0.5230634,-0.2800887,-0.3878934,-0.7053323,0.0108404,-0.8618559,-0.334848,200.9238
pull,-0.03134154,-0.002045508,-0.2648876,-0.5128066,-0.28896,-0.4102797,-0.6965644,-0.049184,-0.9333478,-0.5654278,201.0237
pull,-0.01222907,-0.08521506,-0.3308461,-0.5067099,-0.2938718,-0.4241861,-0.690616,-0.03576382,-1.01704,-0.6388724,201.1237
pull,-0.08619179,-0.05487941,-0.1143885,-0.5111058,-0.3046719,-0.4302013,-0.678876,-0.1118924,-0.9967875,-0.4019489,201.2238
pull,-0.1188143,-0.1451744,-0.08483896,-0.5226073,-0.3110017,-0.4240592,-0.6710688,-0.1443436,-1.099268,-0.3421688,201.3237
pull,-0.02617347,-0.1763444,0.1047945,-0.5351494,-0.3196214,-0.4171441,-0.6613985,-0.04967258,-1.143675,-0.1164685,201.4237
pull,-0.100376,-0.2220699,0.07915801,-0.5444685,-0.3179277,-0.4057642,-0.6616882,-0.1214087,-1.196867,-0.1250092,201.5237
pull,-0.06157431,-0.4499964,0.07854765,-0.5543813,-0.3099334,-0.3890619,-0.6672581,-0.07943971,-1.436475,-0.1157372,201.6238
pull,-0.006231769,-0.4072059,0.06188074,-0.5521832,-0.2898711,-0.371148,-0.6879808,-0.01746413,-1.399875,-0.1642926,201.7238
pull,-0.04032763,-0.2577334,0.05941038,-0.5395819,-0.2714983,-0.3619535,-0.7100209,-0.04552438,-1.244936,-0.2177291,201.8239
pull,-0.05796105,0.05555703,0.04509306,-0.5185891,-0.2525338,-0.3583855,-0.7340652,-0.05894456,-0.912851,-0.2987372,201.9239
pull,0.05854995,0.0570635,-0.008519994,-0.5046998,-0.2411586,-0.3632162,-0.7451138,0.05109939,-0.8960155,-0.3931639,202.0239
pull,0.06440262,0.1704788,-0.03883641,-0.4940774,-0.2369966,-0.3726185,-0.7489163,0.05085511,-0.7686475,-0.4480646,202.1239
pull,0.07759156,0.2229587,-0.02008899,-0.4977011,-0.242434,-0.3787184,-0.7416816,0.05988437,-0.7174081,-0.4148805,202.2239
pull,0.01290861,0.2383936,0.03247702,-0.5151494,-0.2553324,-0.3781931,-0.7255318,-0.0064837,-0.7142354,-0.3106932,202.3239
pull,-0.05636606,0.1577099,0.1865737,-0.546176,-0.2647712,-0.3632389,-0.7068561,-0.07895269,-0.8115921,-0.07791642,202.4239
pull,-0.002714278,0.4814031,0.2612776,-0.5570179,-0.2792225,-0.3639405,-0.6923245,-0.02136805,-0.4846313,0.03969107,202.5239
pull,0.06512456,0.3149153,0.06481557,-0.5483944,-0.2932,-0.375302,-0.6873469,0.05671176,-0.6415237,-0.1577047,202.6239
pull,0.06006234,0.126573,0.02620065,-0.5354564,-0.2926495,-0.3877645,-0.6908556,0.0493925,-0.8193999,-0.2235842,202.7239
pull,-0.06630159,0.04833649,-0.08369678,-0.529663,-0.2925388,-0.3958955,-0.6907568,-0.08114816,-0.8904032,-0.3446085,202.8239
pull,-0.1870849,-0.1228558,-0.1852988,-0.5287479,-0.3040254,-0.4075212,-0.6796475,-0.204368,-1.06706,-0.4353772,202.9239
pull,0.05423502,-0.02970606,-0.2130242,-0.5297347,-0.3090781,-0.4159277,-0.6714581,0.02914008,-0.9792191,-0.4558724,203.0239
pull,0.08571383,-0.08454133,-0.174998,-0.5347994,-0.3144131,-0.4179481,-0.6636666,0.05646747,-1.042172,-0.4017046,203.1235
pull,0.04337708,-0.01670638,0.09090184,-0.5506082,-0.3197283,-0.4088507,-0.6537932,0.0115717,-0.9872712,-0.09621611,203.2237
pull,0.08841428,-0.2707841,0.04408357,-0.5685692,-0.3280055,-0.3964134,-0.6418705,0.05890722,-1.254208,-0.09328779,203.3235
pull,-0.02460682,-0.4530339,0.08149453,-0.5781544,-0.3226548,-0.3844696,-0.6432841,-0.05406351,-1.44526,-0.04180407,203.424
pull,-0.0008823346,-0.5424419,0.144395,-0.587943,-0.3003079,-0.3600167,-0.659186,-0.02868885,-1.54774,0.01431486,203.5243
pull,-0.05154035,-0.3713006,0.09582381,-0.576035,-0.278585,-0.348491,-0.6849293,-0.07187618,-1.377916,-0.08962816,203.6237
pull,0.008248146,-0.1504644,0.03663978,-0.5465983,-0.2589467,-0.3484322,-0.7160809,-0.002092771,-1.14148,-0.2394441,203.7238
pull,0.05198567,-0.06682036,0.01306282,-0.5100742,-0.246879,-0.3588867,-0.7416706,0.05207654,-1.029727,-0.3558317,203.824
pull,-0.04148416,0.2337768,-0.001243993,-0.4731468,-0.2390375,-0.382069,-0.7569785,-0.04113189,-0.6893478,-0.4509929,203.9242
pull,-0.001218475,0.2139954,-0.06124039,-0.4643519,-0.242874,-0.390817,-0.7567375,0.003519589,-0.6993511,-0.5224847,204.0244
pull,0.02559954,0.2279028,0.07029634,-0.4739161,-0.2476054,-0.3926042,-0.7483028,0.02401629,-0.6920319,-0.3655923,204.1238
pull,0.09564111,0.5006498,0.09236131,-0.4993528,-0.2588025,-0.3857279,-0.7313563,0.0889202,-0.4358316,-0.2775092,204.2239
pull,-0.02081056,0.4278735,0.1046672,-0.5295876,-0.2649525,-0.3734656,-0.7140452,-0.03796084,-0.524159,-0.1933285,204.324
pull,0.006405643,0.3494447,0.08554444,-0.5311468,-0.2673815,-0.3751295,-0.7111034,-0.01160749,-0.5954081,-0.2038203,204.4241
pull,0.05692229,0.1469672,0.1028531,-0.5243856,-0.2657512,-0.3793522,-0.7144845,0.03914337,-0.7869472,-0.200405,204.5242
pull,0.02965439,0.06837176,0.1298164,-0.5207203,-0.2638859,-0.3855976,-0.7145131,0.005715054,-0.858439,-0.1816167,204.6243
pull,-0.2201312,0.01958851,0.1252982,-0.5050927,-0.2699905,-0.4084052,-0.7107683,-0.2460927,-0.8999195,-0.2045532,204.7243
pull,0.07185593,0.07341065,-0.2466787,-0.4940061,-0.2790861,-0.4261055,-0.7046297,0.04475573,-0.8406279,-0.5951965,204.8237
pull,0.06314523,-0.0670983,-0.2546023,-0.4916513,-0.2912412,-0.4410773,-0.6920321,0.033044,-0.9887354,-0.5956851,204.9239
pull,-0.09722043,-0.08548035,-0.1216164,-0.502662,-0.2995582,-0.4457784,-0.6774048,-0.1389755,-1.021188,-0.4326932,205.0241
pull,-0.005824801,-0.04369136,-0.07823224,-0.5142426,-0.3061231,-0.4423728,-0.6679443,-0.05137947,-0.9916637,-0.3590043,205.1242
pull,-0.06914187,-0.1401567,-0.08669391,-0.5346951,-0.3169213,-0.4288274,-0.6555678,-0.1118924,-1.1061,-0.3124001,205.2244
pull,-0.006239149,-0.1663425,-0.03522186,-0.5501734,-0.3309508,-0.4157468,-0.6441548,-0.009167736,-1.118543,-0.1767372,205.3239
pull,-0.09030965,-0.2442385,-0.0224492,-0.5621521,-0.323602,-0.3945023,-0.6508721,-0.1126237,-1.232247,-0.1811281,205.4241
pull,-0.04284486,-0.4226466,0.1001659,-0.5734257,-0.3065736,-0.3695992,-0.6637711,-0.05992015,-1.421592,-0.05595711,205.5245
pull,0.02121934,-0.3078763,0.09810519,-0.5635009,-0.284596,-0.3539414,-0.6900706,0.01498704,-1.306667,-0.108905,205.6237
pull,-0.01020666,-0.1707234,0.08582149,-0.5450932,-0.2592093,-0.3427089,-0.7198851,-0.0106319,-1.15734,-0.1923529,205.724
pull,-0.05914133,-0.0291043,-0.03744399,-0.5156524,-0.2410079,-0.3440089,-0.7467768,-0.05382077,-0.9904438,-0.3990206,205.8244
pull,-0.1542801,0.1235881,-0.07012581,-0.4906883,-0.2286135,-0.3525541,-0.7633259,-0.1511759,-0.8106149,-0.4949131,205.924
pull,0.005464938,0.1785827,-0.03720445,-0.4786185,-0.2308063,-0.3673584,-0.7633483,0.006203626,-0.7422957,-0.4824685,206.0238
pull,-0.0745602,0.2492512,0.0148595,-0.4844059,-0.2403606,-0.3748837,-0.7530205,-0.07578009,-0.6764162,-0.4075597,206.1237
pull,0.06336708,0.2762833,0.01548976,-0.5016122,-0.2551096,-0.3753498,-0.7364894,0.0625684,-0.6654358,-0.355589,206.2237
pull,-0.000298854,0.3758747,-0.03491018,-0.525516,-0.2710259,-0.3722674,-0.7153984,-0.003799663,-0.5829635,-0.3372878,206.3237
pull,-0.08205438,0.405213,0.06910559,-0.5490888,-0.2875186,-0.3693073,-0.6924208,-0.08944456,-0.566615,-0.1623399,206.4237
pull,0.03927387,0.4034769,0.1473893,-0.5519351,-0.2921573,-0.3708768,-0.6873589,0.03157983,-0.5629553,-0.07059717,206.5236
pull,0.08597698,0.2374975,0.07525857,-0.5415472,-0.286539,-0.381912,-0.6919286,0.06915635,-0.7139912,-0.1696607,206.6236
pull,0.1964256,0.3500316,0.06868429,-0.5393817,-0.2707188,-0.385315,-0.6980766,0.1596792,-0.587356,-0.1960125,206.7237
pull,-0.1755853,0.1303943,-0.125004,-0.5426919,-0.2516141,-0.3854838,-0.7025511,-0.2385276,-0.7979276,-0.4009718,206.8237
pull,0.1103063,0.0895739,0.04484034,-0.5439049,-0.2472136,-0.3901573,-0.7005926,0.03450816,-0.8381882,-0.2331004,206.9238
pull,0.07078029,-0.05500165,-0.06326579,-0.5536097,-0.2639571,-0.3873212,-0.6883496,0.006936485,-0.9977631,-0.3048366,207.0238
pull,-0.01721455,-0.6390808,-0.1419618,-0.5806577,-0.282749,-0.3699893,-0.6678304,-0.06870356,-1.613864,-0.3060564,207.1238
pull,-0.3038085,-0.157673,-0.01415158,-0.5968583,-0.2746409,-0.3454723,-0.6700608,-0.3483289,-1.151239,-0.151361,207.2238
pull,0.1192601,0.1836424,0.1176656,-0.6123013,-0.2701089,-0.3206546,-0.6703051,0.08867591,-0.8111035,0.01333927,207.3238
pull,-0.001123176,-0.2623193,0.028852,-0.643471,-0.2656364,-0.2898293,-0.6567963,-0.02527196,-1.265431,-0.002032088,207.4238
pull,-0.07834471,0.06863189,0.05681038,-0.6449208,-0.262844,-0.2830173,-0.6594629,-0.09676381,-0.9331035,0.02675946,207.5238
pull,-0.0259429,0.08976625,-0.05918055,-0.6437425,-0.2778986,-0.2900974,-0.6513152,-0.03747227,-0.912851,-0.07596369,207.6238
pull,0.02339978,-0.07060622,0.01138826,-0.6457922,-0.2785607,-0.2892457,-0.6493791,0.0115717,-1.072672,0.0006519487,207.7238
pull,0.01711327,-0.03806879,0.06125361,-0.6546775,-0.2736466,-0.283054,-0.645287,-0.000384323,-1.040219,0.06823989,207.824
pull,0.09924447,-0.009756377,0.02912073,-0.6607707,-0.2670811,-0.2723886,-0.6464164,0.08452772,-1.011916,0.04505914,207.9243
pull,-0.005408784,-0.1139371,0.03120112,-0.6753526,-0.2504721,-0.2521663,-0.6462003,-0.02234364,-1.115615,0.06897119,208.0237
pull,-0.0252482,-0.01555691,0.07428646,-0.6854395,-0.2407566,-0.2430186,-0.6427682,-0.04893972,-1.015576,0.1299712,208.1239
pull,0.0660049,0.08775196,-0.05193027,-0.6758433,-0.2259621,-0.2524229,-0.6545682,0.02035511,-0.9169993,-0.03619171,208.224
pull,-0.06387907,0.07969382,-0.01353213,-0.6443207,-0.2273276,-0.2576178,-0.6832321,-0.08529636,-0.9213917,-0.08011189,208.3241
pull,0.0471767,0.01632546,-0.02197271,-0.6013416,-0.2299458,-0.2664027,-0.7173164,0.05671176,-0.9736068,-0.193817,208.4242
pull,0.09909055,0.02995084,-0.02552643,-0.5648031,-0.2377871,-0.2817317,-0.7382966,0.1321075,-0.9423755,-0.2755564,208.5243
pull,-0.04790961,0.243505,0.1503986,-0.5468285,-0.2224974,-0.2848398,-0.7552084,-0.02332078,-0.7108201,-0.1530679,208.6245
pull,0.04691264,-0.00803626,0.006852901,-0.5587655,-0.2272066,-0.2834823,-0.7455173,0.06891207,-0.971167,-0.2657959,208.7238
pull,-0.04695815,-0.006873663,-0.08238479,-0.5666965,-0.239747,-0.2914094,-0.7324322,-0.02600482,-0.9784878,-0.325576,208.8241
pull,-0.01728155,0.05718837,0.004722276,-0.7201829,-0.1792814,-0.1618623,-0.6503808,-0.05308792,-0.9694601,0.1075233,218.6782
pull,0.005929825,0.003464547,0.00331859,-0.7116916,-0.179911,-0.1641608,-0.6589221,0.009376235,-0.9980074,0.08141579,218.7783
pull,0.03022064,-0.006365544,-0.02556635,-0.7074142,-0.1834189,-0.1639712,-0.662598,0.04134039,-1.008011,0.04286368,218.8783
pull,0.07521626,0.004396375,-0.008475327,-0.7042909,-0.1874277,-0.1566561,-0.6665614,0.1045358,-0.9972761,0.05408685,218.9783
pull,-0.07065207,0.08799566,0.06586707,-0.6938127,-0.178474,-0.1523454,-0.6808537,-0.03893643,-0.9138282,0.09239622,219.0945
pull,0.1153306,-0.1479474,-0.01896475,-0.6829387,-0.1760074,-0.1653052,-0.6894131,0.1323518,-1.155144,-0.02423569,219.1947
pull,-0.2275578,-0.3543473,-0.1247117,-0.681831,-0.192059,-0.1954564,-0.6782452,-0.2336481,-1.367667,-0.1211037,219.2783
pull,-0.02296734,-0.1134165,-0.0976419,-0.6481484,-0.1949675,-0.2193695,-0.7026865,-0.03356836,-1.132452,-0.1833252,219.3944
pull,0.006737365,-0.04521999,-0.0390889,-0.6240383,-0.1986241,-0.2349342,-0.718283,-0.001359912,-1.062423,-0.1852763,219.4945
pull,0.05920945,-0.03084853,-0.06938468,-0.6043733,-0.1974518,-0.2494749,-0.7304162,0.04573132,-1.039975,-0.2662845,219.5948
pull,-0.02611933,0.1354105,0.05080359,-0.584846,-0.1941493,-0.2644641,-0.7418356,-0.04796413,-0.8603917,-0.1960125,219.6784
pull,-0.02014017,0.1641253,0.1367045,-0.554811,-0.1963719,-0.2869173,-0.7558447,-0.04210748,-0.8071996,-0.1769799,219.7945
pull,0.02970728,0.2991952,0.2175074,-0.5381607,-0.1957722,-0.2978341,-0.7637743,0.007912074,-0.6517713,-0.1311086,219.8946
pull,0.02763638,0.1994179,0.2681157,-0.5313088,-0.1970426,-0.3000879,-0.7673542,0.01108313,-0.7386361,-0.09133661,219.9948
pull,0.01564431,-0.01127821,0.2192027,-0.5211367,-0.194932,-0.3008776,-0.7745261,0.004008162,-0.9357875,-0.1616086,220.0783
pull,0.04486512,-0.02570753,0.1853159,-0.5133308,-0.1937809,-0.3051295,-0.7783549,0.03328828,-0.9409113,-0.2116281,220.1785
pull,-0.0367279,0.180287,0.1475371,-0.5185308,-0.1974617,-0.3082544,-0.7727314,-0.05113674,-0.736439,-0.234076,220.2946
pull,0.02435959,0.2413977,0.1127757,-0.5248433,-0.2016403,-0.3126077,-0.765609,0.005228037,-0.6761719,-0.2501802,220.3942
pull,-0.06803754,0.1822423,-0.01388131,-0.5238433,-0.2048207,-0.3190495,-0.762787,-0.08944456,-0.731071,-0.37462,220.4942
pull,-0.1372536,-0.009276557,-0.07839523,-0.5199753,-0.2097079,-0.3314295,-0.7588167,-0.1631319,-0.9187077,-0.4422079,220.5942
pull,0.01407358,0.04444852,-0.1351541,-0.5122004,-0.2193766,-0.3504254,-0.7528124,-0.01404879,-0.8625872,-0.5068691,220.6942
pull,0.04673565,0.02485768,-0.2683464,-0.5130495,-0.2344148,-0.3638684,-0.7412352,0.02133226,-0.8901589,-0.6256965,220.7943
pull,0.02230201,-0.001873672,-0.2714254,-0.5183225,-0.2470537,-0.3729441,-0.7288477,-0.003799663,-0.928224,-0.6071525,220.8943
pull,0.08604009,-0.08058792,0.02916461,-0.5320867,-0.2579919,-0.371648,-0.7156826,0.06012709,-1.022895,-0.2679929,220.9944
pull,0.05723039,-0.1907497,0.05281742,-0.5432817,-0.2654272,-0.3689381,-0.7058881,0.03133555,-1.144164,-0.2133366,221.0943
pull,0.02220998,-0.06151501,0.02481584,-0.5551937,-0.2768312,-0.3656062,-0.6938707,0.0005912661,-1.026556,-0.203576,221.1944
pull,-0.008840926,-0.2257591,0.06379703,-0.5773606,-0.2959704,-0.3434924,-0.6790208,-0.003556932,-1.209799,-0.09377636,221.2944
pull,-0.01281316,-0.4637083,0.07255957,-0.5809925,-0.2968315,-0.3311349,-0.6816807,0.007179215,-1.45624,-0.07669655,221.3944
pull,-0.03666474,-0.4737395,0.01964175,-0.5761233,-0.2861293,-0.3239644,-0.6937283,-0.01258463,-1.474051,-0.1555092,221.4944
pull,-0.008719434,-0.3190899,0.08150827,-0.5617417,-0.2678441,-0.3191563,-0.7147342,0.01620847,-1.317892,-0.1496526,221.5944
pull,-0.02261724,-0.06025974,0.03545258,-0.5495828,-0.2474197,-0.3098508,-0.7353466,0.001324125,-1.048271,-0.245545,221.6944
pull,-0.008849892,0.007222977,0.01790036,-0.5464418,-0.2373807,-0.3070474,-0.7421413,0.008399091,-0.9767794,-0.2804359,221.7944
pull,-0.002677955,0.0625083,0.05263632,-0.5396473,-0.2299082,-0.3093317,-0.7484897,0.007912074,-0.9135839,-0.2677486,221.8944
pull,0.01462388,0.1411304,0.1343951,-0.5368457,-0.2286105,-0.3116736,-0.749929,0.02303915,-0.8264748,-0.1913757,221.9944
pull,0.009070797,0.3176653,0.1003619,-0.5472949,-0.2320613,-0.3078886,-0.7428462,0.01693977,-0.6517713,-0.1969881,222.0944
pull,-0.02361283,0.3696772,0.1528432,-0.5710939,-0.2462682,-0.2990746,-0.7237114,-0.00868072,-0.6093153,-0.07474381,222.1944
pull,0.008047137,0.5701603,0.09307907,-0.5783949,-0.2570005,-0.2994964,-0.7139411,0.02840722,-0.4024033,-0.1042682,222.2944
pull,-0.03052749,0.227239,-0.03105611,-0.5660488,-0.2662832,-0.3126817,-0.7147812,-0.004288235,-0.7322909,-0.2448122,222.3944
pull,-0.08690621,-0.02553754,-0.08925689,-0.5554906,-0.2679645,-0.3285887,-0.7153004,-0.01087618,-1.021431,-0.2126037,222.4944
pull,-0.0269142,0.1342345,0.04301108,-0.5445505,-0.2659516,-0.3398739,-0.7191802,-0.0147801,-0.8108592,-0.2172405,222.5944
pull,0.009517892,0.004490024,-0.1810142,-0.531357,-0.2728575,-0.3543531,-0.7194737,0.02523617,-0.9335921,-0.4614848,222.6944
pull,-0.01157038,-0.04405983,-0.09705995,-0.5288719,-0.2755004,-0.3647776,-0.7150744,-0.003556932,-0.9836116,-0.3804766,222.7944
pull,0.03756569,-0.2376462,-0.09791355,-0.5291427,-0.2834957,-0.3703215,-0.7088725,0.04743977,-1.183936,-0.3731558,222.8945
pull,0.02451273,-0.1142453,-0.01965218,-0.5299511,-0.2876076,-0.3734941,-0.7049367,0.03401959,-1.06462,-0.2892209,222.9944
pull,-0.0395731,-0.1905303,0.09739937,-0.5392476,-0.299513,-0.3670797,-0.6962445,-0.01941687,-1.155387,-0.1355011,223.0945
pull,0.07308877,-0.2312823,0.1663487,-0.5528562,-0.2922054,-0.3512757,-0.6968295,0.09184852,-1.203699,-0.05083177,223.1945
pull,-0.07562941,-0.5283089,0.06466992,-0.5548961,-0.2815152,-0.3423968,-0.7039914,-0.05918885,-1.506015,-0.1618529,223.2945
pull,0.0115283,-0.5163857,-0.0003920541,-0.5510265,-0.272401,-0.3322448,-0.7153887,0.03548374,-1.500647,-0.2484718,223.3945
pull,-0.006962891,-0.3427447,0.08526145,-0.5368567,-0.2568396,-0.3264806,-0.734322,0.02035511,-1.322527,-0.2135809,223.4945
pull,-0.09468881,-0.1357722,0.05137876,-0.5164724,-0.2400463,-0.321821,-0.75635,-0.06309276,-1.099024,-0.3102047,223.5945
pull,0.08330832,0.09425375,0.07818057,-0.5039982,-0.2292329,-0.3176344,-0.7697703,0.1169804,-0.8535595,-0.3197209,223.6945
pull,-0.006950276,0.1338519,-0.001242218,-0.502854,-0.2243067,-0.3180058,-0.7718139,0.02011238,-0.8071996,-0.4043887,223.7945
pull,0.02397223,0.1968306,0.01920443,-0.5122516,-0.2287662,-0.3153687,-0.7653801,0.05158797,-0.749615,-0.3585158,223.8945
pull,-0.02764173,0.4317382,0.09833156,-0.5329136,-0.2345261,-0.306947,-0.7528507,-0.001359912,-0.5258674,-0.2274881,223.9945
pull,-0.09704651,0.378164,0.2496819,-0.5604275,-0.2400119,-0.2954216,-0.7355552,-0.07504878,-0.5897957,-0.007400162,224.0945
pull,-0.05356947,0.5532531,0.197142,-0.5567078,-0.2489074,-0.3031942,-0.7322532,-0.02698041,-0.4002078,-0.05571283,224.1945
pull,0.03044023,0.1808472,-0.09147704,-0.5479323,-0.2589909,-0.3171613,-0.7294536,0.06012709,-0.7640107,-0.3516851,224.2945
pull,-0.01612184,0.1465944,-0.04813198,-0.5337211,-0.2572374,-0.3336641,-0.7332386,0.004495178,-0.7874358,-0.339729,224.3945
pull,0.02591301,-0.07169335,-0.1382475,-0.5278553,-0.2656977,-0.3423421,-0.7304624,0.05207654,-1.003864,-0.4331802,224.4945
pull,-0.07110225,-0.005208879,-0.02735658,-0.5239012,-0.2684818,-0.3564095,-0.7255462,-0.05528494,-0.9374959,-0.3280158,224.5945
pull,0.06904344,-0.2206359,-0.122145,-0.531418,-0.2787969,-0.3662152,-0.7111636,0.07623132,-1.164172,-0.3970679,224.6945
pull,0.1762064,-0.03081342,-0.0767532,-0.5310639,-0.2806342,-0.3718534,-0.7077716,0.1784675,-0.9775107,-0.3511965,224.7945
pull,-0.1422433,-0.1595711,-0.02081381,-0.536849,-0.2845157,-0.3682695,-0.7037197,-0.1372686,-1.114395,-0.2797047,224.8945
pull,-0.03251136,-0.1148242,0.1166406,-0.5467948,-0.2929532,-0.3585396,-0.6975982,-0.01599997,-1.080724,-0.112076,224.9946
pull,0.07091479,-0.3222623,0.06431558,-0.555797,-0.2947098,-0.3491682,-0.6944907,0.09209125,-1.298372,-0.1437959,225.0946
pull,0.04038514,-0.4580583,0.1490025,-0.5662904,-0.2786867,-0.3236582,-0.7049072,0.06695933,-1.445991,-0.05619984,225.1946
pull,0.04868444,-0.406775,0.02061778,-0.5619429,-0.265802,-0.3123266,-0.7183464,0.08013523,-1.3989,-0.2108968,225.2946
pull,0.0217827,-0.2206475,0.1028296,-0.5476372,-0.2450888,-0.3039904,-0.74001,0.05231927,-1.204431,-0.1843008,225.3946
pull,-0.07992539,-0.01968245,0.07532373,-0.5329195,-0.2270217,-0.3008785,-0.7575817,-0.05601624,-0.9889797,-0.2623806,225.4946
pull,0.00471823,0.002528343,-0.01954528,-0.5265166,-0.2179629,-0.3028799,-0.7638955,0.01913524,-0.9577468,-0.3790125,225.5946
pull,-0.04526846,0.1580936,0.005189527,-0.5256526,-0.2136012,-0.3070762,-0.7640471,-0.04162047,-0.7962192,-0.3585158,225.6946
pull,0.05048443,0.207977,-0.001538702,-0.5349045,-0.2215934,-0.306772,-0.7554233,0.05720033,-0.751812,-0.3365564,225.7946
pull,-0.01758318,0.3659309,0.07341106,-0.5558143,-0.2364963,-0.3034503,-0.7369246,-0.006240969,-0.6058999,-0.1994278,225.8946
pull,0.01534626,0.5345039,0.0386759,-0.5815166,-0.2620198,-0.2976574,-0.7103408,0.04134039,-0.4451036,-0.1472128,225.9946
pull,-0.01599265,0.3777876,-0.03463327,-0.5938482,-0.27736,-0.2962183,-0.6947448,0.01718406,-0.6000433,-0.1738089,226.0946
pull,0.06720464,0.02996114,0.05834658,-0.5892996,-0.2759655,-0.3032681,-0.6961304,0.09355541,-0.9418869,-0.09231219,226.1946
pull,-0.09720376,0.08739039,0.06048178,-0.5722647,-0.2608294,-0.3127183,-0.7118205,-0.08407649,-0.8696637,-0.1440402,226.2946
pull,0.02697516,0.08439079,-0.1206823,-0.560329,-0.2584497,-0.3252023,-0.7165742,0.03279971,-0.8652713,-0.3538806,226.3946
pull,-0.1065793,-0.02483745,-0.113025,-0.5511304,-0.2583452,-0.3391205,-0.7172937,-0.1096954,-0.971167,-0.3668121,226.4946
pull,-0.01616803,-0.1308988,-0.05189238,-0.5471953,-0.2625839,-0.3508844,-0.7130969,-0.02551624,-1.07926,-0.3106932,226.5946
pull,0.0946992,-0.1180295,-0.06632241,-0.5481216,-0.2739547,-0.3601018,-0.7034473,0.0855033,-1.072183,-0.3116688,226.6946
pull,-0.04524012,-0.2219715,-0.04976331,-0.5569508,-0.2798471,-0.3521744,-0.6981866,-0.04674425,-1.188815,-0.2709212,226.7946
pull,0.02945966,-0.1582588,0.006358323,-0.5688905,-0.2793973,-0.3373832,-0.6960412,0.03450816,-1.133428,-0.1891803,226.8946
pull,-0.05064534,-0.298267,0.04156126,-0.5794525,-0.2713472,-0.3207343,-0.6983804,-0.04332891,-1.282999,-0.139892,226.9946
pull,-0.004330716,-0.4164106,0.0485199,-0.5820501,-0.2624389,-0.3045735,-0.7068086,0.01230456,-1.4111,-0.1384278,227.0947
pull,-0.05049494,-0.2757812,0.02478944,-0.5700012,-0.2370239,-0.2941135,-0.7296681,-0.03966773,-1.267139,-0.2179718,227.1946
pull,-0.04400859,-0.16857,0.05717409,-0.550324,-0.2128312,-0.2890047,-0.7538717,-0.04113189,-1.146603,-0.2545727,227.2946
pull,0.03064038,0.01025973,0.02375526,-0.5269276,-0.1965244,-0.2931299,-0.7731754,0.02548046,-0.9455481,-0.3538806,227.3947
pull,0.02395562,0.1746121,0.03065686,-0.5165456,-0.1923571,-0.2992144,-0.7788775,0.01425574,-0.7674276,-0.3712046,227.4943
pull,0.01586704,0.2042511,-0.0325695,-0.5216877,-0.1973577,-0.3024085,-0.772943,0.005228037,-0.7398559,-0.4178089,227.5944
pull,-0.06129595,0.268582,-0.02031622,-0.536018,-0.2074495,-0.3016609,-0.7606906,-0.06919213,-0.6859309,-0.3646167,227.6942
pull,-0.00700552,0.4579919,0.009391795,-0.5567626,-0.2218018,-0.2981144,-0.7429315,-0.009412022,-0.507812,-0.2740923,227.7942
pull,0.03702276,0.5757385,0.07466913,-0.5750561,-0.2412971,-0.2963556,-0.7233669,0.0452443,-0.3958153,-0.1467242,227.895
pull,-0.04811245,0.2422196,0.04505186,-0.5775899,-0.2510617,-0.3004891,-0.716285,-0.03576382,-0.7208234,-0.158436,227.9945
pull,0.0496156,0.08862855,-0.04992401,-0.5664513,-0.2514272,-0.3110278,-0.7205407,0.05939579,-0.8662468,-0.2775092,228.0943
pull,0.01923988,0.2086985,-0.04659483,-0.5518576,-0.2463747,-0.3224248,-0.7285568,0.02230785,-0.7349749,-0.3106932,228.1942
pull,0.002063021,0.01705754,-0.1328834,-0.5422276,-0.2504084,-0.3366549,-0.7279755,0.001568411,-0.921636,-0.4136606,228.2947
pull,0.07558796,-0.002570549,-0.1198609,-0.532461,-0.2548905,-0.3554077,-0.7247079,0.06671505,-0.937983,-0.4173203,228.3951
pull,-0.01125584,-0.1461891,0.01786958,-0.534031,-0.2584938,-0.3631746,-0.7183982,-0.02746742,-1.085115,-0.2731167,228.4946
pull,0.04829236,-0.2560433,-0.04128231,-0.5377347,-0.2647795,-0.3688023,-0.710435,0.02816449,-1.201747,-0.3187438,228.5948
pull,0.0694816,-0.209968,-0.004595198,-0.5516312,-0.2731814,-0.365339,-0.6982853,0.04817107,-1.169296,-0.2440809,228.6952
pull,0.03568341,-0.1188277,-0.002739906,-0.5555551,-0.2739578,-0.3604482,-0.6974114,0.01742835,-1.084872,-0.2338317,228.7948
pull,-0.03761282,-0.3504728,0.01661756,-0.573314,-0.2735544,-0.3435603,-0.6916975,-0.05308792,-1.329848,-0.1760044,228.8941
pull,0.04370002,-0.4082843,0.03827364,-0.5769128,-0.2657223,-0.3313481,-0.6976904,0.03206841,-1.39768,-0.1564848,228.994
pull,0.05077414,-0.3438455,0.08869201,-0.5677881,-0.2518582,-0.3212364,-0.7148365,0.04597561,-1.334972,-0.1437959,229.0949
pull,-0.02054246,-0.1521997,0.1214472,-0.5513994,-0.2258453,-0.3105609,-0.740611,-0.02868885,-1.131719,-0.1752731,229.1944
pull,-0.02625471,-0.01282843,-0.005970913,-0.5294118,-0.2056207,-0.3104386,-0.7622801,-0.04186475,-0.9716556,-0.3699848,229.2943
pull,-0.01132736,0.1278466,-0.02620938,-0.5156258,-0.1972732,-0.3136173,-0.7725654,-0.03039575,-0.815496,-0.426348,229.3941
pull,-0.008259669,0.1826811,-0.02766255,-0.5149478,-0.1977798,-0.3153139,-0.7721975,-0.02795599,-0.7566915,-0.4273251,229.4946
pull,0.04419027,0.2444986,-0.03467997,-0.5266232,-0.2041461,-0.3126179,-0.7637161,0.02645605,-0.7030107,-0.4026802,229.5949
pull,0.01003195,0.1507419,-0.01338311,-0.547338,-0.214228,-0.3064318,-0.7487503,-0.004776808,-0.8113478,-0.3260646,229.6953
pull,-0.1011679,0.2883276,0.03030744,-0.5764804,-0.2210591,-0.2911841,-0.7307633,-0.1138436,-0.6856882,-0.2079685,229.7944
pull,-0.05553276,0.4053309,0.2108746,-0.5911368,-0.2399149,-0.2872628,-0.7144775,-0.05235661,-0.5685677,0.02651517,229.8946
pull,0.06777775,0.1653182,0.01009409,-0.5837659,-0.2545025,-0.3022849,-0.709274,0.0757443,-0.8008559,-0.1757601,229.9948
pull,-0.02423124,0.1639307,0.11208,-0.5673075,-0.2485451,-0.3147349,-0.7192562,-0.0238078,-0.7888999,-0.11598,230.0949
pull,0.03630024,0.03778307,-0.08773959,-0.5499923,-0.2506085,-0.327769,-0.7261345,0.03963194,-0.9030921,-0.3509522,230.1951
pull,-0.00803471,0.04269204,-0.09930769,-0.5440674,-0.2547578,-0.3396913,-0.7236705,-0.00892345,-0.8969911,-0.3714489,230.2946
pull,-0.05862942,0.03689491,-0.1317601,-0.5375873,-0.256306,-0.3472757,-0.7243664,-0.06065146,-0.9008951,-0.416589,230.3948
pull,-0.09313668,-0.02362828,-0.3859686,-0.5405043,-0.2633621,-0.3568213,-0.7149644,-0.1021319,-0.9694601,-0.6586362,230.495
pull,0.00209787,-0.07778805,-0.1777037,-0.5480744,-0.2691174,-0.356318,-0.7072679,-0.007703575,-1.035095,-0.4295206,230.5945
pull,-0.03466065,-0.1416688,0.00133278,-0.5616991,-0.2754295,-0.3463808,-0.6990372,-0.03869214,-1.112688,-0.2148007,230.694
pull,0.03190073,-0.1804245,0.03900363,-0.5669284,-0.2713562,-0.3384821,-0.700277,0.02816449,-1.156851,-0.1706363,230.7938
pull,-0.03570084,-0.3707895,0.08347265,-0.5720786,-0.2612481,-0.3272152,-0.7052699,-0.04162047,-1.354491,-0.1267161,230.8941
pull,0.06595315,-0.3416561,0.05751828,-0.5675244,-0.2460103,-0.314089,-0.7202381,0.06378828,-1.327651,-0.1806411,230.9944
pull,-0.0487067,-0.210977,0.04886306,-0.5572645,-0.2206068,-0.3016622,-0.7414775,-0.05796897,-1.191743,-0.2389571,231.0944
pull,-0.006159497,-0.05107742,0.03182222,-0.5395935,-0.1974774,-0.2949212,-0.7634546,-0.02332078,-1.014843,-0.316304,231.1944
pull,-0.01322791,0.1083699,0.08797546,-0.5215044,-0.1818375,-0.2940074,-0.7800819,-0.03674097,-0.834527,-0.3114245,231.2942
pull,-0.08522509,0.07680391,-0.0654198,-0.5111035,-0.1786872,-0.2972147,-0.7864525,-0.1084755,-0.853071,-0.4880808,231.3942
pull,-0.07076452,0.19735,-0.0257597,-0.513222,-0.1865157,-0.3004451,-0.7820151,-0.08773611,-0.733755,-0.4365971,231.4943
pull,0.05047294,0.1928906,-0.01397002,-0.5295711,-0.2025517,-0.3000989,-0.7671167,0.04329157,-0.7537631,-0.3758399,231.5945
pull,-0.03104651,0.2666878,0.03645858,-0.557539,-0.2239682,-0.2950383,-0.7429273,-0.02722469,-0.7010595,-0.2435923,231.6941
pull,-0.02051825,0.3026224,0.1930447,-0.5850539,-0.2507694,-0.2904907,-0.714452,-0.002092771,-0.679343,0.003335986,231.7941
pull,0.0775376,0.2386595,0.1829244,-0.5970983,-0.268171,-0.2895868,-0.6983534,0.106,-0.7413201,0.04115523,231.894
pull,-0.03999602,0.07743408,0.008151158,-0.5898246,-0.2703947,-0.3004341,-0.6990944,-0.01673283,-0.8933315,-0.1472128,231.9942
pull,0.06069911,0.06307176,0.06676211,-0.5817342,-0.2604658,-0.3092292,-0.7057762,0.06842349,-0.8994309,-0.1169571,232.0942
pull,-0.1040867,0.146934,-0.1165859,-0.5696175,-0.2654177,-0.3270977,-0.7057595,-0.1021319,-0.8081752,-0.3219164,232.1944
pull,0.1124744,-0.04187817,-0.1011919,-0.574263,-0.2835037,-0.3309683,-0.6930423,0.1250326,-1.004351,-0.2770206,232.2944
pull,0.01548344,-0.008132437,-0.03777754,-0.5742185,-0.2874296,-0.3414089,-0.6863652,0.01791536,-0.9748266,-0.2099197,232.3945
pull,0.03848737,-0.1890439,-0.05630562,-0.575406,-0.2866631,-0.3392055,-0.6867838,0.04182741,-1.159535,-0.2272438,232.4945
pull,-0.01610946,-0.1578125,-0.02274685,-0.5834408,-0.285688,-0.3340871,-0.6829093,-0.01575569,-1.134647,-0.1769799,232.5946
pull,0.02970009,-0.1482421,0.03690717,-0.592828,-0.2922917,-0.3265478,-0.6756383,0.03743648,-1.132939,-0.08840828,232.6946
pull,0.06650992,-0.1504809,0.07899977,-0.599507,-0.2916178,-0.314937,-0.675548,0.08281927,-1.139284,-0.03155649,232.7947
pull,0.005880214,-0.4647322,0.07031401,-0.6130104,-0.275984,-0.2857431,-0.6829362,0.03255542,-1.461364,-0.02594413,232.8948
pull,-0.02197863,-0.3903067,0.1835378,-0.613239,-0.2520692,-0.2624108,-0.7010988,0.01010754,-1.397436,0.06091908,232.9948
pull,0.0006886354,-0.2727402,0.1564382,-0.5960461,-0.2286533,-0.2525674,-0.7270876,0.03279971,-1.276656,-0.03253208,233.0949
pull,0.001731424,-0.1757849,0.07956424,-0.5707274,-0.204853,-0.249286,-0.7550907,0.02718735,-1.164659,-0.1918643,233.1949
pull,-0.0259592,0.001562382,0.06398795,-0.5428003,-0.1872294,-0.2564193,-0.7775358,-0.01282892,-0.9638478,-0.285804,233.295
pull,-0.1188272,0.2271059,0.04779613,-0.5212216,-0.1788235,-0.2690791,-0.7899029,-0.1167719,-0.714724,-0.3543691,233.3951
pull,0.03123795,0.2854958,-0.03510693,-0.517072,-0.1816362,-0.280017,-0.7881848,0.02792021,-0.6498201,-0.4424522,233.4944
pull,-0.02957678,0.2416756,-0.01558528,-0.532302,-0.194009,-0.2872268,-0.7723444,-0.03576382,-0.705452,-0.3787682,233.5943
pull,-0.01004873,0.2262918,0.07505542,-0.5540468,-0.2076888,-0.2876292,-0.7531049,-0.01599997,-0.736439,-0.2274881,233.6944
pull,0.04290131,0.1715965,0.06695335,-0.5827863,-0.2274186,-0.2849485,-0.7262542,0.04109611,-0.8069553,-0.1508724,233.7944
pull,-0.08378242,0.2611597,0.1893025,-0.6026409,-0.2416306,-0.2820227,-0.7063298,-0.08236804,-0.719115,0.0335917,233.8944
pull,0.0815122,0.1047616,0.08109758,-0.597172,-0.2423743,-0.2871335,-0.7086569,0.08208796,-0.8664911,-0.08572425,233.9944
pull,-0.01475941,0.6131316,0.2404704,-0.5832802,-0.2213593,-0.2915042,-0.7251273,-0.03332407,-0.3379879,0.02431971,234.0945
pull,0.2383895,0.002780409,0.001088323,-0.6074991,-0.2063728,-0.2751318,-0.7160011,0.200671,-0.9543315,-0.1708806,234.1946
pull,0.008417781,-0.07898216,-0.1242969,-0.6184472,-0.214312,-0.2730634,-0.7050034,-0.02624755,-1.042903,-0.2638447,234.2943
pull,0.0386825,-0.1177571,-0.1052478,-0.6173499,-0.2256325,-0.2706072,-0.7033781,0.02230785,-1.088532,-0.2384685,234.3943
pull,0.1768122,-0.1844892,-0.03293034,-0.6194647,-0.2480926,-0.2707212,-0.6938469,0.185544,-1.162708,-0.1406249,234.4941
pull,0.2560177,-0.8190577,-0.04647755,-0.6363254,-0.2576758,-0.2646154,-0.6772532,0.2682605,-1.815895,-0.1037812,234.5945
pull,-0.1808887,0.2137076,0.1654292,-0.6491329,-0.2476456,-0.262115,-0.6697714,-0.1894837,-0.7893869,0.130704,234.6945
pull,-0.1328465,-0.2541469,0.1136138,-0.6634769,-0.2528724,-0.2461483,-0.6597461,-0.1257996,-1.255672,0.1219191,234.7945
pull,-0.02876262,-0.06033034,0.02287157,-0.6565455,-0.2653379,-0.2478198,-0.6611575,-0.003312646,-1.059983,0.02578387,234.8946
pull,0.01153124,0.2122781,-0.02224134,-0.6560509,-0.2768328,-0.2500852,-0.6560627,0.04670846,-0.7891442,-0.008133021,234.9946
pull,0.1220252,-0.08259832,-0.02359325,-0.6652499,-0.2756993,-0.239106,-0.6513531,0.1630961,-1.082188,0.01358356,235.0947
pull,-0.07630789,0.08836793,-0.001169054,-0.6735988,-0.2630646,-0.2254813,-0.6528552,-0.03649668,-0.9121197,0.04481486,235.1947
pull,0.05260723,0.03221603,0.007565708,-0.6818651,-0.2558608,-0.209178,-0.652564,0.1013632,-0.9665318,0.06848417,235.2948
pull,-0.01952608,0.01311385,-0.009243754,-0.6966312,-0.2550508,-0.2014123,-0.6395991,0.02621176,-0.9828787,0.09166336,235.3948
pull,0.0738037,0.05636584,-0.1047001,-0.6841693,-0.2380163,-0.2216117,-0.6528008,0.0813551,-0.947255,-0.05497997,235.4948
pull,-0.09131566,0.2142398,-0.07686159,-0.650327,-0.2057287,-0.244742,-0.689095,-0.1262882,-0.7879227,-0.1467242,235.5949
pull,-0.002719253,-0.0549541,0.1186093,-0.607432,-0.1785843,-0.2675323,-0.7263336,-0.06870356,-1.038755,-0.08084475,235.6949
pull,0.1177831,0.09413394,0.06903348,-0.5658772,-0.1658009,-0.2919903,-0.7530171,0.03670362,-0.8586833,-0.2367601,235.795
pull,0.005325625,-0.06128094,-0.002047696,-0.5478832,-0.168245,-0.3027135,-0.7614999,-0.07041201,-1.000936,-0.346317,235.8943
pull,-0.002436894,-0.02486712,-0.01118823,-0.5207846,-0.1603373,-0.3063498,-0.7805288,-0.07748853,-0.9196833,-0.38926,235.9947
pull,0.04021247,0.03134138,0.04151189,-0.5162556,-0.1527093,-0.308713,-0.7841276,-0.03918071,-0.8740562,-0.379501,236.095
pull,-0.03876763,-0.01245306,-0.0314416,-0.5203948,-0.1565306,-0.3080713,-0.7808837,-0.1150635,-0.9231002,-0.4414766,236.1945
pull,0.03846914,0.1472457,-0.0402915,-0.6285264,-0.2021677,-0.200748,-0.7237285,0.0798925,-0.8718592,-0.1721004,245.3147
pull,-0.05038291,0.1351558,-0.03209139,-0.6118249,-0.2149147,-0.2226512,-0.7279481,-0.00892345,-0.8760074,-0.1950369,245.4147
pull,0.03972193,0.1956314,0.1679085,-0.5925984,-0.224042,-0.2394671,-0.7357227,0.08648045,-0.8030514,-0.03326494,245.5147
pull,0.01953955,0.2200513,0.2563706,-0.5800809,-0.2249399,-0.2490966,-0.7421988,0.06500815,-0.7652321,0.02773505,245.5982
pull,-0.04784371,0.07353172,0.2867838,-0.5672073,-0.2189217,-0.2575016,-0.7510273,-0.01087618,-0.897724,0.02431971,245.6982
pull,-0.008269942,0.03987399,0.2612883,-0.551481,-0.2142242,-0.2702114,-0.7595804,0.01913524,-0.9135839,-0.03863302,245.7982
pull,0.07034151,0.07982287,0.1282843,-0.5476944,-0.2155948,-0.2713651,-0.7615187,0.1013632,-0.8686882,-0.1779571,245.8982
pull,-0.09659354,0.1553141,0.1501806,-0.5485247,-0.216172,-0.2740448,-0.7597959,-0.06894785,-0.7896312,-0.1523366,245.9982
pull,-0.1377675,0.2330326,0.01561623,-0.5431827,-0.2251488,-0.2823266,-0.7579922,-0.103596,-0.705452,-0.2889766,246.0982
pull,-0.002153852,0.1310353,0.02145574,-0.5376703,-0.2316551,-0.2974184,-0.754181,0.02694306,-0.8018315,-0.2877568,246.1982
pull,-0.009998928,0.03467863,0.001719413,-0.532432,-0.2310313,-0.3088769,-0.7534823,0.008887663,-0.8928429,-0.3185011,246.2982
pull,-0.09644102,0.01160301,-0.2309903,-0.5236523,-0.2415167,-0.3276844,-0.7483854,-0.07846412,-0.9133396,-0.559817,246.3982
pull,0.1442794,0.04303591,-0.3372962,-0.5189291,-0.2548425,-0.3441836,-0.739801,0.1638274,-0.8857679,-0.66376,246.4982
pull,-0.1113511,-0.1457206,-0.3226373,-0.5271919,-0.2634827,-0.3484142,-0.728871,-0.09481263,-1.087068,-0.6244766,246.5982
pull,0.02915673,0.1499261,0.0220594,-0.5267643,-0.2715287,-0.3547501,-0.7231485,0.04792834,-0.7945107,-0.2723838,246.6982
pull,0.02918782,-0.0562082,-0.07097539,-0.530356,-0.2791076,-0.3541513,-0.7179124,0.05402772,-1.005571,-0.3497323,246.7983
pull,-0.04341708,0.02410022,-0.03471063,-0.5287534,-0.2875783,-0.3573918,-0.7141356,-0.01087618,-0.9291996,-0.3080092,246.8983
pull,0.03570555,-0.2538309,-0.09992876,-0.541889,-0.2954888,-0.3480833,-0.7056066,0.07525573,-1.219315,-0.3368007,246.9983
pull,-0.1139504,-0.1177612,0.09680597,-0.5534615,-0.2866238,-0.3384941,-0.704946,-0.0845635,-1.090972,-0.1259848,247.0983
pull,-0.01463158,-0.3898984,0.06445729,-0.5611748,-0.2772033,-0.3248631,-0.709017,0.01401145,-1.371571,-0.1533122,247.1983
pull,0.005304662,-0.380962,0.0451473,-0.5581484,-0.2629867,-0.3136708,-0.7217472,0.03523946,-1.366936,-0.1972324,247.2983
pull,-0.09119152,-0.2876869,0.03262364,-0.5434435,-0.2452179,-0.3054131,-0.742469,-0.0582117,-1.268115,-0.2636004,247.3983
pull,0.02905284,0.01342835,0.04522038,-0.5183358,-0.2258315,-0.2941819,-0.7705745,0.07330455,-0.9438396,-0.3253317,247.4983
pull,-0.00135109,0.04536382,0.008600004,-0.5121701,-0.2142593,-0.2881402,-0.7802243,0.03889909,-0.9023592,-0.3853561,247.5983
pull,0.03986581,0.130587,0.06900231,-0.5137683,-0.2130858,-0.2860404,-0.7802676,0.07940392,-0.8152517,-0.3214278,247.6983
pull,0.0180971,0.2047112,0.05455665,-0.5222583,-0.2211572,-0.2875461,-0.7717856,0.05988437,-0.7459553,-0.3087405,247.7983
pull,0.0468185,0.2140725,0.002598216,-0.5417697,-0.2349762,-0.2856907,-0.7547533,0.09257983,-0.7510791,-0.3041037,247.8983
pull,-0.07501335,0.4784442,0.05624421,-0.5673055,-0.2472639,-0.278106,-0.7346306,-0.02698041,-0.4982957,-0.179177,247.9983
pull,-0.0503161,0.661837,0.1055473,-0.5838288,-0.2623584,-0.2771906,-0.7165734,0.001568411,-0.3118789,-0.07352394,248.0983
pull,-0.02490896,0.2713427,-0.08262171,-0.5824995,-0.2667351,-0.2844499,-0.7131864,0.02328344,-0.693496,-0.2584766,248.1983
pull,0.07235355,0.09945543,-0.02346862,-0.5689977,-0.2640345,-0.3009396,-0.7183055,0.1084398,-0.8567321,-0.2321249,248.2983
pull,0.06660944,0.07625514,0.128485,-0.5525793,-0.2650261,-0.3161115,-0.7242174,0.1003876,-0.8708836,-0.1150044,248.3983
pull,-0.0367503,-0.1441363,-0.07546444,-0.5369025,-0.2746033,-0.3397142,-0.72175,-0.005752397,-1.087312,-0.3429001,248.4983
pull,-0.07505333,-0.2018416,0.02104951,-0.5327487,-0.2789574,-0.3540766,-0.7162341,-0.05308792,-1.146848,-0.2511558,248.5983
pull,0.1761062,-0.2470933,-0.1391937,-0.5309728,-0.2899961,-0.3581677,-0.7111159,0.2077476,-1.196623,-0.4034131,248.6983
pull,0.1054183,-0.1728716,-0.07072026,-0.5387813,-0.303449,-0.3571099,-0.7000756,0.1450391,-1.133183,-0.3033724,248.7984
pull,0.09350589,-0.3354521,0.1557215,-0.555783,-0.3051551,-0.3441765,-0.6924796,0.1333274,-1.309595,-0.03912003,248.8984
pull,-0.03774068,-0.1382318,0.2265585,-0.5621421,-0.2928928,-0.3349022,-0.6971734,-0.005996683,-1.114395,0.03090766,248.9984
pull,0.0003698239,-0.443212,0.06485032,-0.5716167,-0.2862918,-0.3198116,-0.6992939,0.03523946,-1.42818,-0.118177,249.0984
pull,0.008941101,-0.5499592,0.07278026,-0.5683213,-0.270996,-0.3072933,-0.7135425,0.0469512,-1.542128,-0.1374523,249.1984
pull,-0.04573208,-0.2092899,0.06802366,-0.5473984,-0.2418582,-0.2970434,-0.7440596,-0.01014488,-1.191743,-0.2228529,249.2984
pull,-0.1304746,-0.09995402,0.03091916,-0.5302184,-0.2220124,-0.2918757,-0.7644524,-0.09969214,-1.067304,-0.3180125,249.3984
pull,-0.02256564,0.07240161,-0.01845365,-0.5148149,-0.2124615,-0.2944888,-0.7765964,0.004983751,-0.8789358,-0.4090239,249.4984
pull,0.03696634,0.1785985,-0.003722132,-0.5129763,-0.2116144,-0.2941102,-0.7781863,0.06525244,-0.766939,-0.3973121,249.5984
pull,0.01755843,0.2516195,0.0525621,-0.518971,-0.2213328,-0.2966497,-0.7705063,0.05134368,-0.6966671,-0.3175239,249.6984
pull,0.006692889,0.3884954,0.0004499409,-0.5370466,-0.239352,-0.2976704,-0.7521196,0.04743977,-0.571983,-0.3114245,249.7984
pull,-0.01970546,0.4618573,0.01087385,-0.5695642,-0.2625778,-0.2947126,-0.7209674,0.02328344,-0.5161068,-0.2028447,249.8985
pull,0.101067,0.6745686,0.106646,-0.5744458,-0.2675632,-0.2916238,-0.7165036,0.148943,-0.2945548,-0.088164,249.9985
pull,-0.06761599,0.05096801,-0.03916617,-0.5744082,-0.2668684,-0.2927416,-0.7163371,-0.02234364,-0.9121197,-0.233589,250.0985
pull,0.05923169,0.1470106,0.09042649,-0.5612794,-0.2595593,-0.300044,-0.7263387,0.0986792,-0.8050041,-0.1401363,250.1985
pull,-0.000430157,0.01657694,-0.02487774,-0.5535012,-0.2581477,-0.3079919,-0.7294773,0.03450816,-0.9299309,-0.2736037,250.2985
pull,-0.08821426,-0.1323998,0.002213577,-0.5458533,-0.2628905,-0.3198401,-0.7284471,-0.05504065,-1.077063,-0.2584766,250.3985
pull,-0.1078257,-0.08252859,-0.05421874,-0.5384643,-0.2720275,-0.3354816,-0.7235394,-0.07602438,-1.027776,-0.3216721,250.4985
pull,-0.04345068,-0.02621759,-0.1128407,-0.535186,-0.2715726,-0.3392317,-0.7243935,-0.01356022,-0.9714113,-0.3882844,250.5985
pull,-0.02767476,-0.2000241,-0.04473835,-0.5456843,-0.2798307,-0.3390236,-0.7134328,0.001324125,-1.159048,-0.2901965,250.6985
pull,-0.03190196,-0.1439272,-0.0472012,-0.5546124,-0.2807102,-0.3346982,-0.708226,-0.005752397,-1.10976,-0.2726281,250.7985
pull,0.002405653,-0.255998,0.1149263,-0.5709178,-0.2791097,-0.3189684,-0.7031428,0.03060425,-1.233467,-0.07669655,250.8985
pull,0.01919011,-0.3959429,0.1011286,-0.5833278,-0.2690818,-0.3032328,-0.7038277,0.04426716,-1.38304,-0.07401251,251.0148
pull,-0.04186078,-0.4779935,0.1364486,-0.585027,-0.2587461,-0.2913176,-0.7112861,-0.01429152,-1.47332,-0.04741643,251.1147
pull,-0.01269982,-0.2614138,0.0596887,-0.5656104,-0.2387936,-0.2836634,-0.7366122,0.01889251,-1.251524,-0.1918643,251.2147
pull,0.01986098,-0.09170469,0.0431456,-0.5448282,-0.2223796,-0.2797138,-0.7585971,0.05329641,-1.06706,-0.2721411,251.3147
pull,-0.04540264,0.02689308,0.01956592,-0.5253839,-0.2125725,-0.2842639,-0.7732908,-0.01453581,-0.9313951,-0.3475369,251.4147
pull,0.002015918,0.1699824,-0.060899,-0.515169,-0.2126957,-0.29136,-0.7774771,0.03328828,-0.7774309,-0.4487959,251.5147
pull,-0.03452495,0.2260867,-0.05511193,-0.5217764,-0.2182075,-0.2942516,-0.7704225,-0.004776808,-0.7252159,-0.4226884,251.6147
pull,-0.001465013,0.1979568,0.01235591,-0.5385139,-0.2305366,-0.2934176,-0.7554878,0.03133555,-0.7652321,-0.3060564,251.7147
pull,0.04599695,0.1685391,0.05553032,-0.5682122,-0.247721,-0.2887927,-0.7296355,0.05768734,-0.8211068,-0.1542878,251.8148
pull,-0.08364169,0.2249006,0.1979606,-0.5892065,-0.2702402,-0.2871466,-0.7052323,-0.04088761,-0.7605954,0.0384712,251.9148
pull,0.007510429,0.355961,0.09400976,-0.5902843,-0.2857236,-0.2894073,-0.6972587,0.06354399,-0.6195629,-0.04400109,252.0148
pull,0.08818617,0.1174378,-0.03382868,-0.5818595,-0.2860618,-0.2978337,-0.7006449,0.1413795,-0.8489227,-0.1899131,252.1148
pull,-0.02460734,0.05937099,0.06537944,-0.5674957,-0.2782075,-0.3095487,-0.7104426,0.01840394,-0.8979667,-0.1313529,252.2148
pull,-0.06465298,-0.08545555,-0.03987169,-0.5522871,-0.2803415,-0.3235312,-0.7153426,-0.02185662,-1.036559,-0.2677486,252.3148
pull,0.04849096,-0.1472026,-0.003561819,-0.5452292,-0.2801329,-0.3324652,-0.716741,0.08672318,-1.095364,-0.2470092,252.4148
pull,0.02566477,-0.1223249,-0.1238507,-0.5383956,-0.2795008,-0.3441208,-0.716652,0.05524759,-1.070963,-0.3836492,252.5148
pull,-0.0007987,-0.06921869,-0.1052628,-0.5417317,-0.2803152,-0.3459075,-0.7129503,0.02377201,-1.021919,-0.3575402,252.6149
pull,-0.05308229,-0.08675332,-0.1309625,-0.5497398,-0.2838797,-0.3444551,-0.7060801,-0.0311286,-1.049491,-0.3631525,252.7149
pull,-0.05827399,-0.02066407,0.0008504799,-0.5608739,-0.2853117,-0.3369356,-0.7003514,-0.03674097,-0.991908,-0.2057731,252.8149
pull,-0.02130751,-0.3284886,0.0468967,-0.5723662,-0.2886098,-0.3246723,-0.6954776,0.008399091,-1.309595,-0.1308643,252.9149
pull,-0.01170946,-0.454233,0.1184683,-0.5804014,-0.2807363,-0.3083758,-0.6994467,0.02328344,-1.445991,-0.05132034,253.0149
pull,0.009874052,-0.3846969,0.1226752,-0.5779852,-0.2639492,-0.2904524,-0.7154728,0.05256356,-1.382551,-0.07328121,253.1149
pull,-0.03452131,-0.2247777,0.1232788,-0.5635904,-0.2400272,-0.27738,-0.740144,0.009131949,-1.214923,-0.1320842,253.2149
pull,0.01406971,0.01795601,0.09293322,-0.5426743,-0.2219269,-0.2732989,-0.7626013,0.05695604,-0.9543315,-0.2272438,253.3149
pull,-0.06943668,0.05944335,0.01333541,-0.5299461,-0.204463,-0.2712478,-0.7770307,-0.03844786,-0.897724,-0.3499766,253.4149
pull,0.006288602,0.1585102,-0.0859962,-0.5281688,-0.2011059,-0.2755879,-0.7775895,0.02840722,-0.794268,-0.4551411,253.5149
pull,-0.01054001,0.2066578,-0.05076649,-0.5365533,-0.2058581,-0.2764188,-0.7702763,0.01035182,-0.7513234,-0.3965808,253.6149
pull,0.01173173,0.170761,0.0450553,-0.5582021,-0.2164622,-0.2742838,-0.7525443,0.03157983,-0.8010986,-0.2418838,253.715
pull,-0.02003061,0.3184645,0.1766415,-0.585253,-0.2299443,-0.2635071,-0.7315522,0.00815636,-0.6656801,-0.03399624,253.815
pull,0.001688488,0.3705182,0.1579439,-0.6035118,-0.2520278,-0.2614164,-0.7098711,0.04378014,-0.6137078,0.01407213,253.915
pull,0.03139197,0.4126218,0.1377703,-0.5971049,-0.2631503,-0.2735165,-0.7066869,0.07598703,-0.560027,-0.008375751,254.015
pull,-0.03753287,0.1508407,0.01445072,-0.5839944,-0.2672171,-0.2867966,-0.7108399,0.006447912,-0.8120791,-0.1569718,254.115
pull,-0.1311531,0.06736388,-0.1689472,-0.5680726,-0.2628749,-0.3006651,-0.7195768,-0.09529965,-0.8852794,-0.3802323,254.215
pull,0.046278,0.1099269,0.007137423,-0.5541731,-0.2641117,-0.3169155,-0.7229812,0.07623132,-0.8369668,-0.233589,254.315
pull,0.0461581,-0.1608286,-0.03968852,-0.5411674,-0.2697902,-0.3307872,-0.724521,0.07842834,-1.104636,-0.3031281,254.415
pull,-0.07541554,-0.1830449,-0.02952022,-0.5466949,-0.2691617,-0.3336046,-0.7192945,-0.0533322,-1.133183,-0.282633,254.515
pull,-0.03926568,0.002471162,-0.04340122,-0.5588409,-0.2736999,-0.3327865,-0.7085466,-0.02356351,-0.9589667,-0.2660402,254.615
pull,-0.1573701,-0.01008712,-0.05029886,-0.5689806,-0.2778919,-0.326254,-0.7018514,-0.1387328,-0.9809276,-0.2465206,254.715
pull,-0.07526316,-0.2237811,-0.02737101,-0.5858447,-0.2882692,-0.3101269,-0.6910197,-0.04040059,-1.207603,-0.1740532,254.815
pull,0.02470547,-0.2797798,0.05058664,-0.593698,-0.2825471,-0.2959288,-0.692904,0.06500815,-1.272996,-0.08523568,254.9151
pull,-0.005411945,-0.3951021,0.1064659,-0.5958232,-0.2709287,-0.2768674,-0.7035174,0.04646418,-1.394996,-0.03838873,255.0151
pull,0.07640272,-0.2543741,0.1241427,-0.581009,-0.2532279,-0.2665471,-0.7261246,0.1355244,-1.251768,-0.07620797,255.1151
pull,-0.001097447,-0.2047034,0.06166538,-0.5594022,-0.2310785,-0.256938,-0.7534287,0.06110424,-1.189548,-0.2121167,255.2151
pull,-0.01880801,-0.06029455,-0.006151623,-0.537855,-0.207026,-0.2540021,-0.7767465,0.03084853,-1.025823,-0.3507079,255.3151
pull,0.03611813,0.08573183,-0.01045304,-0.5238489,-0.1982071,-0.2624767,-0.7857495,0.07354728,-0.8655155,-0.3926769,255.4151
pull,-0.00483983,0.2885895,-0.07123133,-0.5225849,-0.2012663,-0.2726729,-0.782334,0.01937952,-0.714724,-0.4087811,255.5151
pull,-0.01411824,0.2686376,-0.05624888,-0.5380661,-0.2130652,-0.2749529,-0.7677817,0.01767108,-0.6898348,-0.3916998,255.6151
pull,-0.01127144,0.1835527,0.02725751,-0.560936,-0.2272812,-0.2722083,-0.748062,0.02377201,-0.7901198,-0.2431037,255.7151
pull,0.04690051,0.2040681,0.1427499,-0.588062,-0.244295,-0.2669628,-0.723349,0.08648045,-0.7806035,-0.04692786,255.8151
pull,-0.06034356,0.5869276,0.156989,-0.5995699,-0.2576714,-0.2668757,-0.7091535,-0.01526867,-0.3931313,0.009923935,255.9151
pull,0.03822316,0.2810914,0.06957246,-0.6005374,-0.2615048,-0.2662147,-0.7071773,0.08745603,-0.6900791,-0.06986431,256.0151
pull,-0.008190394,-0.0473928,0.05791742,-0.58832,-0.257292,-0.2764823,-0.715009,0.03353257,-1.010452,-0.1137845,256.1151
pull,-0.06570622,0.08637697,-0.1187464,-0.567807,-0.255807,-0.2934156,-0.7253036,-0.02868885,-0.8655155,-0.3380206,256.2152
pull,-0.08240189,0.03191651,-0.1777233,-0.5577916,-0.2616715,-0.3086406,-0.7246637,-0.04820842,-0.9174879,-0.4134164,256.3152
pull,0.009004379,-0.1939919,-0.2972319,-0.5537922,-0.2719275,-0.3216295,-0.7182786,0.04280455,-1.147335,-0.5317567,256.4152
pull,-0.06761333,-0.01408176,-0.1652718,-0.5519937,-0.2728632,-0.3272948,-0.7167473,-0.03820357,-0.97068,-0.4036558,256.5152
pull,-0.1206301,-0.06000505,-0.08857706,-0.559289,-0.2767741,-0.3235907,-0.7112531,-0.08920027,-1.024848,-0.3075206,256.6152
pull,-0.101358,-0.05840562,0.01719298,-0.5670978,-0.277823,-0.3164847,-0.7078502,-0.06724096,-1.030216,-0.1838122,256.7152
pull,-0.03092324,-0.3077392,0.01859311,-0.5825908,-0.2751509,-0.3010056,-0.7030473,0.005228037,-1.292271,-0.1511167,256.8152
pull,-0.03734139,-0.4386585,0.06250287,-0.5863613,-0.2610848,-0.2806193,-0.7136301,0.006692199,-1.433059,-0.1154929,256.9144
pull,-0.01011994,-0.2988865,0.06497557,-0.5761685,-0.2386526,-0.2649889,-0.7354289,0.03645933,-1.292271,-0.1616086,257.0148
pull,-0.05492934,-0.1700381,0.1010456,-0.5584046,-0.21495,-0.2563103,-0.7591349,-0.01380451,-1.15246,-0.1901558,257.1151
pull,-0.1406817,0.01077991,0.03725057,-0.5305509,-0.2028849,-0.265462,-0.7790272,-0.1053045,-0.949452,-0.3272845,257.2152
pull,0.04528955,0.1235845,0.08820132,-0.510644,-0.2016498,-0.275159,-0.7892196,0.08355212,-0.8176914,-0.3194766,257.3149
pull,-0.0309519,0.2136584,0.006721324,-0.5018789,-0.2038198,-0.2865532,-0.7902293,0.004252448,-0.7149668,-0.4148805,257.4146
pull,-0.02164325,0.2491575,-0.03312481,-0.5134073,-0.2099746,-0.2882782,-0.780525,0.01059611,-0.6869081,-0.4234212,257.5146
pull,0.07685091,0.3439209,0.04371963,-0.5367918,-0.2201004,-0.2863747,-0.7624958,0.1052672,-0.6078511,-0.2855597,257.6149
pull,-0.07656918,0.072172,0.2051359,-0.5703145,-0.2293173,-0.2755361,-0.739077,-0.05186804,-0.8979667,-0.03936432,257.7144
pull,0.0345754,0.2102495,0.292411,-0.5818596,-0.2415739,-0.2776628,-0.7252481,0.06159126,-0.7583999,0.08824802,257.8143
pull,0.04765202,0.1795103,0.0895207,-0.5783551,-0.2468797,-0.2844031,-0.7236509,0.07550001,-0.7810921,-0.11598,257.9145
pull,-0.08607609,0.2019183,0.009178385,-0.5645092,-0.2410278,-0.2940161,-0.7326593,-0.06528822,-0.7466882,-0.2321249,258.0146
pull,0.009051149,0.09569,-0.1331802,-0.5524345,-0.2443061,-0.304626,-0.736433,0.03182412,-0.8467273,-0.3978007,258.1145
pull,0.1336384,-0.0341005,-0.09705956,-0.5438396,-0.2499693,-0.3171484,-0.735643,0.1560196,-0.9743396,-0.3751085,258.2143
pull,0.1411156,-0.11814,-0.09198911,-0.5413116,-0.2526244,-0.3251563,-0.7331002,0.1591922,-1.060472,-0.3736444,258.3149
pull,0.03842462,-0.08505937,-0.09059082,-0.5366849,-0.2586374,-0.3323615,-0.7311715,0.05964008,-1.03046,-0.377304,258.4153
pull,0.02246011,-0.07456069,-0.02728948,-0.5384369,-0.2633146,-0.3308,-0.7289187,0.04987952,-1.026068,-0.306545,258.515
pull,0.05218192,-0.1837894,0.02745181,-0.5529889,-0.2637683,-0.3169745,-0.7239867,0.08330784,-1.144408,-0.2199245,258.6148
pull,0.07553492,-0.1132041,0.04541082,-0.5651072,-0.2651258,-0.3050773,-0.7192287,0.1118551,-1.081211,-0.1738089,258.7148
pull,0.05515583,-0.297734,-0.00243642,-0.5743777,-0.2703427,-0.2954957,-0.7139238,0.1016075,-1.275436,-0.1960125,258.8148
pull,0.005920021,-0.317596,0.05427785,-0.5803359,-0.2620564,-0.2784266,-0.7190378,0.05988437,-1.303007,-0.1357438,258.9149
pull,-0.02601435,-0.2461703,0.141083,-0.5812598,-0.243953,-0.2604673,-0.7312871,0.02865151,-1.235419,-0.0666917,259.0149
pull,-0.04781185,-0.1963193,0.06392423,-0.5672137,-0.221443,-0.2499252,-0.7528406,0.003032573,-1.179299,-0.1994278,259.1149
pull,-0.1222896,-0.09345155,-0.01830737,-0.5460148,-0.2025641,-0.2498956,-0.7735553,-0.08090387,-1.060227,-0.3470483,259.215
pull,0.0170524,-0.01722101,-0.04207887,-0.5249132,-0.1974956,-0.2595885,-0.7861778,0.05598045,-0.9675074,-0.421957,259.315
pull,0.01006871,0.1271465,-0.0194088,-0.5159075,-0.1978856,-0.2700206,-0.7885237,0.04426716,-0.8135433,-0.4173203,259.415
pull,0.05607761,0.1099674,-0.04018735,-0.5241392,-0.2095959,-0.2771963,-0.7775024,0.09209125,-0.8389195,-0.4097567,259.5151
pull,-0.01789325,0.2283916,0.008949853,-0.5455675,-0.2203539,-0.2776809,-0.7594034,0.01425574,-0.736439,-0.3031281,259.6151
pull,0.08052354,0.2812495,0.03894856,-0.5735091,-0.2301834,-0.268301,-0.7389976,0.1133193,-0.6998397,-0.1996721,259.7151
pull,-0.06811205,0.2316726,0.1403661,-0.602592,-0.2456653,-0.2609714,-0.7130395,-0.03210419,-0.761084,-0.01350109,259.8146
pull,-0.02288206,0.5278668,0.1623494,-0.6216689,-0.2697227,-0.2624151,-0.6869612,0.02108797,-0.4602322,0.08141579,259.9145
pull,0.1009461,0.2498506,-0.0006675144,-0.621057,-0.280095,-0.2667111,-0.6816892,0.1506515,-0.7288755,-0.07108419,260.0142
pull,0.05198528,0.2247173,0.05984138,-0.622434,-0.2700059,-0.2593446,-0.6873232,0.09916777,-0.7476637,-0.01764774,260.1146
pull,-0.08309039,0.1248718,-0.02494376,-0.6179183,-0.2615348,-0.2578295,-0.6951982,-0.03918071,-0.8450189,-0.1220809,260.2148
pull,-0.108098,-0.125793,-0.0450049,-0.614001,-0.2674297,-0.2650103,-0.6937245,-0.06357978,-1.095607,-0.1455044,260.3148
pull,-0.03449579,-0.0409658,0.001388965,-0.609262,-0.2746798,-0.2685065,-0.6937255,0.01815965,-1.010452,-0.1028041,260.4149
pull,0.3057989,-0.4915462,-0.01863722,-0.6143463,-0.2900462,-0.2594181,-0.6864066,0.3839153,-1.468928,-0.09426493,260.515
pull,0.005587914,-0.4468833,0.1169218,-0.631431,-0.2806736,-0.2562741,-0.6759,0.06134852,-1.44404,0.07189951,260.615
pull,0.043176,0.01574314,0.04660361,-0.6367007,-0.2773886,-0.2528875,-0.6735842,0.09501957,-0.9858071,0.01114381,260.7151
pull,0.08427788,0.01004413,0.1319376,-0.6496996,-0.2812423,-0.2282255,-0.6683609,0.1640717,-0.991908,0.1343637,260.815
pull,0.02086484,0.1130548,0.1338312,-0.6596653,-0.2724617,-0.2114291,-0.6677604,0.106,-0.8855237,0.1526634,260.9152
pull,-0.2488944,-0.3216692,-0.05068434,-0.6746242,-0.2678677,-0.2214397,-0.6512246,-0.1987557,-1.3196,0.003091699,261.0152
pull,-0.2040322,0.08557925,0.04233547,-0.6920773,-0.2561703,-0.201978,-0.6439027,-0.1536156,-0.9108999,0.1316796,261.1153
pull,0.04408177,-0.00383613,-0.03941863,-0.7069488,-0.2410944,-0.1799769,-0.6400822,0.09843647,-0.998983,0.07677902,261.2146
pull,0.03429972,-0.01266204,-0.05068102,-0.7158265,-0.2254949,-0.1609356,-0.6409714,0.0930684,-1.004595,0.07604771,261.3145
pull,-0.01559676,0.01275919,0.02004263,-0.7219424,-0.217402,-0.1556486,-0.6382077,0.03719219,-0.9770237,0.1570558,261.415
pull,0.09233594,-0.04825383,0.01051753,-0.7232857,-0.2195884,-0.1611942,-0.634551,0.1379642,-1.039732,0.1536389,261.5154
pull,-0.004160005,0.1187699,0.06080332,-0.7236304,-0.2175133,-0.168002,-0.6331053,0.02816449,-0.8721035,0.2029272,261.6147
pull,0.05011883,-0.1005565,0.1085207,-0.727455,-0.2193854,-0.1680417,-0.6280456,0.0813551,-1.092923,0.2639272,261.7149
pull,-0.03759702,-0.3637983,-0.1288068,-0.7307118,-0.1785585,-0.1903587,-0.6308253,-0.09090872,-1.361079,0.003823002,261.8153
pull,-0.01138787,0.04885317,0.05309867,-0.6831235,-0.1209739,-0.209025,-0.6892142,-0.1306807,-0.947255,0.01553629,261.9149
pull,0.01466743,0.1070178,0.09428637,-0.6321507,-0.1070683,-0.2230562,-0.7342805,-0.1104283,-0.8716149,-0.0840158,262.0146
pull,-0.02778542,0.03936617,-0.03994795,-0.604676,-0.1203195,-0.2455562,-0.748059,-0.1453208,-0.9291996,-0.2809245,262.1146
pull,0.02141926,0.04654383,0.05339607,-0.6046867,-0.1085162,-0.2670284,-0.7424783,-0.1409283,-0.9126068,-0.1925972,262.2146
pull,-0.01788434,-0.01798869,-0.02240832,-0.6408033,-0.1083301,-0.2795498,-0.7067443,-0.2234006,-0.9860514,-0.1779571,262.3146
pull,-0.009906163,-0.0216381,0.007279976,-0.675218,-0.1092785,-0.285907,-0.6711155,-0.2499966,-0.9931279,-0.05717699,262.4147
pull,0.01959349,-0.01090001,-0.02900299,-0.7113372,-0.1163678,-0.2909654,-0.6291241,-0.2485325,-0.9758038,0.01016822,262.5148
