push,0.03160934,0.06209386,-0.1954655,-0.837424,-0.53912,0.05167224,-0.07348973,0.1977443,-0.005414753,0.7904792,77.50713
push,-0.05205348,-0.01958887,0.009352702,-0.8304243,-0.5516396,0.04540849,-0.0634617,0.09355541,-0.07495543,0.9983684,77.59069
push,0.01241348,0.3847382,0.3317171,-0.827826,-0.5572844,0.02866238,-0.05759072,0.124544,0.3210559,1.327767,77.7066
push,-0.02653189,-0.1446932,-0.1504779,-0.8189546,-0.5735263,0.002285779,-0.0193826,-0.000384323,-0.1740189,0.8553831,77.80662
push,-0.004497369,-0.2980488,-0.2792557,-0.8133954,-0.581122,-0.01401152,-0.02210645,-0.001604198,-0.3501867,0.7172789,77.90685
push,0.01037123,0.1368078,0.2250387,-0.8156428,-0.5771983,-0.002189096,-0.03954824,0.05231927,0.06998101,1.218699,78.00659
push,0.04471792,0.1168726,0.07509673,-0.8210838,-0.568379,0.0005378257,-0.05259534,0.1055114,0.03094033,1.071567,78.10659
push,0.07113469,0.03336756,-0.05366907,-0.8215567,-0.5674455,-0.004126443,-0.05507351,0.1269837,-0.06202381,0.9424922,78.20672
push,-0.009698831,-0.04552611,-0.2574507,-0.8201011,-0.5693218,-0.007244134,-0.05704696,0.04329157,-0.1471801,0.7343603,78.30669
push,0.01534748,-0.006768836,-0.2239223,-0.8147765,-0.5771477,-0.00478562,-0.05492661,0.07037622,-0.1008186,0.7597349,78.40675
push,-0.02727854,-0.02916353,-0.1466108,-0.8124081,-0.5820404,0.01188217,-0.03287542,0.02938437,-0.06812319,0.8351322,78.50671
push,0.0172018,-0.01810301,0.02024863,0.8104997,0.5847377,-0.03266203,0.01025955,0.08111237,0.003124375,1.002028,78.60676
push,-0.00161447,0.1982789,0.1176312,0.8109557,0.5840786,-0.03447969,0.003770334,0.05793163,0.2319973,1.102311,78.7068
push,0.0446897,0.155463,0.1918906,0.8132173,0.5803655,-0.04267764,-0.005663436,0.1069756,0.213696,1.179416,78.80683
push,-0.001522656,0.1049661,0.2242581,0.8120943,0.5812227,-0.04980584,-0.01422699,0.0625684,0.1856373,1.214795,78.90688
push,0.07716797,0.0565214,0.2915497,0.8144521,0.5788785,-0.03957758,-0.001017354,0.1406482,0.1041406,1.291412,79.00691
push,0.02922426,0.03481241,0.2483448,0.8152511,0.5782987,-0.02927136,0.008912311,0.08794305,0.05436536,1.258228,79.10695
push,0.01908505,0.1124884,0.1698727,-0.8169122,-0.575079,0.01470653,-0.04149978,0.09209125,0.06070903,1.18332,79.207
push,0.02580492,0.01912983,0.009361454,-0.8200741,-0.5688427,0.007762475,-0.06193639,0.1106352,-0.075444,1.021059,79.30703
push,-0.0563915,0.01629029,-0.1735995,-0.8206131,-0.5671542,-0.007948279,-0.06976364,0.0108404,-0.1093593,0.8336681,79.40709
push,-0.02633162,0.03355621,-0.2031763,-0.819513,-0.5663899,-0.02018989,-0.08481328,0.03743648,-0.130343,0.7938961,79.50712
push,-0.02129702,0.04894482,-0.4871001,-0.8206214,-0.5654116,-0.01416357,-0.0817896,0.04817107,-0.1017958,0.5023164,79.60716
push,-0.02644125,-0.064386,-0.321292,-0.8197544,-0.5705851,0.007972997,-0.04869987,0.04158312,-0.1344912,0.6648196,79.70721
push,-0.008049916,-0.09538907,-0.1109382,0.8168046,0.5759435,-0.02501673,0.02221177,0.05744306,-0.1027714,0.8724629,79.80724
push,0.03060376,-0.0411721,0.05576028,-0.8148501,-0.5787133,0.02290631,-0.02419818,0.09501957,-0.0539717,1.039603,79.89063
push,0.024734,0.1600316,0.1003839,-0.8154567,-0.5765975,0.02588172,-0.04354104,0.1162476,0.1192693,1.085476,80.00664
push,-0.02137714,0.03116248,0.2678305,0.8190806,0.57122,-0.03836751,0.03664118,0.08281927,0.0150804,1.257251,80.1065
push,0.06443923,-0.04874343,0.3135142,0.8182029,0.5706837,-0.05369201,0.04451154,0.2033551,-0.06031537,1.305564,80.20634
push,-0.02713491,0.1103718,0.3208812,-0.8203386,-0.565145,0.03916709,-0.07824028,0.127715,0.02508524,1.319471,80.3066
push,-0.04980488,0.1117335,0.1385503,-0.8216772,-0.5619259,0.01292571,-0.09443943,0.08013523,-0.03176811,1.140132,80.40665
push,0.055896,0.04130374,-0.0876589,-0.8238955,-0.5585891,0.003989931,-0.09570041,0.1716352,-0.1149717,0.9134563,80.50668
push,0.01693901,-0.007490359,-0.231417,-0.8253025,-0.5568168,0.003065139,-0.0939222,0.1282036,-0.1613316,0.7653473,80.60669
push,-0.03101661,-0.01908137,-0.4538839,-0.8265592,-0.5568312,0.0010744,-0.08208275,0.06281113,-0.1544994,0.5394043,80.70671
push,-0.04234456,-0.02809911,-0.4944614,-0.8254837,-0.5602338,0.01857728,-0.06610262,0.06183554,-0.1159473,0.4908473,80.80672
push,-0.03131752,-0.07349822,-0.2397153,-0.823746,-0.5644724,0.03205655,-0.042258,0.06769219,-0.106431,0.7397283,80.90674
push,0.002871069,-0.08369872,0.1377279,-0.820898,-0.5681543,0.0395993,-0.04194101,0.1138078,-0.1071639,1.115732,81.00674
push,-0.001297892,0.02781514,0.07347532,-0.8207028,-0.5680127,0.02209858,-0.05762083,0.09916777,-0.04079581,1.053512,81.10651
push,0.0258792,0.0693623,0.2974456,-0.8195673,-0.5666093,0.009419385,-0.08470263,0.1365,-0.05787561,1.275795,81.20695
push,0.0003085427,-0.04869959,0.4857535,-0.8195158,-0.5624318,0.001622431,-0.1098249,0.1267394,-0.2272111,1.463432,81.3073
push,0.03896902,0.006239437,0.4138187,-0.8231053,-0.558474,0.002273507,-0.102953,0.1591922,-0.1627958,1.404872,81.4066
push,0.01290504,0.007118022,0.1839518,-0.8241158,-0.5587882,0.002470065,-0.09264359,0.1225912,-0.145716,1.185759,81.49061
push,0.005727586,0.026763,-0.09871839,-0.8252587,-0.5568514,-0.0005882569,-0.09414963,0.1116124,-0.1322958,0.9024759,81.60691
push,-0.01033307,0.03848307,-0.221418,-0.8261201,-0.5541947,-0.006712828,-0.1017285,0.09282411,-0.139615,0.7721795,81.70713
push,-0.04852136,0.009021974,-0.274105,-0.8287482,-0.5516331,-0.009872768,-0.09370099,0.03938766,-0.1588919,0.7182561,81.79073
push,0.03787644,-0.006226054,-0.3941739,-0.829509,-0.5544208,0.00391883,-0.06721014,0.118443,-0.1127747,0.5911323,81.90653
push,2.248853E-06,-0.07998092,-0.2482998,-0.8278986,-0.5575864,0.03749064,-0.04770377,0.1138078,-0.1166801,0.7316762,82.00658
push,-0.09419879,-0.1118195,0.05577575,-0.8258287,-0.5616902,0.03128562,-0.03914377,-0.0001400367,-0.1408349,1.034235,82.10653
push,-0.02402505,0.02854868,0.07091974,-0.8232987,-0.5632606,0.01624257,-0.068213,0.07818405,-0.06421928,1.047899,82.20673
push,0.05054932,0.133178,0.1587802,-0.8233929,-0.5594913,-0.01218174,-0.09404945,0.1350358,-0.03396357,1.132811,82.30643
push,0.111181,0.05947856,0.4235675,-0.8281062,-0.5531833,-0.001903996,-0.09069002,0.2084804,-0.09301083,1.408287,82.40691
push,0.004301899,-0.08370019,0.5536554,-0.8282899,-0.5553877,0.01328363,-0.07282692,0.1081955,-0.1906117,1.552248,82.49068
push,-0.06748463,-0.01891107,0.1587742,-0.8269538,-0.557117,-0.001447484,-0.07593393,0.01620847,-0.1484,1.16502,82.60686
push,0.07912846,0.1121421,-0.04471255,-0.8258275,-0.5528194,-0.01768224,-0.10994,0.1730994,-0.09252381,0.947616,82.70648
push,-0.01125899,0.0623282,-0.2115658,-0.8256451,-0.5526636,-0.01565303,-0.1123745,0.08843163,-0.1432747,0.7758391,82.80671
push,-0.03531095,0.0209487,-0.3705358,-0.8303618,-0.5484877,0.001443729,-0.09827742,0.07550001,-0.1415678,0.6155313,82.90649
push,-0.06753813,-0.03824798,-0.3821968,-0.8320298,-0.5492858,0.02559965,-0.07318516,0.05500331,-0.1315629,0.6021112,83.00661
push,-0.04998283,-0.05970962,-0.4049573,-0.8307955,-0.5533551,0.0420456,-0.04253388,0.06549517,-0.08325183,0.5750281,83.10648
push,-0.02203019,-0.1169662,-0.06880946,0.826049,0.5595943,-0.05453832,0.03902435,0.1094153,-0.1203398,0.9049156,83.20645
push,-0.01304446,-0.07267401,0.1879303,-0.8236796,-0.5631614,0.03900266,-0.0536633,0.1323518,-0.1239994,1.24066,83.30718
push,0.04599846,0.06778125,0.4031716,-0.8224906,-0.5608999,0.005075026,-0.09420541,0.1589479,-0.08007921,1.37608,83.40682
push,-0.122256,-0.1344125,0.434128,-0.8193642,-0.5596339,-0.009974618,-0.1239066,-0.0001400367,-0.3482355,1.401456,83.50636
push,0.1788872,0.006733541,0.6625783,-0.8219357,-0.5573461,-0.005067918,-0.1173086,0.3024202,-0.1935401,1.643748,83.60647
push,-0.03130932,-0.06122609,0.2143694,-0.8259204,-0.5576997,-0.008849595,-0.08214708,0.0469512,-0.2091557,1.216748,83.70652
push,0.02508196,-0.02026778,0.009179504,-0.8279165,-0.5548176,-0.00344475,-0.08197446,0.1118551,-0.1623072,1.013251,83.80644
push,0.0428085,0.0403646,-0.1856635,-0.8279455,-0.5495824,0.006344512,-0.1114685,0.1779804,-0.1401036,0.8051193,83.90714
push,-0.1181293,0.05122132,-0.3588238,-0.8320841,-0.5409791,-0.004486103,-0.1223007,0.007912074,-0.1591362,0.6204109,84.00669
push,-0.1180499,0.04656734,-0.4749356,-0.8374274,-0.5368579,-0.002742752,-0.1024266,-0.01282892,-0.127659,0.5025591,84.10693
push,-0.05759192,-0.04614732,-0.2846494,-0.8367459,-0.5412024,0.01854688,-0.08131619,0.06037138,-0.1610873,0.6923913,84.19056
push,-0.01065948,-0.1070129,-0.2346579,-0.8333072,-0.5484671,0.04684828,-0.05087475,0.1211271,-0.1398593,0.7402154,84.29091
push,-9.10117E-05,-0.1212582,0.1440015,0.8294985,0.5539126,-0.0518149,0.04927772,0.1382084,-0.1452274,1.117927,84.40662
push,-0.03200665,0.007627102,0.1017291,-0.826715,-0.5570328,0.01942225,-0.07667726,0.08403914,-0.09618343,1.076691,84.50631
push,0.1307307,0.126771,0.3890641,-0.8262904,-0.5510758,0.002525698,-0.1164183,0.2626482,-0.06202381,1.35778,84.60668
push,0.008992813,0.01573495,0.4552847,-0.8304293,-0.5470964,0.007413864,-0.1049657,0.1369886,-0.1515711,1.43952,84.70663
push,-0.07138035,-0.06257676,0.2072962,-0.8314946,-0.5502886,0.009813454,-0.07551767,0.02938437,-0.1789,1.20894,84.80656
push,0.1160174,-0.008834359,0.05333064,-0.8321463,-0.5471697,0.02528533,-0.08659332,0.2550831,-0.127172,1.053023,84.90652
push,0.01719169,0.01698752,-0.03497028,-0.831026,-0.5446115,0.01693208,-0.1118372,0.169684,-0.1532795,0.9559124,85.0071
push,-0.1388002,0.07426059,-0.2227746,-0.831014,-0.5419866,-0.01744913,-0.1239427,-0.03210419,-0.1535238,0.7582723,85.0909
push,-0.03205586,0.07231819,-0.4175228,-0.8351974,-0.5382494,-0.009850986,-0.1124091,0.07257169,-0.1261949,0.557704,85.20696
push,0.02873623,0.007451399,-0.3983249,-0.8365014,-0.5393969,0.02435933,-0.09339719,0.1691955,-0.1215596,0.5757594,85.29074
push,-0.01920444,-0.1217427,-0.1794019,0.835551,0.5451953,-0.05286271,0.04268466,0.1135635,-0.1352241,0.7958473,85.4071
push,-0.08557048,-0.1244833,0.1453937,0.8320383,0.5519027,-0.04130846,0.03754204,0.02279642,-0.1410792,1.122808,85.5068
push,0.05533127,0.01216782,0.2350552,-0.8277391,-0.5545443,0.02769246,-0.08100463,0.1892036,-0.08983977,1.207232,85.60667
push,0.04714369,0.1476543,0.3086128,-0.8293836,-0.5461501,0.007114768,-0.1174404,0.1862753,-0.03811177,1.274331,85.70646
push,0.006053184,0.006895689,0.4185377,-0.8333989,-0.5446616,0.005156264,-0.0936127,0.1169804,-0.1440075,1.40414,85.80673
push,0.05653144,-0.08527602,0.2518951,-0.8335035,-0.5475681,0.02936496,-0.06766625,0.1811515,-0.166944,1.253592,85.90674
push,-0.003307103,-0.02613782,0.1047921,-0.8313805,-0.5498329,0.01733164,-0.07867461,0.1140521,-0.1398593,1.109144,86.007
push,-0.03954606,0.1383474,-0.1035406,-0.830143,-0.5444514,-0.01482023,-0.1192292,0.0674479,-0.07934791,0.8839319,86.10612
push,-0.02797012,0.1321829,-0.1357414,-0.8302353,-0.5396691,-0.0226979,-0.137664,0.08428343,-0.1239994,0.8370834,86.2061
push,-0.02730033,0.08178873,-0.4708168,-0.8359284,-0.53684,-0.01551104,-0.1130748,0.06866778,-0.124975,0.5081714,86.30655
push,0.02821008,-0.06977478,-0.2793128,-0.8401522,-0.5359822,0.0339662,-0.0755877,0.1655358,-0.1598675,0.701419,86.40681
push,-0.06945901,-0.1935807,-0.2680395,0.838996,0.5403923,-0.06231318,0.01337166,0.04768405,-0.1493756,0.7082512,86.50719
push,-0.02933003,-0.1543271,0.02534207,0.834481,0.5481266,-0.05392959,0.01703607,0.07720846,-0.1242437,0.9993439,86.60667
push,0.07525644,-0.02005918,0.4251077,-0.8291253,-0.5519582,0.03593562,-0.08125248,0.2223876,-0.1137518,1.395111,86.70681
push,-0.06888065,0.1105085,0.3667732,-0.8265554,-0.5479892,-0.008963697,-0.1281934,0.05573617,-0.1093593,1.325572,86.80701
push,-0.06552673,0.1901249,0.003285028,-0.8342172,-0.5361139,-0.02188306,-0.1272195,0.03450816,-0.04591959,0.9712837,86.89051
push,-0.07406887,-0.1888784,0.4730353,-0.8349502,-0.541434,0.006052591,-0.09833904,0.04378014,-0.3482355,1.464163,86.9907
push,0.1199903,-0.08325842,0.1932236,-0.8353056,-0.5396628,0.03851762,-0.09769843,0.2926596,-0.2069587,1.187712,87.10663
push,-0.01444827,0.02254919,-0.01607592,-0.8358762,-0.5368825,0.01592092,-0.1132017,0.1362557,-0.1525467,0.9744563,87.2069
push,-0.09205529,0.09752902,-0.183551,-0.835831,-0.5334334,-0.01111516,-0.129274,0.0288958,-0.1335157,0.7958473,87.30682
push,-0.05057627,0.05408667,-0.3585239,-0.8373727,-0.5315775,-0.008091629,-0.127149,0.07184039,-0.1688952,0.6152871,87.40694
push,-0.000153384,0.04218059,-0.4798827,-0.8424324,-0.5290971,0.01565515,-0.1005929,0.1321075,-0.1100906,0.4952398,87.50706
push,-0.02639513,-0.1155229,-0.2494568,-0.8398197,-0.5379283,0.03783248,-0.06248705,0.1025831,-0.1789,0.7263082,87.60717
push,-0.0874363,-0.1309613,-0.07226536,-0.8368516,-0.5445591,0.03893885,-0.04023072,0.01962381,-0.155475,0.9039401,87.6906
push,0.01017525,-0.02118447,0.1812153,-0.8338507,-0.5481415,0.02542429,-0.0598957,0.1164919,-0.09203523,1.156723,87.7907
push,0.08071372,0.1039209,0.2863006,-0.8320243,-0.5447489,0.01272788,-0.1040293,0.2140912,-0.0539717,1.256031,87.90654
push,0.0584509,0.07137416,0.2160703,-0.8307087,-0.5400947,0.001867503,-0.1349709,0.2075033,-0.1510841,1.180635,88.00684
push,0.1612164,-0.08276542,0.7453817,-0.8291562,-0.5450839,0.027193,-0.1210129,0.3395081,-0.2550271,1.721583,88.10704
push,-0.03928535,-0.03759492,0.2373488,-0.8334433,-0.5421055,0.01778984,-0.1057225,0.1072199,-0.1969554,1.229435,88.19053
push,-0.02928549,0.04119966,0.06662324,-0.8340534,-0.5383923,0.006975889,-0.1201661,0.1142964,-0.1552307,1.05522,88.29073
push,0.0006812081,0.08749267,-0.2170352,-0.8355342,-0.5324422,-0.002239794,-0.1355832,0.1433322,-0.1447388,0.7599792,88.40717
push,-0.02957742,0.03620665,-0.3342275,-0.8391774,-0.5291827,0.008696862,-0.125185,0.118443,-0.1659668,0.640419,88.5064
push,-0.06166437,-0.03039367,-0.4356915,-0.843714,-0.5290303,0.02466569,-0.08755074,0.07208312,-0.1515711,0.5440395,88.60719
push,-0.0801764,-0.1462836,-0.3184004,-0.8410351,-0.5369223,0.03710539,-0.0547512,0.03963194,-0.197931,0.6614043,88.69098
push,-0.003200677,-0.08425616,-0.01861418,-0.837175,-0.5435034,0.04325484,-0.04325484,0.1140521,-0.1096036,0.9563994,88.8068
push,0.04248431,0.002758571,0.1032086,-0.8340587,-0.5465688,0.02932203,-0.06891197,0.1648045,-0.07885934,1.076691,88.9071
push,0.016889,0.07861373,0.1488228,-0.8325537,-0.544534,0.01274872,-0.1008683,0.1465033,-0.07373555,1.117196,88.99067
push,0.08517746,-0.1820469,0.3202336,-0.8328874,-0.5400152,0.01166071,-0.1206082,0.2343436,-0.3697078,1.287508,89.10685
push,-0.02845472,0.01994667,0.7316697,-0.8418437,-0.5288804,0.01693374,-0.1062919,0.1133193,-0.1420548,1.714264,89.20648
push,0.03045659,0.05656693,0.301299,-0.8373022,-0.5374466,0.02277336,-0.0977623,0.1757834,-0.08471598,1.295559,89.30708
push,0.05072869,0.09407197,0.03903688,-0.8359292,-0.5363585,0.01009879,-0.1159314,0.1945717,-0.09227952,1.029844,89.3908
push,-0.04152576,0.09898524,-0.2298825,-0.8361281,-0.53215,-0.008546889,-0.1327892,0.08745603,-0.1357111,0.7494873,89.50681
push,-0.04037121,0.05869403,-0.3407148,-0.8405156,-0.527321,-0.00163186,-0.1243523,0.0889202,-0.1535238,0.6350509,89.607
push,-0.04285214,0.01740856,-0.4942138,-0.8435603,-0.527027,0.01549442,-0.1020215,0.09062709,-0.1381509,0.4830395,89.69051
push,-0.05094539,-0.1560605,-0.2634322,-0.840737,-0.5365385,0.04658451,-0.05583612,0.0855033,-0.1993951,0.7131323,89.80692
push,-0.04905618,-0.1639487,-0.1159268,0.8379365,0.5422711,-0.05394104,0.02991086,0.0715961,-0.1557193,0.8588,89.90649
push,0.03523925,-0.06663872,0.2200434,-0.8338666,-0.5464268,0.04715495,-0.06213333,0.179443,-0.1179,1.192103,90.00657
push,-0.005330901,0.1045644,0.2249156,-0.8311127,-0.5457717,-0.0006923564,-0.1066984,0.108684,-0.07154009,1.191127,90.09092
push,0.1261092,0.1527328,0.5063986,-0.8267517,-0.5448358,-0.02329052,-0.1381775,0.2382476,-0.1013072,1.467824,90.20692
push,0.1420232,-0.09293578,0.4869674,-0.8202931,-0.5604872,0.01354372,-0.1130926,0.291684,-0.2640548,1.465383,90.30716
push,-0.001514767,6.581239E-05,0.1445637,-0.8342144,-0.5414231,0.01430528,-0.1036467,0.1367443,-0.1598675,1.138179,90.39068
push,-0.1507519,0.03632176,-0.07592674,-0.8334279,-0.5425991,-0.01157372,-0.1041644,-0.05528494,-0.1532795,0.9200443,90.50652
push,0.001514329,0.1007723,-0.1908101,-0.833711,-0.5369456,-0.01060211,-0.1284638,0.1235684,-0.1281476,0.7902349,90.60638
push,0.02076288,0.05420379,-0.3483809,-0.8361932,-0.5322012,0.006546214,-0.1322874,0.1735879,-0.1615759,0.6233392,90.70655
push,-0.03956867,-0.02399291,-0.3346251,-0.8407858,-0.5313453,0.01457674,-0.1026591,0.0937997,-0.1808512,0.6421275,90.80682
push,-0.08255605,-0.1083551,-0.2733655,-0.8410202,-0.536537,0.02894265,-0.06305076,0.03255542,-0.1825596,0.7065443,90.90683
push,-0.04309733,-0.1137039,-0.1806701,0.8374116,0.5432217,-0.04476042,0.04060286,0.07403585,-0.1327828,0.7958473,91.00684
push,0.06449763,-0.0759898,0.1972481,-0.8321786,-0.5490298,0.04451139,-0.06374744,0.2062834,-0.1322958,1.169412,91.10687
push,0.02500808,0.07419132,0.2316839,-0.8315732,-0.5465905,0.01899612,-0.09676784,0.1608991,-0.06446356,1.201619,91.20687
push,-0.001222999,0.1002855,0.3784281,-0.830265,-0.5454983,0.002374955,-0.1143937,0.1267394,-0.08593586,1.346311,91.3069
push,0.05503571,-0.03753014,0.3976203,-0.8325866,-0.5462613,0.02211314,-0.08893368,0.1899365,-0.1623072,1.387547,91.40694
push,0.02192436,-0.1016464,0.2074727,-0.832408,-0.5488147,0.02388207,-0.07300107,0.1433322,-0.1981753,1.208207,91.50695
push,0.03088813,-0.003134841,0.05490032,-0.8303032,-0.547945,0.01185428,-0.1010562,0.1633404,-0.160356,1.049363,91.60697
push,-0.0360347,0.1227078,-0.08032749,-0.8300545,-0.5405582,-0.009805411,-0.1367855,0.09745932,-0.118387,0.895888,91.70701
push,-0.08516753,0.1442495,-0.2268049,-0.833004,-0.5332124,-0.02183934,-0.1459856,0.03523946,-0.1247307,0.7385069,91.80702
push,-0.03521262,0.1062496,-0.4751572,-0.8384148,-0.5317361,-0.01383314,-0.1188523,0.06793647,-0.1076509,0.4957268,91.90704
push,0.02139449,-0.1305533,-0.2691803,-0.8376304,-0.5402354,0.04076547,-0.06970824,0.1635831,-0.2025678,0.7080069,92.00706
push,-0.05411359,-0.1727936,-0.153852,0.8353955,0.5451479,-0.06153933,0.03378021,0.08330784,-0.1623072,0.8204922,92.10707
push,-0.0539666,-0.08531061,0.04463874,-0.8320548,-0.5509705,0.04402127,-0.04667332,0.06866778,-0.1139961,1.020083,92.20709
push,0.02684193,0.02297658,0.149578,-0.8282655,-0.5535464,0.02098896,-0.08439318,0.1533355,-0.09203523,1.121344,92.29044
push,0.1155973,0.1375667,0.3565034,-0.8274916,-0.5452384,0.004680574,-0.1339806,0.2682605,-0.07739518,1.313127,92.39046
push,-0.01476046,0.05554381,0.3494134,-0.8329713,-0.5399743,-0.001498271,-0.1207652,0.06842349,-0.2228202,1.426344,92.49048
push,0.02224535,-0.1407534,0.3370487,-0.8347001,-0.5441016,0.03006474,-0.079532,0.160412,-0.2418512,1.332891,92.5905
push,0.004296513,-0.09414797,0.1436686,-0.8342834,-0.5450301,0.03038983,-0.07739435,0.1413795,-0.1915873,1.144523,92.69053
push,-0.00913528,0.07531278,-0.02254017,-0.8321014,-0.5414698,0.009341042,-0.1197099,0.1384512,-0.1169229,0.9646958,92.79056
push,-0.0435715,0.1712332,-0.09091222,-0.8312011,-0.5338262,-0.01038708,-0.1550045,0.1067313,-0.1013072,0.8741714,92.89058
push,-0.0460525,0.1172613,-0.27089,-0.8361395,-0.528883,-0.008809239,-0.1451752,0.0937997,-0.1366867,0.6938555,92.99059
push,-0.009388854,0.006971409,-0.4445064,-0.8425053,-0.5307779,0.02610986,-0.0881917,0.124544,-0.1398593,0.5333034,93.09061
push,-0.02382388,-0.2022584,-0.3058152,0.8384193,0.539859,-0.06571384,0.0358747,0.1233241,-0.1915873,0.6711633,93.19064
push,-0.03959415,-0.231527,-0.1306234,0.835297,0.5436793,-0.08035265,0.01533327,0.108684,-0.1708479,0.8387918,93.29066
push,0.02429766,-0.06939117,0.2179837,-0.8313692,-0.5505552,0.04642161,-0.05965935,0.1648045,-0.1166801,1.190152,93.40649
push,-0.0146807,0.1023751,0.417387,-0.8224992,-0.5528492,0.001190759,-0.1336091,0.1335717,-0.1139961,1.372419,93.50661
push,-0.008193934,0.1862209,0.3913703,-0.8207631,-0.5482203,-0.03353965,-0.1570909,0.108684,-0.1076509,1.337284,93.60694
push,0.129017,0.09185562,0.3703165,-0.8299158,-0.5420238,-0.002738208,-0.1320699,0.2682605,-0.1313186,1.339723,93.69044
push,0.05909507,-0.1342886,0.2305418,-0.8354988,-0.5419073,0.04787108,-0.07737272,0.225316,-0.2128153,1.228215,93.79064
push,-0.1290965,-0.09012971,0.01320877,-0.8368095,-0.5415103,0.02908197,-0.07530392,0.003275303,-0.1862193,1.016424,93.89083
push,0.01973796,0.09315998,-0.1290847,-0.8346461,-0.5373832,0.002083197,-0.1207511,0.1547997,-0.1088708,0.8548961,94.00671
push,0.04516993,0.1062324,-0.295771,-0.8343458,-0.5315731,0.004036434,-0.1458794,0.2082361,-0.1347355,0.6689678,94.10657
push,-0.05889561,0.05314374,-0.3640245,-0.8367622,-0.5312937,0.008089151,-0.1322519,0.09501957,-0.1593789,0.5999157,94.20664
push,-0.1458698,-0.05986202,-0.2821804,-0.8355801,-0.5405144,0.01233762,-0.09745696,-0.02112376,-0.2079358,0.6889759,94.30666
push,-0.03185083,-0.05814083,-0.2308543,-0.8357345,-0.5444909,0.03639263,-0.06126144,0.09355541,-0.1198512,0.7424108,94.40704
push,0.09888197,-0.07871694,0.06935036,-0.8310885,-0.5497395,0.05383169,-0.06465678,0.2567915,-0.1261949,1.038872,94.50687
push,0.01700692,0.03188692,0.2488348,-0.8309371,-0.5472699,0.03323541,-0.094522,0.1738322,-0.08740002,1.217235,94.60696
push,-0.04041887,0.06597698,0.3173101,-0.8306732,-0.5453334,0.01221891,-0.1115532,0.1008762,-0.1052111,1.287508,94.70705
push,0.07848081,0.1083297,0.3370681,-0.8326187,-0.5410197,0.01544058,-0.117496,0.2319039,-0.0712958,1.31264,94.79046
push,0.09869494,-0.01266608,0.2690407,-0.8327903,-0.5414448,0.0364135,-0.1094168,0.2799723,-0.1571834,1.25408,94.89053
push,-0.08686087,-0.03774124,0.04818819,-0.835397,-0.5394213,0.02932623,-0.1013729,0.07403585,-0.1776801,1.041556,94.99062
push,-0.01499955,0.07328559,-0.1055173,-0.835272,-0.5337294,0.00719538,-0.1319161,0.1399153,-0.1422991,0.8727072,95.1068
push,-0.006960007,0.1081582,-0.2822956,-0.8363378,-0.5265434,0.002692424,-0.1525904,0.1596792,-0.1464473,0.6794597,95.20622
push,-0.04094833,0.08511118,-0.4396798,-0.8411918,-0.5238994,0.0093266,-0.1335618,0.1145391,-0.1296118,0.5235428,95.30676
push,-0.06120244,-0.1166675,-0.2587278,-0.8438233,-0.5286256,0.03605067,-0.08495564,0.08794305,-0.2208675,0.7143521,95.40668
push,-0.0807256,-0.1805063,-0.1866339,0.8396147,0.5392609,-0.05156605,0.03982189,0.04670846,-0.1915873,0.7887723,95.50682
push,0.02426242,-0.1033375,0.1131964,-0.8339656,-0.5477518,0.04500267,-0.0494377,0.1513844,-0.1359554,1.08816,95.60644
push,0.05069893,0.09630229,0.1833697,-0.8290844,-0.548118,0.01573564,-0.1092616,0.1950602,-0.06592773,1.148916,95.70644
push,-0.01498812,0.08194034,0.3192139,-0.827449,-0.5478331,0.002055418,-0.1232992,0.1228355,-0.1188756,1.284091,95.80681
push,0.0443708,0.07193884,0.3472005,-0.8341482,-0.5411041,0.01737594,-0.1053621,0.1879837,-0.08569157,1.3285,95.90685
push,0.07265726,-0.02073243,0.2634009,-0.8345037,-0.5433,0.02870611,-0.08720416,0.2170196,-0.136444,1.258228,96.00657
push,0.0743205,-0.001606763,0.1377793,-0.8326873,-0.5436188,0.02402037,-0.1026329,0.2282443,-0.1486427,1.130616,96.0904
push,-0.03823587,0.09888291,-0.05391423,-0.8301699,-0.5371382,0.01270724,-0.1487919,0.1455277,-0.1381509,0.9163831,96.20687
push,-0.1336145,0.07697055,-0.2430517,-0.838181,-0.5270682,0.00335642,-0.1401449,0.02108797,-0.1564521,0.7260639,96.30672
push,-0.04704265,0.003491874,-0.510146,-0.8451926,-0.525466,0.02443546,-0.09453996,0.09331112,-0.130343,0.4686437,96.40658
push,0.02292619,-0.1811831,-0.2993415,0.8391,0.536047,-0.07168636,0.05852992,0.2040879,-0.2023235,0.6733603,96.50684
push,-0.02430702,-0.1994321,-0.05228241,0.835844,0.5425545,-0.07526323,0.0365348,0.1386955,-0.1791427,0.9190671,96.60685
push,-0.08511182,-0.07480331,0.07011142,-0.83176,-0.5499827,0.03396756,-0.06738362,0.04353586,-0.1484,1.043751,96.70687
push,0.04617566,0.1187126,0.2404679,-0.8270669,-0.5477976,0.009590548,-0.1256429,0.1979886,-0.07641958,1.19796,96.80688
push,0.02837466,0.111177,0.3528067,-0.8299766,-0.5418828,0.004108161,-0.1322311,0.1777361,-0.1027714,1.312883,96.90688
push,0.005701366,0.2268322,0.2224656,-0.8484799,-0.5196399,-0.003058471,-0.1002335,0.1047801,0.05338822,1.203328,97.0069
push,0.03254449,-0.01833292,0.05179073,-0.8367506,-0.5430616,0.02597334,-0.06525192,0.1479675,-0.1000873,1.051316,97.1069
push,0.1099036,-0.03116793,0.1360042,-0.8336211,-0.5415553,0.03686182,-0.1021511,0.2846075,-0.1635271,1.127199,97.2069
push,-0.05244727,0.1224924,-0.0310616,-0.834962,-0.5325347,-0.001771033,-0.1387157,0.09477529,-0.1149717,0.9466404,97.30693
push,-0.1212203,0.1312204,-0.1847076,-0.8370385,-0.5259137,-0.01940941,-0.1496812,0.005228037,-0.1430319,0.7812072,97.40693
push,0.01518042,0.0356178,-0.3521809,-0.8452404,-0.519244,0.001056924,-0.1263065,0.1508958,-0.155475,0.6243163,97.50694
push,0.02462445,-0.09705044,-0.3665289,-0.8463576,-0.5260059,0.04678977,-0.06933546,0.1757834,-0.164747,0.6130916,97.60695
push,-0.09620777,-0.2189674,-0.2880255,0.8419845,0.5351863,-0.06595898,0.01694079,0.03133555,-0.1774358,0.6899515,97.70696
push,-0.08184408,-0.1653069,-0.07522742,0.838859,0.5420022,-0.04889772,0.01258226,0.01206027,-0.1340027,0.901256,97.80698
push,0.08063715,-0.02252721,0.18224,-0.831759,-0.5478987,0.03521156,-0.08212341,0.2270244,-0.1191199,1.151844,97.907
push,0.0758428,0.1570865,0.304498,-0.8287393,-0.5404385,0.0126432,-0.1447673,0.2516677,-0.06714761,1.253592,97.99034
push,-0.0849884,0.1628112,0.1527835,-0.8315699,-0.533126,-0.0004300699,-0.1557814,0.0798925,-0.09593915,1.101336,98.09035
push,0.1458811,-0.1201691,0.08216839,-0.8444219,-0.5261263,0.02352938,-0.09792459,0.2887557,-0.2608837,1.062539,98.19038
push,0.05777678,-0.1357891,0.2338422,-0.8382494,-0.5357655,0.04309934,-0.09184684,0.2299512,-0.2445352,1.221872,98.29038
push,-0.05531223,-0.06860851,0.18814,-0.8394029,-0.5340271,0.0202765,-0.09902841,0.08648045,-0.2152551,1.181611,98.3904
push,-0.0266966,0.08087642,0.04816845,-0.8406932,-0.5270804,-0.006599996,-0.1240063,0.09477529,-0.1379081,1.032284,98.49041
push,0.03190766,0.113133,-0.06489291,-0.8423553,-0.5200456,-0.02026208,-0.1399269,0.1450391,-0.1476672,0.9100394,98.59042
push,-0.01048092,0.04077519,-0.1479359,-0.8475439,-0.5157951,-0.02093815,-0.123233,0.08257654,-0.1932958,0.8358635,98.69043
push,-0.0161006,0.02518907,-0.1034221,-0.8485439,-0.5206097,-0.02560857,-0.09101094,0.03597232,-0.1586476,0.8934482,98.79044
push,0.01824415,-0.01897572,-0.2921752,-0.8442137,-0.5314629,-0.02405017,-0.0653593,0.04743977,-0.1564521,0.7094711,98.89046
push,-0.0605846,-0.1177293,-0.3156927,-0.8459819,-0.5320002,-0.001450794,-0.03589075,-0.02478494,-0.1801199,0.6836079,98.99047
push,-0.3097896,-0.2362892,-0.3143502,-0.8601418,-0.508891,0.009834106,-0.03300304,-0.2595129,-0.282843,0.6787283,99.09048
push,-0.009580809,0.1363597,-0.2236061,-0.8557895,-0.5128568,0.004183277,-0.06770959,0.06647231,0.02557226,0.7599792,99.19049
push,-0.2410847,-0.08007696,0.6684895,-0.86418,-0.492616,-0.007119775,-0.1023309,-0.15264,-0.263812,1.646676,99.29051
push,0.5609684,0.2396547,0.1733535,-0.8667999,-0.4832168,-0.01893102,-0.1216597,0.6457279,0.01044518,1.143059,99.39052
push,-0.2440382,0.1457359,0.07849087,-0.8665368,-0.4656013,0.06508722,-0.16761,0.02523617,-0.0844717,1.015204,99.49052
push,0.1957925,-0.03428959,-0.03789335,-0.8710073,-0.4515272,0.08567145,-0.1735797,0.5012801,-0.258931,0.8856404,99.59055
push,0.08685118,-0.0114517,-0.007383727,-0.8583738,-0.4769256,0.05658361,-0.1803737,0.355368,-0.2664961,0.9188228,99.69055
push,0.08350044,0.1685169,-0.0803626,-0.8369073,-0.5121731,-0.003780834,-0.1930038,0.2738713,-0.1566949,0.840256,99.80693
push,0.05052234,0.1954704,0.3488212,-0.8283166,-0.5190958,-0.05317011,-0.2039708,0.1738322,-0.1964668,1.257251,99.89069
push,-0.2418373,0.04222058,0.07453804,-0.8214444,-0.5066622,-0.09171889,-0.2451738,-0.1443436,-0.4521801,0.9351714,100.0069
push,-0.1030758,-0.04933099,-0.1054266,-0.8049262,-0.5004049,-0.1368234,-0.2880417,-0.0352768,-0.6481116,0.6887317,100.1065
push,-0.0490263,-0.1505535,-0.07556624,-0.786601,-0.4959677,-0.1648391,-0.32879,0.01767108,-0.8301361,0.6526193,100.2066
push,-0.05660972,-0.00910788,-0.06675594,-0.7698352,-0.4922872,-0.1927103,-0.3575888,-0.001359912,-0.7479081,0.6018669,100.3068
push,-0.04368246,0.01264473,-0.0158328,-0.7565134,-0.4874997,-0.2088607,-0.3826339,0.01328015,-0.7686475,0.6030883,100.4068
push,0.006644833,-0.08931794,-0.03615442,-0.7478445,-0.4811277,-0.2215114,-0.4002216,0.06037138,-0.8999195,0.5445281,100.5069
push,0.03773781,0.08677763,-0.03993638,-0.7258235,-0.4731886,-0.2418687,-0.436775,0.09989908,-0.7749912,0.4608359,100.6069
push,-0.02636134,0.08825628,-0.01003088,-0.7006827,-0.4607823,-0.2627004,-0.4771918,0.0452443,-0.8223282,0.396419,100.707
push,0.07590826,-0.1278196,-0.06592213,-0.6970826,-0.4648086,-0.2684189,-0.4753737,0.1435765,-1.039732,0.3378588,100.7903
push,-0.00774702,-0.1346526,0.1018013,-0.6975241,-0.4675696,-0.2713217,-0.4703437,0.05353915,-1.043879,0.511831,100.8904
push,0.003782304,0.087337,-0.06080839,-0.6883422,-0.473616,-0.2809172,-0.4721847,0.06427529,-0.8281833,0.3351763,100.9904
push,-0.04587884,0.02551994,0.01109217,-0.6953365,-0.4854281,-0.2799122,-0.4500176,0.001811141,-0.8730791,0.4498555,101.0905
push,-0.01610478,0.02972765,-0.07095772,-0.6894505,-0.4805452,-0.2949202,-0.4547047,0.01425574,-0.8811312,0.3417642,101.1905
push,0.01528723,-0.04055502,-0.02776916,-0.6821573,-0.4732607,-0.3070487,-0.4651954,0.03670362,-0.9662875,0.3510363,101.2906
push,-0.05971077,0.04538784,-0.004145621,-0.6729239,-0.4674239,-0.3122018,-0.4808518,-0.03039575,-0.8926002,0.3381031,101.3906
push,-0.02640156,0.01195661,0.05693248,-0.6621547,-0.4606387,-0.3166692,-0.4990829,0.01401145,-0.9404227,0.3581112,101.5066
push,-0.04045733,-0.04063972,-0.1050638,-0.6603727,-0.460831,-0.3201247,-0.4990618,-0.003312646,-0.9943478,0.191704,101.6065
push,-0.04487893,0.301687,0.307912,0.811067,0.5826768,-0.03748974,0.03538956,0.05793163,0.2878719,1.309956,135.5311
push,0.06556724,-0.4422866,-0.3327115,-0.7873467,-0.6142368,-0.04661166,0.02501107,-0.03893643,-0.4602322,0.6653082,135.6311
push,0.4410029,0.2215076,-0.2927873,-0.7815074,-0.6193748,-0.07399508,0.01207474,0.3109593,0.1490364,0.69166,135.7145
push,-0.1886033,0.0009326542,0.4417578,-0.7963006,-0.6039164,-0.02526956,-0.02348649,-0.2004641,-0.06690332,1.438056,135.8145
push,0.1743466,0.3348518,0.1778695,-0.8036122,-0.5920498,-0.02624087,-0.05473289,0.1970114,0.2156488,1.171852,135.9145
push,0.03528292,-0.006490069,0.05110396,-0.8032355,-0.5922204,-0.02781222,-0.05756791,0.05890722,-0.1325401,1.047899,136.0146
push,-0.03143906,0.01565,0.05722697,-0.8013483,-0.5949463,-0.02354388,-0.05766656,-0.000384323,-0.1054554,1.054976,136.1305
push,0.01560573,0.004953336,-0.02608825,-0.7980211,-0.5999969,-0.02210328,-0.05174431,0.04256027,-0.1047241,0.9727479,136.2309
push,0.02927375,-0.02190916,-0.06055265,-0.792877,-0.607153,-0.02002175,-0.04806592,0.05598045,-0.1227795,0.9373668,136.3312
push,0.005909628,-0.05091037,-0.1455854,-0.7894222,-0.6115556,-0.02054329,-0.04889144,0.03328828,-0.1532795,0.8492838,136.4307
push,-0.04631594,0.02109823,-0.05441068,-0.787092,-0.6139396,-0.02030985,-0.05614086,-0.009412022,-0.09203523,0.9368798,136.5309
push,-0.02801656,0.02524823,-0.2343139,-0.7846601,-0.6173844,-0.01785655,-0.05316193,0.009376235,-0.07959064,0.7533913,136.6311
push,0.08111583,-0.03594251,-0.2369301,-0.7844262,-0.6190013,-0.008269448,-0.03800663,0.1147834,-0.1049668,0.7480232,136.7146
push,0.04466467,0.04654364,0.04607723,0.7855608,0.6183036,-0.02166555,0.01120447,0.09184852,0.05558524,1.030088,136.8306
push,-0.02128164,0.05386463,0.1323514,0.7854607,0.6176221,-0.03783591,-0.01275719,0.02181927,0.1197563,1.115976,136.9306
push,0.06496889,0.1448846,0.1640372,0.7835273,0.6185984,-0.04535843,-0.03692529,0.09014007,0.2578605,1.148427,137.0307
push,0.01996979,0.08305327,0.211773,0.7819914,0.6185856,-0.05572234,-0.05230926,0.04231598,0.2332171,1.196251,137.1307
push,-0.04900929,0.09211771,0.1303968,0.7829138,0.6163305,-0.05601999,-0.06359547,-0.03966773,0.2610331,1.117684,137.2307
push,0.05475933,0.09598443,0.2419601,0.7826393,0.6176298,-0.04953197,-0.0596292,0.05866449,0.2517611,1.237976,137.3307
push,-0.05114672,0.04714995,0.2248251,0.7855271,0.6168616,-0.03562301,-0.03405764,-0.03698369,0.1461081,1.235292,137.4307
push,-0.02304455,0.01842001,0.06666204,0.787605,0.6158969,-0.01443496,-0.01187338,-0.0147801,0.05558524,1.084743,137.5308
push,-0.01229434,0.03242554,-0.0549894,-0.7896175,-0.6135131,-0.002093227,-0.01007958,-0.00306836,0.01361624,0.962743,137.6308
push,-0.01375035,-0.0007096713,-0.1475516,-0.787042,-0.6159778,-0.01864775,-0.02807823,-0.008436434,-0.06885605,0.8646551,137.7308
push,0.08446001,-0.03121022,-0.2691326,-0.7849782,-0.6173612,-0.02789189,-0.04354668,0.09453256,-0.1349798,0.7348473,137.8307
push,-0.05030997,0.00543509,-0.4071779,-0.7857506,-0.6159334,-0.01948103,-0.05331547,-0.01526867,-0.1022828,0.5857642,137.9308
push,-0.005845989,-0.0548923,-0.2625501,-0.7853445,-0.6181683,0.0008037593,-0.03318531,0.03597232,-0.1054554,0.7241111,138.0309
push,0.02044105,0.02593596,-0.06895369,0.7845309,0.6196716,-0.02069712,0.009482587,0.06403256,0.03655269,0.9156518,138.1311
push,-0.01050395,0.1436206,0.04049055,0.7847472,0.6183272,-0.04172415,-0.01011765,0.04182741,0.2102807,1.02472,138.2312
push,-0.0280375,0.0644353,0.1179931,0.7840151,0.6175314,-0.05425017,-0.03212732,0.01693977,0.1807563,1.101092,138.3147
push,-0.03283973,0.0562796,0.2932201,0.7843483,0.614634,-0.0643666,-0.05366221,0.002055428,0.2190641,1.276039,138.4306
push,0.08766327,0.1022124,0.2811168,0.7864851,0.61222,-0.06386988,-0.05048075,0.1264952,0.2605445,1.27238,138.5306
push,-0.1327797,0.1077952,0.2896158,0.7890044,0.6110933,-0.05853024,-0.0247235,-0.06968071,0.2200412,1.296779,138.6306
push,0.0417416,0.02152544,0.107146,0.7903305,0.6115871,-0.03611317,-0.005904561,0.09257983,0.07608039,1.124028,138.7307
push,-0.03914183,-0.009633257,-0.1554459,-0.7902772,-0.6124932,0.01037932,-0.01436114,-0.004532522,-0.01981208,0.8619711,138.8306
push,0.03361977,0.03256471,-0.3108802,-0.7897221,-0.6117878,-0.009774979,-0.04426234,0.07281598,-0.05031208,0.6972724,138.9306
push,-0.05175737,0.03416717,-0.5203825,-0.7901257,-0.610733,-0.01435619,-0.05000439,-0.01331593,-0.06251083,0.475476,139.0306
push,-0.02869266,-0.05298162,-0.4015404,-0.7907163,-0.6117789,0.002725543,-0.02206358,0.002299714,-0.08422741,0.5874711,139.1306
push,0.02150686,-0.1432285,-0.08884785,0.7842141,0.6193675,-0.03605943,-0.009579848,0.06549517,-0.0844717,0.8927153,139.2306
push,-0.01433464,0.09411578,0.2189511,0.7834966,0.6201003,-0.03903842,-0.009206392,0.03475244,0.1561129,1.202352,139.3306
push,-0.0143663,0.07308161,0.263826,0.7875993,0.6137199,-0.04699098,-0.0287548,0.02401629,0.1751439,1.248956,139.4306
push,0.05609529,-0.02546792,0.3058751,0.7856069,0.613853,-0.05520275,-0.05439763,0.07598703,0.1273198,1.290924,139.5306
push,-0.06495586,0.1415286,0.4485923,0.7853881,0.6152042,-0.05270933,-0.04371725,-0.03576382,0.2759159,1.445619,139.6306
push,0.06519333,0.1291802,0.1872513,0.7885492,0.6124192,-0.0492315,-0.0266283,0.1108795,0.2329728,1.19552,139.7306
push,-0.0636672,0.007391307,-0.01130164,0.7931136,0.6076634,-0.04142088,-0.0005343892,0.002544,0.05948915,1.003004,139.8306
push,-0.04407342,-0.02990474,-0.1348346,-0.793468,-0.6079459,0.01864212,-0.02151012,0.01254729,-0.04152711,0.8792952,139.9305
push,0.05162324,0.03890196,-0.2608604,-0.7926931,-0.6076373,-0.01045886,-0.04801065,0.0937997,-0.05079909,0.7441193,140.0305
push,0.05262088,0.03295461,-0.4350193,-0.7944762,-0.604724,-0.01030838,-0.05486574,0.1025831,-0.06665903,0.5584353,140.1305
push,-0.07356555,-0.04249587,-0.3145089,-0.7965822,-0.6034839,0.01408372,-0.03264162,-0.01234035,-0.07715089,0.673116,140.2305
push,-0.06371888,-0.1586422,-0.1315843,0.7927384,0.6085498,-0.03415671,-0.00815082,-0.02014817,-0.1049668,0.8509922,140.3305
push,0.07328951,0.005791354,0.2204589,0.7883165,0.6141573,-0.03645448,0.006242136,0.1374756,0.04021232,1.203083,140.4305
push,-0.02123487,0.1705927,0.4022311,-0.7915266,-0.6104976,0.01754698,-0.02169018,0.03255542,0.1578214,1.39194,140.5305
push,-0.002052331,0.02737014,0.3769594,0.7945685,0.606775,-0.02073061,0.007434471,0.03987623,0.04070089,1.375103,140.6305
push,0.09226298,-0.05833697,0.390422,0.7922106,0.6097908,-0.02326808,0.004010356,0.1343045,-0.03615903,1.396088,140.7309
push,-0.07458063,0.1251187,0.2636083,-0.7915999,-0.6103567,0.005140043,-0.02842445,-0.0311286,0.08584095,1.276284,140.8306
push,0.04182322,0.05351678,0.05477351,-0.7944011,-0.6056804,-0.00454752,-0.04535879,0.09038436,-0.02542289,1.068152,140.9305
push,-0.01376887,0.01349181,-0.1375107,-0.7962166,-0.6016536,-0.01128281,-0.06264787,0.05158797,-0.09959877,0.9075997,141.0306
push,-0.06074048,-0.04180921,-0.3014168,-0.7963009,-0.6012265,-0.01908954,-0.0637731,-0.01404879,-0.167431,0.6984922,141.1309
push,0.01517206,0.0181567,-0.4773016,-0.7972757,-0.6003368,-0.01415371,-0.06121182,0.06598374,-0.09618343,0.5125639,141.2308
push,0.0229881,-0.06135153,-0.2753979,-0.7976514,-0.6016548,0.005951617,-0.04157273,0.08184367,-0.1198512,0.7099597,141.3308
push,-0.02431037,-0.1084661,-0.1576467,0.7957469,0.6049567,-0.02694804,0.009386881,0.02914008,-0.09105965,0.826103,141.4308
push,-0.03334804,-0.01040414,0.04639465,-0.7941852,-0.6071761,0.01622677,-0.01854289,0.01425574,-0.02005481,1.031064,141.5308
push,0.01094657,0.2130275,0.1064511,-0.7949708,-0.6053625,0.005927276,-0.03902071,0.06695933,0.158797,1.09182,141.6308
push,0.0698401,0.04931317,0.3335464,0.8013045,0.5976154,-0.02380973,0.01414225,0.1247883,0.05509666,1.329963,141.7308
push,-0.03956109,0.08981162,0.4919498,-0.797074,-0.6029136,0.01955886,-0.02803022,0.02596747,0.06851685,1.49808,141.8307
push,0.01048217,0.109407,0.2589701,-0.7988403,-0.600054,0.005184246,-0.0419807,0.07013194,0.04753313,1.272135,141.9307
push,0.01974369,-0.006605685,-0.05693562,-0.7985538,-0.5999136,-0.001127435,-0.04913471,0.07793976,-0.08788704,0.9563994,142.0307
push,-0.02352471,-0.004327596,-0.2504115,-0.7994016,-0.5978029,-0.008280609,-0.05933091,0.03499517,-0.1105792,0.7565639,142.1307
push,-0.0473031,-0.04071672,-0.3039539,-0.7999005,-0.5962698,-0.01344476,-0.06663782,0.01108313,-0.1642599,0.6940997,142.2307
push,0.0231506,0.05987227,-0.382154,-0.8007914,-0.5948907,-0.0121553,-0.06848653,0.084772,-0.06348798,0.6018669,142.3307
push,-0.01880783,-0.09078417,-0.1938143,-0.8002695,-0.5984628,0.009686413,-0.03629214,0.03938766,-0.1366867,0.7907235,142.4306
push,-0.03132971,-0.1307745,-0.0151439,0.7978087,0.6022782,-0.02596279,0.009386382,0.0205994,-0.1147274,0.9681111,142.5306
push,0.02199383,0.04605239,0.09872072,-0.7963992,-0.6039156,0.01414944,-0.02887904,0.07867107,0.01752015,1.083767,142.6306
push,0.02026542,0.2200674,0.3031488,-0.8002184,-0.5981162,0.004801448,-0.04340965,0.07940392,0.1568442,1.291412,142.7306
push,0.04039988,-0.150103,0.3413199,0.8000695,0.5990953,-0.02753273,0.01467878,0.1020961,-0.1405922,1.340212,142.831
push,-0.03608456,0.0718931,0.3533683,-0.7972644,-0.6024347,0.01537389,-0.03472116,0.03109126,0.03459996,1.362904,142.9312
push,0.009684988,0.1543405,0.1694854,-0.7984501,-0.5985965,-0.01771825,-0.06201376,0.05646747,0.03191592,1.179171,143.0314
push,0.04817754,0.03913773,-0.09336024,-0.7991364,-0.5969391,-0.01586938,-0.06923035,0.106487,-0.0927681,0.9141876,143.1308
push,-0.01951571,0.00577886,-0.2980998,-0.8010405,-0.5940013,-0.01324083,-0.0729467,0.04670846,-0.1283919,0.7026389,143.2307
push,-0.03421007,-0.003927167,-0.428702,-0.8041101,-0.5908864,-0.007206453,-0.0648717,0.03109126,-0.1171672,0.5662431,143.3307
push,-0.05978853,-0.06776384,-0.3494276,-0.8040507,-0.5930728,0.01139471,-0.04046283,0.00595934,-0.1188756,0.6384678,143.4306
push,-0.01956485,-0.1487187,-0.1082538,0.8014415,0.5973184,-0.02953952,0.005447408,0.03353257,-0.1225352,0.8758798,143.5306
push,0.06199351,-0.07981391,0.1208068,0.7981688,0.6012353,-0.03562077,0.01318373,0.1335717,-0.05836263,1.102311,143.6308
push,-0.03576763,0.2244976,0.2639318,-0.7999251,-0.5985993,0.01201314,-0.04067238,0.03133555,0.1744126,1.248468,143.7304
push,0.005954465,0.04362745,0.4128133,-0.8030465,-0.5942652,0.03019486,-0.03245893,0.09257983,0.02752499,1.403652,143.8302
push,0.1636247,0.04569248,0.3581162,-0.8011934,-0.596515,0.03191104,-0.03522273,0.2570358,0.02728071,1.356316,143.9309
push,-0.01453781,0.1576159,0.3021394,-0.803431,-0.5939956,0.01311283,-0.03867658,0.05329641,0.1104843,1.310932,144.0311
push,0.07890187,-0.009843308,0.04470088,-0.8021232,-0.5958222,0.0165373,-0.0363413,0.1499202,-0.04909065,1.058391,144.1312
push,-0.09106962,0.0585621,-0.1125778,-0.8007169,-0.5964341,-0.01112363,-0.05472738,-0.04284034,-0.04396686,0.8971078,144.2306
push,0.06182062,-0.02311054,-0.243043,-0.801017,-0.5948248,-0.01495785,-0.06581248,0.1167362,-0.1476672,0.7585151,144.3306
push,-0.07413101,0.03234178,-0.4041158,-0.8024538,-0.5919687,-0.01602484,-0.07337664,-0.01282892,-0.1047241,0.5869841,144.4306
push,-0.05360599,-0.02263388,-0.3795659,-0.8022933,-0.594115,-0.006693427,-0.0575151,0.003519589,-0.1220467,0.6055281,144.5306
push,0.0468598,-0.1205665,-0.245246,-0.8016089,-0.5971206,0.01930961,-0.02229971,0.1035603,-0.1330271,0.7375313,144.6306
push,-0.00902508,-0.01946321,0.07750399,0.7990319,0.6002719,-0.03363856,0.00948961,0.05500331,0.005319839,1.057904,144.7306
push,-0.001474093,0.2183338,0.1775682,0.8017901,0.5967741,-0.03143059,0.002313308,0.05109939,0.2517611,1.164531,144.8306
push,0.03518116,-0.02298684,0.2590149,0.8013487,0.5959624,-0.04688956,-0.02168744,0.08428343,0.06729697,1.249688,144.9306
push,-0.05321641,0.04017857,0.3139513,0.7988006,0.5996631,-0.04383045,-0.0200122,-0.006972272,0.1251244,1.314103,145.0313
push,0.09187935,0.07230492,0.2790606,0.8009671,0.5976858,-0.03497449,0.0002944861,0.148943,0.1141439,1.288728,145.1307
push,-0.07875262,0.09980774,0.05943547,-0.8024451,-0.5958105,0.01962847,-0.02657683,-0.01453581,0.08022859,1.073764,145.2306
push,-0.01559729,0.05097012,-0.1032313,-0.8033465,-0.5940077,0.00670871,-0.04176479,0.04573132,-0.009075935,0.9085753,145.3306
push,0.03498676,-0.04690389,-0.2902316,-0.8019589,-0.5955084,-0.003328357,-0.04712436,0.08623616,-0.127172,0.7143521,145.4306
push,-0.004727825,0.0256667,-0.4383388,-0.8006148,-0.5962343,-0.007535541,-0.05885366,0.05329641,-0.07739518,0.5530672,145.5306
push,-0.06691451,-0.06277195,-0.3296645,-0.8011309,-0.5971566,0.007889452,-0.0391261,-0.008192147,-0.1154587,0.6562789,145.6306
push,-0.009927751,-0.1275283,-0.1695685,0.8002635,0.5987695,-0.03095283,0.009770202,0.05036809,-0.106431,0.8129271,145.7306
push,0.04925339,-0.006141357,0.1700574,0.7975647,0.6019327,-0.0319683,0.02335737,0.127228,-0.004927736,1.152575,145.8308
push,-0.08122981,0.2452257,0.175199,-0.7981794,-0.6012321,0.008965085,-0.03673279,-0.02332078,0.1978361,1.16258,145.9308
push,-0.004702675,-0.1306835,0.406954,0.7982076,0.6016862,-0.02650448,0.011658,0.05158797,-0.1174114,1.404383,146.0306
push,0.1047232,0.0529277,0.4063184,0.7977963,0.601993,-0.0265569,0.02049749,0.1723681,0.05216834,1.412924,146.1305
push,-0.03811169,0.08187962,0.2202476,-0.7994275,-0.59914,0.018686,-0.03996968,0.04085182,0.0397253,1.231632,146.2303
push,-0.01495827,0.01732918,-0.01331243,-0.8006157,-0.5969213,0.01146445,-0.0506762,0.06525244,-0.05128767,0.9983684,146.3306
push,0.005934979,0.001524322,-0.2524767,-0.7983826,-0.5986652,-0.008329852,-0.06415483,0.07037622,-0.1125319,0.7536355,146.4303
push,-0.02811535,0.009110712,-0.2537106,-0.797439,-0.5972723,-0.02197974,-0.08290757,0.03645933,-0.1508398,0.7407039,146.5304
push,0.000392978,0.03263174,-0.4389795,-0.8012598,-0.5938667,-0.01864158,-0.07041052,0.05402772,-0.1020401,0.5481877,146.6306
push,-0.001238589,-0.0885016,-0.247769,-0.8005252,-0.5979751,0.01253232,-0.03779114,0.0632997,-0.1335157,0.7380199,146.7306
push,-0.006663097,-0.1359202,0.0101159,0.7992847,0.6000115,-0.03228364,0.009378615,0.05524759,-0.1125319,0.992756,146.8306
push,0.001491889,0.0444563,0.2480784,0.7985417,0.6004301,-0.03934715,0.01632791,0.08281927,0.06534424,1.230899,146.9307
push,-0.07293127,0.1498003,0.3036742,0.8034511,0.5939172,-0.04147007,0.002973184,-0.003312646,0.1939322,1.292388,147.0307
push,0.07314993,-0.03933615,0.1953809,0.8008568,0.5964042,-0.04490378,-0.03023285,0.1089283,0.06241592,1.187223,147.1307
push,0.00838716,0.0706025,0.3807028,0.800697,0.5974163,-0.03922337,-0.02096707,0.04646418,0.1517204,1.385108,147.2307
push,-0.03285152,0.005820258,0.1646227,0.8018516,0.5966748,-0.03174362,-0.002324278,0.01596418,0.04802014,1.176732,147.3307
push,-0.02249315,0.07860388,0.0240234,-0.804054,-0.5936816,0.01600009,-0.02798538,0.03743648,0.05216834,1.038383,147.4307
push,-0.03585257,-0.01061724,-0.2019049,-0.8037947,-0.5931869,-0.003134359,-0.04509562,0.01328015,-0.08788704,0.8078033,147.5307
push,0.006527115,-0.006144281,-0.2854695,-0.8030738,-0.5926121,-0.0149598,-0.06049427,0.05451629,-0.1218039,0.713375,147.6307
push,0.02112928,-0.0009144871,-0.3792924,-0.8043625,-0.5912029,-0.005297368,-0.05875407,0.08184367,-0.1013072,0.609919,147.7308
push,-0.05951943,-0.1329469,-0.1815962,-0.8042763,-0.5933753,0.02039995,-0.02508339,0.002299714,-0.148887,0.8041437,147.8308
push,-0.0100185,-0.07815992,0.01362839,0.8018255,0.5964862,-0.03398513,0.01118444,0.05671176,-0.05592288,0.9947072,147.9308
push,0.0002581076,0.2283308,0.1747791,0.8040169,0.5937066,-0.0268136,0.01871637,0.06476387,0.2300445,1.159896,148.0308
push,0.02251585,-0.01411438,0.2009504,0.8046118,0.5923934,-0.03980141,-0.00925445,0.07525573,0.04753313,1.191127,148.1308
push,0.6778212,0.1039452,0.367661,0.8117144,0.5789025,-0.07638085,-0.01255338,0.7874917,0.2129647,1.357536,148.2308
push,-0.2021445,0.1191313,0.3999128,0.8046945,0.5930057,-0.02814905,0.004310622,-0.1511759,0.1458654,1.409264,148.3308
push,0.09856104,0.1509626,0.2009478,-0.8061108,-0.5897465,0.007278822,-0.04828427,0.1684642,0.08047287,1.21382,148.4308
push,-0.05730617,-0.01028927,-0.1412305,-0.8070537,-0.588004,-0.001389479,-0.05397933,0.004983751,-0.1005759,0.8700232,148.5308
push,-0.03625423,-0.009045545,-0.1989062,-0.8057842,-0.5883992,-0.01248898,-0.06589498,0.02181927,-0.1313186,0.8034108,148.6309
push,0.04968699,0.02324603,-0.497304,-0.805934,-0.58838,-0.01274374,-0.06416404,0.1047801,-0.09545213,0.4964597,148.7309
push,0.0198205,-0.02653013,-0.3785844,-0.8046679,-0.5908076,0.005508155,-0.05852884,0.09721504,-0.1135075,0.6065037,148.8309
push,-0.07640444,-0.1005714,-0.2120153,-0.8043953,-0.5930546,0.02063039,-0.02844289,-0.01038761,-0.1215596,0.7719352,148.9309
push,0.04345166,-0.0929646,0.05971943,0.8019468,0.5960076,-0.03413358,0.02215824,0.1233241,-0.08788704,1.04058,149.0309
push,-0.004497391,0.02109681,0.2598599,-0.8022925,-0.5949769,0.01019496,-0.047174,0.06720362,-0.04177139,1.24432,149.1309
push,-0.04075463,0.08979284,0.1512345,-0.8020239,-0.5932353,-0.02893077,-0.06318565,-0.01234035,-0.04518673,1.136471,149.2309
push,0.08192641,0.04918661,0.5496004,-0.8030978,-0.5903173,-0.0113189,-0.0801951,0.1587036,-0.0934994,1.540048,149.3309
push,-0.04407163,-0.006314039,0.3074845,-0.8058712,-0.5886933,-0.01389411,-0.06179578,0.006936485,-0.1237551,1.312152,149.4309
push,-0.005881347,0.01062355,0.1013968,-0.8062491,-0.5881381,-0.009799933,-0.06292775,0.05329641,-0.1042355,1.109632,149.531
push,-0.007636474,0.03985459,-0.1102532,-0.8064058,-0.5859136,-0.01636582,-0.07840288,0.05890722,-0.1081395,0.8929597,149.631
push,-0.00632924,0.0193061,-0.2383009,-0.8076684,-0.5827198,-0.02395265,-0.08680703,0.05671176,-0.1503512,0.7543669,149.731
push,-0.01482912,-0.02151528,-0.2843703,-0.8102035,-0.5819675,-0.01822385,-0.06746846,0.03426387,-0.1523039,0.7077642,149.831
push,0.0005927157,-0.04129119,-0.4211507,-0.8099633,-0.5852123,-0.007950491,-0.03771751,0.03157983,-0.1110678,0.566976,149.931
push,0.03251885,-0.1014361,-0.2253431,0.806952,0.5898234,-0.02445511,0.01840554,0.09282411,-0.1022828,0.7585151,150.031
push,-0.0685249,-0.08170524,0.07072398,0.8053181,0.5920715,-0.02137649,0.02137649,-0.009656309,-0.09057108,1.054,150.131
push,-0.04451199,0.0517485,0.1441183,-0.8024079,-0.593891,-0.01134622,-0.0574997,0.004983751,-0.05275183,1.125492,150.2311
push,0.07872299,0.1601111,0.3140624,-0.8023592,-0.5893734,-0.01498003,-0.09292074,0.1638274,-0.005903325,1.291899,150.3311
push,0.008875714,-0.001608623,0.3090732,-0.8055301,-0.5894471,-0.006763766,-0.0602296,0.06915635,-0.1069196,1.304588,150.4311
push,-0.0310134,-0.09141241,0.2160213,-0.8045689,-0.5925505,0.00574084,-0.03898523,0.02499188,-0.1479114,1.223091,150.5311
push,-0.003299001,-0.0004438993,0.1060605,-0.8033472,-0.5927762,-0.01384909,-0.05529833,0.04060753,-0.1071639,1.113292,150.6311
push,0.02429841,0.1140143,-0.003226485,-0.8028569,-0.5875376,-0.03286837,-0.09560344,0.084772,-0.0810548,0.9912918,150.7311
push,-0.04513133,0.07749841,-0.2203866,-0.8044268,-0.5833445,-0.03838996,-0.1055122,0.01693977,-0.139615,0.7660801,150.8311
push,-0.03926451,0.04811582,-0.472025,-0.8096864,-0.580657,-0.0278439,-0.08043625,0.009131949,-0.1147274,0.5150037,150.9312
push,-0.007772572,-0.1378557,-0.311598,-0.8087413,-0.5870789,0.01069947,-0.03407586,0.04914822,-0.1801199,0.6789711,151.0312
push,0.008862786,-0.2233323,-0.2371263,0.8037908,0.5935735,-0.03905673,-0.008087067,0.06134852,-0.164747,0.746559,151.1312
push,0.056821,-0.1031446,0.1434549,0.8010841,0.5976231,-0.02953021,0.01545449,0.1216157,-0.0927681,1.126223,151.2312
push,-0.06363132,0.07635356,0.2294615,-0.8009312,-0.5950272,-0.01670164,-0.06459755,-0.01404879,-0.04567531,1.209916,151.3312
push,-0.01155365,0.1872569,0.1661822,-0.8020984,-0.5892853,-0.03367706,-0.09081216,0.04109611,0.003124375,1.140864,151.4312
push,0.08613738,0.1575416,0.2339293,-0.8104374,-0.5803655,0.0004652105,-0.07979175,0.1796873,0.02850058,1.223091,151.5312
push,0.01030953,-0.04100953,0.1962477,-0.8063948,-0.589536,0.0138353,-0.04453496,0.08599187,-0.09715902,1.203328,151.6312
push,-0.05464769,0.0221317,0.1380982,-0.8030557,-0.592359,-0.01469786,-0.06321628,-0.002579787,-0.09862319,1.144767,151.7312
push,0.03686259,0.1323658,-0.07415294,-0.8019823,-0.5870104,-0.03509542,-0.1049349,0.1047801,-0.0803235,0.9161404,151.8313
push,0.005620602,0.1071853,-0.2477724,-0.8060907,-0.5802293,-0.03310741,-0.1116048,0.08257654,-0.1135075,0.7355801,151.9313
push,-0.06219687,0.01834409,-0.3903751,-0.8111427,-0.5784785,-0.01748412,-0.08428885,0.007179215,-0.139128,0.597963,152.0307
push,-0.04579064,-0.1472031,-0.3334045,0.8113481,0.5834073,-0.02693974,0.02498661,0.02645605,-0.1562078,0.6553034,152.1308
push,-0.001248065,-0.2201583,-0.2013032,0.8055916,0.5901849,-0.05106921,-0.009793829,0.06842349,-0.1452274,0.7785232,152.2309
push,0.03628976,-0.09694044,0.08034431,0.8025784,0.5954576,-0.03100646,0.01834876,0.1067313,-0.08959549,1.06132,152.331
push,-0.03284011,0.1033196,0.2563298,-0.7983403,-0.5960704,-0.02211776,-0.08284623,0.02987139,-0.05348313,1.230168,152.4311
push,0.2640916,-0.007788788,2.222434,-0.7936565,-0.5851797,-0.04728715,-0.1594926,0.3758632,-0.3167599,3.168503,152.5313
push,-0.0246348,0.05209418,-0.03773639,-0.7874717,-0.6098847,0.002036374,-0.08902104,0.08721175,-0.08569157,0.9468831,152.6314
push,0.07725985,0.1310833,0.4293897,-0.7963371,-0.5986775,-0.0005119145,-0.0862106,0.1811515,-0.008831648,1.428784,152.7307
push,0.02025658,-0.02010447,0.1769334,-0.7935749,-0.602439,0.002977427,-0.08542325,0.1296678,-0.1542551,1.17844,152.8309
push,-0.04538441,0.02724853,-0.02137271,-0.7947637,-0.5972654,-0.01050643,-0.107304,0.06793647,-0.1588919,0.971528,152.9308
push,-0.07300276,0.04704801,-0.2192548,-0.7950597,-0.593867,-0.03277657,-0.1188597,0.01718406,-0.1837795,0.7626632,153.0309
push,-0.01009722,0.0673208,-0.3462671,-0.7984173,-0.5883107,-0.02709266,-0.1252452,0.09453256,-0.1657241,0.6257789,153.1313
push,0.04284913,0.06859027,-0.3662495,-0.8025813,-0.5869498,-0.002338164,-0.1065256,0.1633404,-0.1039913,0.6045509,153.2315
push,-0.06222192,-0.1445599,-0.1395161,-0.8038713,-0.5925238,0.03393182,-0.03943447,0.03767921,-0.167431,0.8414759,153.3305
push,-0.09571829,-0.1606403,0.05958251,0.8010647,0.5972444,-0.03634062,0.01654865,-0.0189283,-0.1440075,1.041067,153.4305
push,0.07618894,-0.003343231,0.1946336,-0.7963261,-0.601821,0.01774739,-0.05797655,0.1730994,-0.07349127,1.175756,153.5305
push,0.04656182,0.1579866,0.2382989,-0.7946948,-0.5984734,-0.0149411,-0.1003321,0.1423551,-0.01834792,1.212111,153.6306
push,-0.0005040288,0.09697506,0.290375,-0.797123,-0.5954065,-0.02424011,-0.09746,0.07696418,-0.08740002,1.270916,153.7307
push,0.04075585,-0.04883604,0.321896,-0.7993774,-0.5961591,0.007825274,-0.07435617,0.1428437,-0.1593789,1.319715,153.8305
push,-0.03036456,-0.1098629,0.1636811,-0.7992285,-0.5971432,0.01262326,-0.06704088,0.07135181,-0.2032991,1.168924,153.9309
push,-0.05167954,0.06660723,0.007169296,-0.7978265,-0.5928656,-0.01535606,-0.1083854,0.05402772,-0.127659,0.9990997,154.0311
push,-0.04041497,0.0937615,-0.2355829,-0.7995126,-0.5866345,-0.03092661,-0.1252322,0.05817592,-0.1454717,0.7421681,154.1315
push,0.0103439,0.07642081,-0.4192748,-0.8062121,-0.581452,-0.01130268,-0.1086641,0.1186873,-0.1122877,0.5586796,154.2306
push,0.05260237,-0.1022667,-0.3062609,-0.8056962,-0.5887395,0.02270405,-0.06102402,0.1601678,-0.1732876,0.6772642,154.3306
push,-0.04784788,-0.1788898,-0.2136788,0.802728,0.594219,-0.04780996,0.0156723,0.04621989,-0.1476672,0.7675443,154.4306
push,-0.0759709,-0.0920951,0.03147558,0.7997762,0.5989203,-0.03248119,0.02444307,0.004008162,-0.09227952,1.012764,154.5306
push,0.03554581,0.0697984,0.2994117,-0.793702,-0.6020919,-0.001484126,-0.08671925,0.1365,-0.06812319,1.2736,154.6306
push,0.005110416,0.1937168,0.2659607,-0.7949414,-0.5957793,-0.02511596,-0.1117331,0.09770361,-0.01249127,1.233339,154.7308
push,0.002255029,0.1068567,0.26948,-0.8046297,-0.5814053,-0.02080037,-0.1187691,0.1067313,-0.1081395,1.238951,154.8307
push,0.0495774,-0.2206139,0.2574236,-0.7984742,-0.5989759,0.02659834,-0.05440037,0.1579723,-0.2760108,1.257007,154.9306
push,-0.1156987,-0.1520636,0.1513183,-0.7993753,-0.5986438,0.01377285,-0.04934708,-0.03356836,-0.2152551,1.158676,155.0307
push,0.001251973,0.02811278,0.1408588,-0.7986923,-0.59496,-0.01154291,-0.08933002,0.09038436,-0.1305873,1.138912,155.1306
push,0.0874316,0.1263051,0.1250381,-0.8010927,-0.5834007,-0.02838619,-0.1307216,0.1962801,-0.1203398,1.105484,155.2306
push,-0.004633914,0.0890182,0.0542014,-0.8044902,-0.578426,-0.04339963,-0.1278096,0.07476716,-0.1713349,1.034723,155.3306
push,-0.05213546,0.07649702,0.03238835,-0.8102635,-0.5750774,-0.04057354,-0.1054181,0.004252448,-0.1444961,1.022523,155.4306
push,0.0889321,0.06018809,-0.2687544,-0.8110694,-0.5797406,-0.05520042,-0.05495435,0.06281113,-0.09471928,0.7304548,155.5307
push,0.05145062,-0.1192,-0.282907,-0.8053919,-0.5923425,-0.0193417,-0.01000803,0.03206841,-0.1584033,0.7204515,155.6307
push,-0.1759865,-0.3694072,-0.217849,-0.8105556,-0.5855063,-0.01348514,0.0002024556,-0.1980243,-0.3848349,0.7790118,155.7307
push,-0.1599883,0.1328696,-0.09631657,-0.8059565,-0.590093,-0.01515163,-0.04466233,-0.1319006,0.04362921,0.8922283,155.8307
push,-0.1798878,0.03496576,1.040396,-0.8152826,-0.5699457,-0.009890866,-0.1018744,-0.079684,-0.1427877,2.021459,155.9306
push,0.2967502,0.2168411,-0.2442299,-0.8269917,-0.5469944,-0.005401973,-0.1298175,0.4297882,-0.003707861,0.7216714,156.0305
push,-0.3974303,-0.04022776,-0.1173917,-0.8305812,-0.52134,0.05015108,-0.1892731,-0.1170162,-0.3021199,0.8051193,156.1306
push,0.1497499,-0.1146559,0.05285968,-0.8214026,-0.5256252,0.007712178,-0.2212611,0.3946514,-0.4695026,0.9534711,156.2307
push,0.08205401,-0.08094039,-0.05982329,-0.7950635,-0.5492334,-0.07072817,-0.2474149,0.2414202,-0.5522192,0.8080476,156.3307
push,0.04503782,-0.03688878,0.04837845,-0.7653066,-0.5652201,-0.1479111,-0.2701007,0.1240554,-0.6180987,0.8595313,156.4307
push,0.3125699,0.06064873,0.05494301,-0.7399754,-0.5653736,-0.1995754,-0.3048913,0.361956,-0.6161475,0.7892593,156.5307
push,-0.05684365,-0.2149892,-0.1205719,-0.7299094,-0.5646301,-0.2239261,-0.3135,-0.02966444,-0.9267598,0.5838115,156.6307
push,-0.2142732,0.1455192,-0.2235902,-0.7061698,-0.5731688,-0.2521255,-0.3305065,-0.1914364,-0.6119993,0.4322871,156.7307
push,-0.09781659,0.2556322,-0.02294049,-0.6909445,-0.5703965,-0.273699,-0.3497604,-0.07699996,-0.5412388,0.5835672,156.8308
push,-0.08111022,-0.04285123,-0.1166395,-0.6902229,-0.5743623,-0.2789143,-0.3404514,-0.07504878,-0.8335514,0.4962154,156.9308
push,0.03521976,-0.01254,-0.2535075,-0.6505665,-0.564974,-0.3202872,-0.3936797,0.0632997,-0.8860107,0.2309874,157.0308
push,-0.05915523,0.08035666,0.04827911,-0.6627033,-0.5638673,-0.3096612,-0.3833899,-0.03722798,-0.7766996,0.5623392,157.1308
push,-0.09907877,0.06437935,0.09561643,-0.6753409,-0.5531608,-0.3014799,-0.383455,-0.08212375,-0.7837761,0.6177268,157.2309
push,0.07662012,-0.04503036,0.5428868,-0.6687825,-0.5317389,-0.3132711,-0.4145418,0.09843647,-0.9318836,1.002515,157.3309
push,0.1224477,0.02641754,0.09747653,-0.6566887,-0.4986048,-0.340325,-0.4520309,0.1262524,-0.9091914,0.4581519,157.4309
push,-0.06698366,-0.07866377,-0.1052117,-0.6164494,-0.4634045,-0.3903063,-0.5028989,-0.08212375,-1.061936,0.08458684,157.5309
push,-0.08649117,-0.4679842,-0.1244161,-0.5998474,-0.4256902,-0.4291665,-0.5242012,-0.155324,-1.465999,-0.04204835,157.6309
push,0.05858495,0.2731158,0.01270277,-0.6004708,-0.3996938,-0.4553553,-0.5218536,-0.07114487,-0.7178951,0.05335554,157.7309
push,0.05756973,0.01205648,0.2118065,-0.6328571,-0.3817108,-0.44093,-0.5092832,-0.1116482,-0.9687273,0.3041877,157.8309
push,-0.03775961,-0.005821929,0.002822439,-0.640334,-0.363722,-0.4610993,-0.4950415,-0.2682963,-0.9758038,0.08751516,157.931
push,-0.0282093,-0.02881421,-0.002274229,-0.6405642,-0.3574252,-0.4761645,-0.484966,-0.2914755,-0.9901996,0.07385225,158.031
push,-0.03383929,0.01739966,-0.06169038,-0.645207,-0.360314,-0.4786849,-0.4740702,-0.3095325,-0.937983,0.03041909,158.131
push,0.02402099,0.1082598,-0.03000782,-0.8209098,-0.5421281,-0.05179304,-0.1718187,0.1257638,-0.2316036,0.9100394,171.5013
push,0.01391005,0.06172286,0.02726184,-0.8185028,-0.546432,-0.0496716,-0.1702876,0.1191759,-0.2728398,0.9685997,171.6013
push,0.02285192,0.05748772,0.01771348,-0.8154222,-0.5513347,-0.0485554,-0.1695848,0.1311319,-0.2740596,0.959572,171.7013
push,-0.04311147,0.1933269,-0.06186715,-0.8077414,-0.5626782,-0.0523296,-0.1679543,0.06183554,-0.1383952,0.880515,171.8013
push,-0.04891331,-0.005849401,-0.02531562,-0.8024064,-0.572892,-0.05462919,-0.1579698,0.04475573,-0.3231036,0.9222397,171.9013
push,-0.04285073,-0.03547319,-0.03811964,-0.8035882,-0.5716124,-0.05695133,-0.155762,0.04402443,-0.3521394,0.910528,172.0013
push,0.02047349,-0.1113454,-0.01071621,-0.8047051,-0.5740854,-0.0540133,-0.1412736,0.09599517,-0.4016719,0.9466404,172.1013
push,0.03098721,-0.027954,-0.003569866,-0.8064686,-0.5748289,-0.02226178,-0.1366912,0.1528485,-0.2752795,0.9629873,172.2013
push,0.002003242,0.07976639,-0.05194107,-0.8149493,-0.5621628,-0.003170677,-0.1407858,0.1557753,-0.1542551,0.9124792,172.3013
push,0.09275176,0.0893794,-0.08133177,-0.8224946,-0.5508562,0.01957507,-0.1402744,0.2799723,-0.1203398,0.8810036,172.4174
push,0.01798451,-0.06010788,0.02691622,-0.8272316,-0.5443437,0.05254551,-0.1289057,0.2460554,-0.2167193,0.9915361,172.5175
push,-0.2956136,0.218066,0.0879061,-0.834481,-0.53983,0.04399803,-0.101436,-0.1116482,0.09559995,1.068883,172.6175
push,-0.1399848,-0.195738,-0.3886824,-0.8251677,-0.5589551,0.03994713,-0.0712162,0.005228037,-0.2684473,0.5957675,172.7175
push,0.003566293,0.01533349,-0.2435612,-0.8161622,-0.5740843,0.03702853,-0.05417756,0.1247883,-0.03005966,0.7363114,172.8175
push,-0.02297055,-0.06262778,0.301257,-0.8096206,-0.5853539,0.01828007,-0.03925628,0.05158797,-0.1042355,1.284336,172.9175
push,0.08376504,-0.001065961,-0.09461424,0.8134966,0.5811164,-0.01911048,0.01271605,0.1289365,0.0004403376,0.8890557,173.0175
push,0.04517497,-0.05178728,0.325184,0.8073565,0.5855495,-0.05363051,0.04930433,0.1877394,-0.06836747,1.302391,173.1175
push,-0.2432732,0.2717673,0.284178,-0.8080065,-0.5824164,-0.005557094,-0.08880065,-0.1492247,0.1224403,1.264083,173.2175
push,0.2304203,0.1328895,0.4640804,-0.8136657,-0.5728407,-0.008183576,-0.09866414,0.3304804,-0.0376232,1.447816,173.3175
push,0.0806111,0.02008915,0.3253008,-0.8156911,-0.571009,-0.009524312,-0.09222756,0.1713925,-0.1430319,1.318984,173.4175
push,-0.01759864,0.05946657,0.1614139,-0.8140799,-0.5708998,-0.02133206,-0.104366,0.06817921,-0.1379081,1.154284,173.5179
push,-0.007349155,0.06415646,0.009154025,-0.8158028,-0.566382,-0.02308059,-0.1146498,0.08648045,-0.1527909,0.9988554,173.6177
push,-0.004232001,0.03029663,-0.04539387,-0.8204104,-0.5608724,-0.01826016,-0.1096145,0.09038436,-0.1735319,0.9468831,173.7176
push,-0.01793767,-0.02323583,-0.2550879,-0.8234525,-0.5584975,-0.01721914,-0.09853905,0.06476387,-0.2069587,0.7368,173.8177
push,-0.01349528,0.04235539,-0.4306095,-0.8267488,-0.5545454,-0.005329326,-0.09453702,0.08281927,-0.1203398,0.5542871,173.9176
push,-0.01263175,-0.02013088,-0.3628383,-0.8251899,-0.5606664,1.85892E-05,-0.0686651,0.06378828,-0.1325401,0.6199238,174.0175
push,-0.0108415,-0.1186375,-0.08265667,-0.8213714,-0.5687729,0.01352911,-0.04078334,0.05695604,-0.169628,0.9017431,174.1179
push,-0.02334114,-0.09202306,0.1219309,-0.817973,-0.5736118,0.01262783,-0.0415953,0.04426716,-0.1449831,1.106948,174.2016
push,-0.01646575,0.08884168,0.2155431,-0.816279,-0.5713603,-0.01840472,-0.08304974,0.04792834,-0.06665903,1.194056,174.3177
push,0.01554491,0.1133988,0.3560071,-0.82026,-0.5627629,-0.02549714,-0.09910263,0.08526057,-0.07788375,1.335088,174.4176
push,0.05966061,-0.01392181,0.3605614,-0.8218495,-0.5640365,-0.01000803,-0.07953601,0.1335717,-0.1571834,1.356316,174.5178
push,0.05179452,-0.01694013,0.2474284,-0.8213724,-0.5642177,-0.001499232,-0.0836859,0.1452834,-0.1584033,1.249688,174.6176
push,-0.02803691,0.04463186,0.07337029,-0.8212493,-0.5608652,-0.01593861,-0.1035652,0.06378828,-0.1471801,1.071323,174.7176
push,-0.06340605,0.04679643,-0.1497979,-0.822264,-0.5578205,-0.02564181,-0.1098208,0.01840394,-0.1662111,0.8424515,174.8176
push,-0.04074609,0.006484757,-0.2731091,-0.8243618,-0.5560856,-0.02208637,-0.1034822,0.03889909,-0.1910988,0.7165476,174.9175
push,0.04790006,0.05728268,-0.5980422,-0.8262239,-0.5566375,-0.02315422,-0.08350143,0.1025831,-0.106431,0.38666,175.0177
push,0.04172472,-0.01687029,-0.3544342,-0.8253968,-0.5597463,0.008782972,-0.07298778,0.1369886,-0.1264391,0.6250476,175.1014
push,-0.02512266,-0.1221873,-0.1406716,-0.8247116,-0.5635221,0.0248862,-0.04091789,0.06085995,-0.1610873,0.8412316,175.2019
push,-0.04600994,-0.05104876,0.08588587,-0.8204348,-0.5694273,0.01593149,-0.04884252,0.03475244,-0.1122877,1.068396,175.3175
push,-0.002220487,0.09490364,0.2627781,-0.8172789,-0.567263,-0.007704645,-0.1010375,0.09916777,-0.07788375,1.236023,175.4175
push,0.03897352,0.1546876,0.4941328,-0.8221484,-0.5562834,-0.0280027,-0.1176292,0.1240554,-0.07056294,1.467824,175.5176
push,0.04445815,0.006352184,0.3890286,-0.8263223,-0.5549998,-0.01337054,-0.09480552,0.1286922,-0.167431,1.383644,175.6176
push,0.009627262,-0.02891399,0.08245974,-0.8284376,-0.5547165,-0.008455783,-0.07687058,0.08233225,-0.1684081,1.090355,175.7176
push,-0.01513311,0.008350588,-0.1214216,-0.8264093,-0.5560902,-0.02046202,-0.08598049,0.04792834,-0.1598675,0.8829563,175.8176
push,0.006944228,0.05676254,-0.258968,-0.8250346,-0.5547705,-0.03231708,-0.1024848,0.06817921,-0.1510841,0.7316762,175.9177
push,-0.007634128,0.10194,-0.4539594,-0.8271587,-0.5498199,-0.0272336,-0.1129818,0.07184039,-0.115703,0.5225672,176.0177
push,-0.08033309,0.05243433,-0.4092631,-0.8295679,-0.5499166,-0.0211443,-0.09466588,-0.01185177,-0.1264391,0.5640476,176.1177
push,-0.03404342,-0.07994862,-0.1512655,-0.831381,-0.5532651,0.001890095,-0.05195976,0.02572319,-0.1630401,0.8290313,176.2177
push,0.07256964,-0.09110676,0.07702281,-0.8273662,-0.5588765,0.03442446,-0.04401145,0.1772476,-0.124975,1.056927,176.3177
push,-0.02434013,0.01779696,0.1926694,-0.8246604,-0.5602096,0.008342948,-0.07765739,0.07550001,-0.09984306,1.171363,176.4178
push,-0.01970284,0.0913348,0.4472091,-0.8244864,-0.5549912,-0.01979937,-0.1086961,0.06817921,-0.1096036,1.421463,176.5178
push,0.09789508,0.06010944,0.3498336,-0.8283481,-0.5490107,-0.006054223,-0.1113101,0.2111645,-0.1327828,1.334355,176.6178
push,-0.007274676,0.01383044,0.2700038,-0.8297486,-0.5483776,0.0002141893,-0.1039185,0.1091711,-0.1615759,1.266523,176.7178
push,-0.06966663,0.05269792,-0.1709805,-0.8316138,-0.5468003,-0.02474333,-0.09389193,-0.006972272,-0.1340027,0.828787,176.8179
push,0.05838394,-0.01468714,-0.2229648,-0.831301,-0.546811,-0.001683887,-0.09966712,0.1660244,-0.1845108,0.7704711,176.9179
push,0.003235115,-0.009576894,-0.4190237,-0.8320655,-0.546261,0.008638367,-0.09587142,0.1230798,-0.1605988,0.5684401,177.0179
push,-0.06379214,0.02717302,-0.4632888,-0.8342287,-0.5453371,0.004131328,-0.08156432,0.03157983,-0.103747,0.518419,177.118
push,-0.06883965,-0.01795204,-0.1870546,-0.8321093,-0.5507915,0.00328288,-0.06489925,0.007179215,-0.1210711,0.792432,177.218
push,0.005181048,-0.06199464,-0.05194642,-0.8299536,-0.555236,0.002088794,-0.05371862,0.0674479,-0.1476672,0.9288277,177.3013
push,0.1119715,-0.02040849,0.209739,-0.8280612,-0.555568,0.02142111,-0.07211072,0.2262915,-0.1149717,1.187468,177.4014
push,-0.09013804,0.05797799,0.09992387,-0.8300149,-0.5512707,0.004622001,-0.08458392,0.01010754,-0.07641958,1.078888,177.5014
push,-0.1085495,0.04078244,0.3203731,-0.8303864,-0.5504164,-0.01212862,-0.08575016,-0.03429966,-0.1149717,1.30532,177.6014
push,0.1752415,0.01934662,0.297985,-0.833243,-0.5458121,0.003900409,-0.08820496,0.2789951,-0.1247307,1.291655,177.7014
push,0.0344484,0.0222063,0.2326199,-0.8332257,-0.5448896,-0.001228951,-0.09396084,0.1365,-0.1383952,1.231632,177.8014
push,-0.1255268,0.06246528,-0.03997571,-0.8321191,-0.5453002,-0.03544629,-0.0947047,-0.08041686,-0.1374196,0.9576192,177.9014
push,-0.01035851,0.07599545,-0.1735847,-0.8321638,-0.5443096,-0.03543481,-0.09987372,0.04012052,-0.1318072,0.8182952,178.0015
push,0.02787374,0.04817881,-0.4244886,-0.8334247,-0.5434399,-0.02141491,-0.09806992,0.09916777,-0.139615,0.560875,178.1015
push,0.02393117,-0.003379382,-0.4512818,-0.8351913,-0.5451912,-0.002871629,-0.07220627,0.09745932,-0.1264391,0.5328164,178.2015
push,-0.04570723,-0.1421757,-0.1669669,-0.8332494,-0.5513379,0.02217191,-0.03507676,0.0288958,-0.1757274,0.8160997,178.3176
push,-0.03595091,-0.08852982,0.03422206,-0.8309698,-0.5546867,0.0175903,-0.03876168,0.03523946,-0.1327828,1.016179,178.4173
push,0.04232027,0.01423595,0.2444814,-0.8284421,-0.5549566,0.008278057,-0.07508967,0.1382084,-0.09959877,1.22114,178.5014
push,0.01132176,0.1375928,0.2204664,-0.8293854,-0.5475318,-0.02141725,-0.1089497,0.09453256,-0.06519487,1.189176,178.6178
push,0.06823698,-0.002713345,0.4077114,-0.8356295,-0.5418973,0.00131382,-0.08982751,0.1682199,-0.1520596,1.395844,178.7171
push,0.02301207,-0.05487392,0.3118322,-0.8358041,-0.5431936,0.01370322,-0.07864095,0.1328404,-0.1730434,1.31264,178.8173
push,-0.07136261,0.01222432,0.07976559,-0.8345266,-0.543349,-0.009190228,-0.09084488,0.01352443,-0.1523039,1.080839,178.9173
push,-0.04883419,0.06458101,-0.1413471,-0.833654,-0.540537,-0.02901653,-0.1095384,0.02230785,-0.1527909,0.8483081,179.0178
push,0.05354755,0.04987417,-0.2551011,-0.8356634,-0.5365625,-0.01846234,-0.1158731,0.1479675,-0.1657241,0.7270395,179.1181
push,0.03763203,0.03435403,-0.3869079,-0.8387533,-0.5338418,2.27727E-05,-0.1072647,0.1526042,-0.146203,0.593572,179.2017
push,-0.08490784,-0.05808606,-0.2864485,-0.8383998,-0.5406264,0.005648144,-0.06911532,-0.001604198,-0.1666997,0.6933669,179.3176
push,-0.08245269,-0.07325677,-0.1845144,-0.8362752,-0.5465077,0.01229304,-0.04268634,-0.01624426,-0.130343,0.7965801,179.4178
push,0.06717858,-0.04609247,0.1331009,-0.833533,-0.5498567,0.006609265,-0.05325993,0.1357671,-0.1264391,1.113048,179.518
push,0.09640919,0.05415848,0.1767635,-0.8321096,-0.5478197,0.004675716,-0.08640122,0.1977443,-0.08300754,1.151111,179.6015
push,-0.02790607,0.06435877,0.271962,-0.8340859,-0.5425761,-0.01382036,-0.09859467,0.05573617,-0.1144831,1.248712,179.7017
push,0.007373163,-0.03242349,0.352503,-0.836693,-0.5411362,0.003128007,-0.084301,0.1045358,-0.1710922,1.345336,179.8177
push,-0.009950283,-0.04216274,0.2636206,-0.8354636,-0.5434089,-0.002021257,-0.08187364,0.07696418,-0.1832909,1.265303,179.9175
push,0.001216982,0.06369793,0.01638138,-0.8335656,-0.5416404,-0.02678252,-0.1052459,0.07184039,-0.1444961,1.010567,180.0173
push,0.01471515,0.1017083,-0.2228552,-0.8339618,-0.5370765,-0.02732079,-0.1237338,0.103316,-0.1374196,0.7590036,180.118
push,-0.03360689,0.06985965,-0.38217,-0.8369195,-0.5343206,-0.0114118,-0.118055,0.07428014,-0.1415678,0.5972317,180.2015
push,-0.09039398,0.005219601,-0.529106,-0.8419979,-0.5343821,0.0008613244,-0.07399112,-0.01038761,-0.1176557,0.4535151,180.3177
push,-0.01381581,-0.1592793,-0.1222486,-0.8396594,-0.5410755,0.02593562,-0.03920035,0.07086324,-0.1964668,0.8583114,180.4176
push,0.09875781,-0.1537544,0.01735181,0.8368732,0.5451266,-0.04053587,0.02892956,0.1965244,-0.1579147,0.9961714,180.5175
push,-0.02228439,0.008583752,0.2902038,-0.8345456,-0.5461473,0.005326372,-0.07230727,0.06476387,-0.1052111,1.270427,180.6176
push,-0.07664099,0.1530879,0.1870635,-0.8306521,-0.5433821,-0.04472655,-0.112927,-0.02844457,-0.08203195,1.153064,180.7176
push,0.07634065,0.07735159,0.574889,-0.8327104,-0.5359977,-0.03976395,-0.1331114,0.1530912,-0.1879277,1.539803,180.8176
push,0.04025636,0.01495861,0.3349705,-0.8389025,-0.5339867,-0.02479169,-0.1024025,0.1089283,-0.185975,1.325816,180.9176
push,-0.08997288,-0.05101879,0.04298329,-0.8402798,-0.5370528,-0.02542594,-0.06969684,-0.05723611,-0.1981753,1.050583,181.0176
push,-0.02920893,-0.05135438,-0.1369392,-0.8397466,-0.5385648,-0.0265917,-0.06376804,-0.004776808,-0.1893919,0.8702675,181.1177
push,0.0753336,0.01608163,-0.2941701,-0.8364771,-0.5395078,-0.02603367,-0.09251817,0.1321075,-0.1684081,0.6960509,181.2177
push,-0.01752536,0.06112831,-0.4357061,-0.8373225,-0.5355449,-0.0162004,-0.1087214,0.07184039,-0.1383952,0.5406241,181.3177
push,-0.1108813,0.02066166,-0.38472,-0.8385128,-0.5368431,-0.01578498,-0.09190512,-0.03942344,-0.1486427,0.5877154,181.4177
push,-0.06368258,-0.1061939,-0.1227466,-0.8398317,-0.5405001,0.001719996,-0.05039285,-0.007216558,-0.1876834,0.856603,181.5177
push,0.09014037,-0.1432993,0.1789781,-0.8355627,-0.5469698,0.02795435,-0.0433294,0.1828599,-0.1845108,1.158919,181.6178
push,0.03366755,0.00233121,0.13165,-0.8342983,-0.5468932,0.006289735,-0.06938769,0.1191759,-0.1054554,1.111828,181.7178
push,-0.05031661,0.05199578,0.3691978,-0.832344,-0.5425592,-0.01681833,-0.1120273,0.04304728,-0.1523039,1.341432,181.8178
push,0.08722673,0.05807918,0.5352454,-0.8359634,-0.5350565,-0.01283366,-0.1213056,0.1965244,-0.160356,1.51394,181.9178
push,-0.0002638756,0.02567182,0.2633039,-0.8383764,-0.5353094,-0.01701123,-0.1013872,0.08111237,-0.1657241,1.258715,182.0179
push,-0.02070951,-0.001556656,-0.04076634,-0.8391013,-0.5354873,-0.02062697,-0.09347111,0.04597561,-0.1837795,0.9588391,182.1179
push,0.04080626,0.008406749,-0.2192074,-0.8415335,-0.531184,-0.01486675,-0.09717917,0.1201515,-0.1735319,0.7755949,182.2179
push,-0.009963059,-8.166377E-05,-0.3613155,-0.8426664,-0.5302335,-0.007226888,-0.09334661,0.07745119,-0.1662111,0.6279759,182.3179
push,-0.05300808,-0.03545858,-0.4008982,-0.8428728,-0.5326216,0.003863588,-0.07658226,0.03450816,-0.1596232,0.5808831,182.4179
push,-0.04771132,-0.1020879,-0.1735391,-0.8417805,-0.5367023,0.02341657,-0.05298884,0.04719548,-0.1652355,0.8053635,182.5179
push,-0.04471607,-0.1003824,-0.01607913,-0.8389007,-0.542086,0.02627769,-0.04120425,0.04256027,-0.1403479,0.9625003,182.618
push,0.003838452,-0.003255501,0.1519153,-0.8348538,-0.5456482,0.01084165,-0.07190023,0.09916777,-0.1100906,1.128663,182.718
push,0.04849077,0.1285115,0.249081,-0.8345442,-0.5398593,-0.01877678,-0.1083298,0.1335717,-0.0712958,1.218699,182.818
push,0.08176878,0.09424745,0.4606339,-0.8389199,-0.5323145,-0.02329015,-0.1109601,0.1608991,-0.1169229,1.43586,182.918
push,-0.02510451,-0.01414253,0.3781927,-0.8398777,-0.5355812,-0.001717974,-0.08806272,0.0674479,-0.1657241,1.374616,183.0181
push,-0.04475728,-0.006137595,0.1354127,-0.8397,-0.5355454,-0.007276621,-0.08967765,0.04060753,-0.167431,1.137204,183.1181
push,-0.01752175,0.06578334,-0.09915961,-0.8377129,-0.5338179,-0.02686836,-0.1120423,0.0584202,-0.1544994,0.8917397,183.2181
push,0.06482029,0.06001803,-0.2681474,-0.8385635,-0.5311241,-0.01932654,-0.1197706,0.1606563,-0.1637714,0.712888,183.3177
push,0.01307296,0.01650292,-0.3930317,-0.8430893,-0.5271732,0.01621319,-0.1050039,0.1513844,-0.1437632,0.5862513,183.4176
push,-0.09970048,-0.04236766,-0.4448265,-0.8458749,-0.5288873,0.02639777,-0.06385088,0.0115717,-0.1218039,0.5374516,183.5175
push,-0.09273639,-0.1641501,-0.1733236,0.8408172,0.5401113,-0.031711,0.01733777,-0.02185662,-0.1591362,0.8078033,183.6177
push,0.1313928,-0.1213299,0.2316974,-0.8351282,-0.5469057,0.03735675,-0.04538002,0.2416645,-0.1557193,1.209184,183.7175
push,-0.001516809,0.1023433,0.03233263,-0.8337929,-0.5438071,-0.005853899,-0.0950208,0.09111566,-0.06080394,1.004223,183.8176
push,-0.0649927,0.108757,0.288883,-0.8295468,-0.5435677,-0.04152181,-0.1210879,-0.002579787,-0.1359554,1.250907,183.9176
push,0.06690363,-0.1054038,0.4751376,-0.8317184,-0.5431817,-0.01570698,-0.113804,0.1648045,-0.3126117,1.452696,184.0178
push,0.0006089105,-0.07585296,0.2661741,-0.8363521,-0.5408511,-0.00648655,-0.08918044,0.08745603,-0.2342876,1.264328,184.118
push,0.003406502,-0.04987851,0.02445099,-0.8365715,-0.5399463,7.519498E-05,-0.09276892,0.1128322,-0.1918316,1.005932,184.2182
push,-0.03541402,0.02329468,-0.2098244,-0.8358165,-0.5367095,-0.005425233,-0.1154305,0.08111237,-0.1784114,0.7777919,184.3184
push,-0.06316548,0.08468654,-0.3475316,-0.8384108,-0.5297372,-0.02638511,-0.1254978,0.02621176,-0.155475,0.6267561,184.4175
push,-0.008616883,0.08429874,-0.4349464,-0.840968,-0.528133,-0.01388771,-0.1168573,0.09111566,-0.1261949,0.5340362,184.5183
push,-0.01047387,-0.06308021,-0.2745761,-0.8403392,-0.5351238,0.01517668,-0.0851007,0.1047801,-0.1884147,0.6992235,184.6178
push,-0.05898926,-0.1210223,-0.1280778,-0.8401875,-0.5396438,0.02488195,-0.04743822,0.03255542,-0.1730434,0.8505036,184.7174
push,0.01249862,-0.08987575,0.2058608,-0.8373182,-0.5430574,0.02699153,-0.0570813,0.1182003,-0.1552307,1.184051,184.8172
push,0.04191699,0.07746867,0.1544589,-0.8355531,-0.5404671,-0.002966754,-0.09867846,0.1428437,-0.0893512,1.127443,184.9176
push,0.04514473,0.0004118684,0.5334473,-0.836,-0.5355256,-0.009885993,-0.119242,0.1565081,-0.209887,1.506375,185.0178
push,0.003541142,-0.009957072,0.3475739,-0.8383047,-0.5355151,-0.002111681,-0.1022949,0.1106352,-0.185488,1.336552,185.118
push,0.01284968,-0.03075324,0.1379292,-0.8399881,-0.5347987,0.007844549,-0.09137133,0.1255196,-0.1781671,1.136715,185.2181
push,-0.03228803,0.008478821,-0.06822336,-0.8395576,-0.5333935,-0.002472699,-0.1030932,0.07525573,-0.170115,0.926388,185.3183
push,-0.04964566,0.07869292,-0.2300775,-0.839762,-0.5290351,-0.02191359,-0.1201729,0.04182741,-0.1491313,0.7521714,185.4177
push,-0.004295924,0.09184089,-0.3715674,-0.8429729,-0.5244511,-0.01582589,-0.1187317,0.0937997,-0.1254636,0.6021112,185.5175
push,-0.00309802,0.007189438,-0.3853017,-0.8437959,-0.5282971,0.003971081,-0.09431234,0.1023404,-0.1464473,0.5884482,185.6174
push,-0.02434766,-0.1312348,-0.1249112,-0.843136,-0.5346948,0.02447324,-0.05122865,0.07037622,-0.1906117,0.8548961,185.7176
push,-0.03107503,-0.1181848,0.008749182,-0.8405628,-0.5396156,0.0303494,-0.03671581,0.05817592,-0.1466916,0.9888521,185.8176
push,0.05559232,-0.01077271,0.2726762,-0.8364633,-0.5421031,0.02183729,-0.0773072,0.1745635,-0.115216,1.248468,185.9174
push,0.01162842,0.09430839,0.3029474,-0.8339435,-0.5402038,0.0007998981,-0.1127713,0.1340602,-0.09179095,1.271647,186.0182
push,0.1260857,0.08014265,0.4866721,-0.8364106,-0.5330659,6.176531E-06,-0.1275065,0.2628925,-0.1344912,1.460259,186.118
push,0.04012443,-0.006384616,0.2947163,-0.8390823,-0.5316541,0.008072007,-0.1149766,0.1779804,-0.1935401,1.282872,186.2175
push,-0.05376165,0.01892241,-0.04762892,-0.8419651,-0.5297933,0.001112167,-0.1020418,0.05817592,-0.1547437,0.9488358,186.3172
push,-0.05193098,0.008292945,-0.1924583,-0.841971,-0.5305052,-0.008736048,-0.09783965,0.03841207,-0.1681639,0.8019482,186.4179
push,-0.01134489,0.004194671,-0.3421248,-0.8415704,-0.5316656,-0.007087536,-0.0950829,0.07842834,-0.1645027,0.6462756,186.5182
push,0.0302241,0.03698711,-0.4327278,-0.8424548,-0.5317706,0.0008333549,-0.08654027,0.1233241,-0.1074082,0.5486763,186.6177
push,-0.0417154,-0.09530706,-0.1388606,-0.8396187,-0.5392504,0.01419859,-0.06362244,0.04963523,-0.1857307,0.8407431,186.718
push,-0.08170728,-0.08972031,-0.07007145,-0.8391718,-0.5414621,0.01541955,-0.04869978,-0.004288235,-0.1537681,0.9095508,186.8182
push,0.03804364,-0.02236092,0.08591194,-0.8371897,-0.5424948,0.01619777,-0.067458,0.1369886,-0.1164359,1.062784,186.9176
push,0.08539124,0.06467463,0.1828704,-0.8367105,-0.5390717,0.01119647,-0.0958735,0.2065277,-0.08251897,1.156479,187.0178
push,-0.005725739,0.01001559,0.4701786,-0.8369894,-0.5368446,0.004327685,-0.1059618,0.1155163,-0.1630401,1.449523,187.118
push,0.01765398,0.02164704,0.3347836,-0.8391194,-0.5334848,0.008370936,-0.1058421,0.1460163,-0.148887,1.322888,187.2183
push,-0.0076497,-0.008662449,0.1912412,-0.8403125,-0.5324005,0.007994328,-0.1017876,0.09184852,-0.1742632,1.088647,187.3175
push,-0.07492219,0.02044615,-0.1009102,-0.8386596,-0.5339632,-0.01134462,-0.1067922,0.02157654,-0.1737747,0.8912512,187.4176
push,0.0581709,0.04477508,-0.2067623,-0.839444,-0.5295908,-0.006357517,-0.1217663,0.1777361,-0.1686509,0.773888,187.5173
push,-0.01929107,0.07634721,-0.4769009,-0.8429847,-0.5244745,0.00339571,-0.1195482,0.1120994,-0.1220467,0.4964597,187.6173
push,-0.05880652,-0.003625322,-0.4278174,-0.8453121,-0.5267304,0.006196812,-0.08924124,0.04475573,-0.1466916,0.5474548,187.7175
push,-0.04624574,-0.1549273,-0.1847547,-0.8443466,-0.5334768,0.02569491,-0.04267278,0.04134039,-0.1989081,0.7953603,187.8176
push,0.03801456,-0.1072257,0.03065316,-0.8388603,-0.5424188,0.02949781,-0.03500046,0.1240554,-0.1335157,1.010323,187.9177
push,0.04146032,0.02322109,0.3039024,-0.8326384,-0.5457617,0.00884705,-0.09369707,0.1569951,-0.1213154,1.273844,188.0179
push,-0.05034664,0.1192956,0.2713996,-0.8286818,-0.5427312,-0.01221431,-0.1363087,0.07696418,-0.1191199,1.230899,188.118
push,-0.00678383,-0.03536068,0.350023,-0.8276618,-0.5455135,-0.006035358,-0.1317365,0.1274723,-0.2608837,1.318984,188.2181
push,0.08922099,-0.07702855,0.2360616,-0.8351725,-0.538587,0.02353165,-0.1088908,0.2477638,-0.2355075,1.223336,188.3182
push,0.005766546,-0.06879301,0.1169334,-0.8377982,-0.5359133,0.02774822,-0.1006045,0.1626075,-0.209887,1.111096,188.4177
push,-0.1147128,0.02526544,-0.1051721,-0.83654,-0.5361423,0.005061936,-0.1128118,0.01669549,-0.160843,0.8841762,188.5175
push,-0.02223539,0.07356121,-0.190123,-0.8348181,-0.5325347,-0.01329777,-0.1389556,0.1047801,-0.1749961,0.7802317,188.6178
push,0.04197953,0.1119412,-0.4005965,-0.8395197,-0.5272159,-0.008967046,-0.1310335,0.1652915,-0.1179,0.5664874,188.7173
push,0.01388221,-0.05842752,-0.2697353,-0.8398118,-0.5347961,0.01677207,-0.09180391,0.139184,-0.1935401,0.7045916,188.8178
push,-0.1179451,-0.1603447,-0.1761,-0.840449,-0.5400648,0.02593066,-0.036097,-0.03649668,-0.1925629,0.8063391,188.9181
push,0.01463294,-0.1168598,-0.03993079,-0.8373468,-0.5453292,0.02515383,-0.02887247,0.08696746,-0.1374196,0.9398081,189.0184
push,0.1423359,0.03340199,0.3230577,-0.8334125,-0.5452045,0.01401652,-0.08932589,0.2616726,-0.09862319,1.295072,189.1176
push,-0.08318763,0.1017217,0.3349739,-0.8280101,-0.5459561,-0.0228667,-0.1257309,0.01596418,-0.1308316,1.299707,189.2176
push,0.04205539,0.07244089,0.3951105,-0.8324512,-0.540983,-0.01303252,-0.1191322,0.1499202,-0.1413235,1.372419,189.3176
push,0.1203824,-0.04257382,0.1875196,-0.8358443,-0.5397972,0.01870293,-0.09814961,0.2594756,-0.1884147,1.18088,189.4176
push,-0.05150042,-0.05142756,-0.01222015,-0.8375151,-0.5386553,0.006540492,-0.09152107,0.05988437,-0.200128,0.987388,189.5176
push,-0.125806,-0.0008391262,-0.2351492,-0.8360657,-0.5386912,-0.02632454,-0.1005628,-0.06065146,-0.1998837,0.755831,189.6176
push,0.02249676,0.07791545,-0.2429062,-0.8354427,-0.5353454,-0.02652321,-0.121397,0.108684,-0.1547437,0.7321633,189.7174
push,0.01326588,0.04387055,-0.3472632,-0.8374219,-0.5339162,-0.006644636,-0.116678,0.1250326,-0.1454717,0.6233392,189.8177
push,-0.07982115,-0.1043397,-0.1678577,-0.8375512,-0.5423245,-0.003113419,-0.0661993,-0.01404879,-0.2172078,0.8112202,189.9178
push,-0.03119064,-0.1200721,-0.009030325,-0.8357784,-0.5475665,0.01353494,-0.03823782,0.03231114,-0.1684081,0.9722593,190.018
push,0.04520935,-0.01446791,0.1598074,-0.8330939,-0.5495499,0.01230205,-0.06162812,0.1323518,-0.1025271,1.139644,190.1181
push,-0.0086145,0.09168432,0.147982,-0.8323948,-0.5464536,-0.02370373,-0.08913678,0.04890393,-0.08129909,1.123539,190.2182
push,0.1674808,0.281501,0.5638883,-0.8273314,-0.548465,-0.01613879,-0.1202014,0.2726515,0.06485722,1.534679,190.3174
push,0.0789957,-0.009559839,0.4934897,-0.8381144,-0.5374039,0.002678495,-0.09356311,0.1850554,-0.1649912,1.485391,190.4177
push,-0.08925838,-0.0768277,0.2394752,-0.8365119,-0.5420318,0.003792144,-0.08021947,0.005472323,-0.2089114,1.241635,190.5181
push,-0.03459621,0.0008796177,0.1138742,-0.8336952,-0.5426019,-0.0164338,-0.1013179,0.0493925,-0.1891476,1.109875,190.6177
push,0.124471,0.1279268,0.05194438,-0.8338046,-0.5347872,-0.03123033,-0.1334059,0.2165325,-0.1320515,1.029844,190.7172
push,0.01913377,0.06652854,0.196609,-0.8349726,-0.5307484,-0.03680862,-0.1406129,0.1084398,-0.212084,1.170875,190.8172
push,-0.1100537,0.09231028,-0.03872832,-0.8383929,-0.5308086,-0.06964023,-0.1024199,-0.1182361,-0.157672,0.947616,190.9173
push,0.1552051,0.06322057,-0.4306746,-0.8438799,-0.529771,-0.0714739,-0.04583459,0.08257654,-0.09105965,0.5625834,191.0177
push,-0.02024761,-0.7666749,-0.2853623,-0.8564025,-0.515915,-0.01077692,-0.01704011,-0.02112376,-0.8069553,0.7131323,191.1179
push,-0.08043706,0.1573188,0.04843451,-0.8567886,-0.5120375,-0.01149726,-0.05998968,-0.03893643,0.04338493,1.035456,191.2181
push,-0.1525854,0.06185124,0.5361406,-0.8643733,-0.4883379,0.01104948,-0.119427,-0.01721985,-0.1332714,1.504668,191.3183
push,0.2583384,0.1568005,-0.1163491,-0.8646938,-0.4783415,-0.004479371,-0.1532124,0.3973355,-0.1127747,0.8378163,191.4177
push,-0.1881684,0.07168613,-0.04362775,-0.8692543,-0.4452119,0.05293482,-0.2082815,0.0889202,-0.2428268,0.8627039,191.5178
push,0.0729496,-0.1497752,-0.006363015,-0.8539089,-0.4447002,0.00220032,-0.2703266,0.4954234,-0.6305433,0.9093081,191.618
push,0.1098239,-0.06080554,-0.06115277,-0.8282477,-0.4566727,-0.07856835,-0.3150919,0.267772,-0.6556752,0.7294792,191.7182
push,0.248667,0.07002638,-0.5149428,-0.8156151,-0.4489239,-0.1356929,-0.338861,0.3317003,-0.6056557,0.2197643,191.8183
push,-0.1535257,0.04314687,-0.02864354,-0.7998862,-0.4544607,-0.1514867,-0.3615235,-0.06699667,-0.6751947,0.6662838,191.9177
push,0.0346209,-0.03497636,-0.01178365,-0.7817439,-0.459926,-0.1698131,-0.3853674,0.1238111,-0.7954879,0.6350509,192.0174
push,-0.01312909,0.06138597,0.04222316,-0.7649086,-0.4587644,-0.1914944,-0.4096094,0.06988765,-0.7422957,0.6343196,192.1178
push,-0.1107586,0.07690106,0.08824875,-0.7427676,-0.4300672,-0.2364204,-0.45546,-0.07016773,-0.804027,0.5620949,192.2183
push,0.02599691,0.1538115,0.02052384,-0.7313595,-0.4217653,-0.2553945,-0.4711696,0.04987952,-0.7510791,0.4461958,192.3178
push,0.02668769,-0.02759773,-0.03447337,-0.7199026,-0.399076,-0.2798378,-0.4941349,0.01815965,-0.9636035,0.3210233,192.4175
push,-0.0007953951,-0.08682081,0.01083947,-0.7020154,-0.3733456,-0.3085492,-0.5220965,-0.0443045,-1.053395,0.2761275,192.5175
push,0.07831311,0.4364953,0.1238755,-0.67988,-0.3109267,-0.3479664,-0.5656917,-0.04308463,-0.5492909,0.2417236,192.6176
push,0.007292071,0.0167411,-0.01090082,-0.65688,-0.2858751,-0.3637393,-0.5953803,-0.1301921,-0.9736068,0.01553629,192.7179
