push,-0.0948438,-0.1005338,0.0625086,0.074624,0.068372,-0.845947,0.5235744,0.1043896,-0.06356152,-0.9188907,43.07087
push,-0.02220942,-0.03538415,0.01793681,0.076406,0.068485,-0.841987,0.5296506,0.1797314,-0.001995117,-0.9622559,43.1708
push,0.04080904,-0.01442898,-0.006587367,0.072077,0.067824,-0.843821,0.5274191,0.2344033,0.02463672,-0.9880518,43.27073
push,-0.1047656,-0.04864046,-0.1000545,0.065207,0.072655,-0.84339,0.5283584,0.1364238,0.1619795,-1.026897,43.37066
push,-0.1190009,0.08364732,-0.04368464,0.057736,0.070804,-0.846612,0.5243105,0.05391504,0.1443721,-1.027928,43.47059
push,-0.005098581,-0.0008361673,-0.02650242,0.061141,0.06336,-0.845825,0.5261438,0.02127051,0.09272754,-1.036467,43.57052
push,-0.03327334,-0.06022444,0.04560171,0.071034,0.056113,-0.842862,0.5304613,0.08512598,-0.1168916,-0.9706426,43.67045
push,-0.1381104,-0.01800819,0.06531283,0.072249,0.055881,-0.841234,0.5329004,0.05723926,0.04398047,-0.9230273,43.77039
push,-0.123508,-0.003242697,0.1777773,0.071609,0.048004,-0.840835,0.5343822,0.0649209,-0.03624902,-0.763168,43.87032
push,-0.137886,-0.0700647,0.1727399,0.079921,0.035198,-0.838554,0.537774,0.03433008,-0.09810547,-0.8134599,43.97025
push,-0.04840593,-0.1395278,-0.04043175,0.080418,0.027427,-0.838847,0.5376955,0.1171777,-0.1809189,-1.027304,44.07019
push,-0.1252415,0.1167371,0.00219239,0.073785,0.030931,-0.841644,0.5340735,0.03287207,0.09122851,-0.9855303,44.17011
push,-0.02152621,-0.04143107,0.01492864,0.083146,0.033454,-0.840683,0.5340596,0.15504,-0.07463964,-0.9700761,44.27004
push,-0.05989812,0.02457516,0.01444938,0.092052,0.036014,-0.837607,0.5372559,0.1339805,-0.01481055,-0.9673164,44.36998
push,-0.04939505,-0.05736923,-0.02496265,0.096721,0.040373,-0.83879,0.5342718,0.156707,-0.09375195,-1.004031,44.46991
push,-0.04593821,-0.03410951,-0.02007821,0.097181,0.04582,-0.838758,0.533799,0.1661348,-0.06171485,-0.9977441,44.56984
push,-0.03823936,-0.02072063,-0.02467713,0.100187,0.047998,-0.838804,0.532979,0.1817549,-0.0486377,-1.000629,44.66977
push,-0.0600103,-0.0240551,-0.02760372,0.103019,0.051898,-0.837916,0.5334702,0.1696904,-0.04870117,-1.001964,44.76971
push,-0.01173693,-0.03583283,-0.03908572,0.104473,0.055963,-0.838752,0.531459,0.2241621,-0.05404688,-1.012086,44.86964
push,-0.02464654,-0.0118389,-0.09645495,0.105664,0.059724,-0.838379,0.5314027,0.2175225,-0.02533789,-1.068161,44.96957
push,-0.02352485,0.0219035,-0.08348416,0.106602,0.058136,-0.838172,0.5317178,0.2186709,0.007402343,-1.055079,45.05785
push,-0.03000005,-0.0006730127,-0.1197249,0.108441,0.055739,-0.837141,0.5332248,0.2128789,-0.02410156,-1.091734,45.15779
push,-0.01726379,-0.0147145,-0.09043863,0.106932,0.057346,-0.838862,0.5306482,0.2237822,-0.03316895,-1.062219,45.25772
push,-0.005526862,-0.0585725,-0.03859626,0.104291,0.054087,-0.840454,0.5289944,0.1897539,-0.06889062,-1.006275,45.35765
push,-0.02639025,0.007433731,-0.03128489,0.102497,0.046253,-0.841589,0.5282831,0.1954316,-0.02369434,-1.007439,45.45758
push,-0.04475534,-0.02265809,-0.02570704,0.098678,0.040204,-0.842846,0.5275007,0.1713857,-0.02585547,-1.036922,45.55751
push,-0.1001667,0.07880367,0.009310008,0.093126,0.034192,-0.843026,0.5286451,0.1343164,-0.04874414,-1.003601,45.65744
push,-0.01500003,-0.07418435,0.04298104,0.090953,0.027124,-0.842328,0.5305425,0.1688721,-0.1254424,-0.9399346,45.75737
push,-0.02364722,-0.0312543,0.06808645,0.085148,0.026491,-0.842787,0.5308089,0.1492607,-0.07721972,-0.9173065,45.87397
push,-0.08497295,-0.02967374,0.07710074,0.084915,0.027158,-0.842939,0.5305711,0.08815137,-0.07445899,-0.9076288,45.96891
push,-0.05286209,-0.02368801,0.02058807,0.086112,0.028067,-0.842052,0.5317381,0.1230186,-0.06878711,-0.964585,46.06882
push,-0.09311029,-0.009911641,-0.0104011,0.085294,0.030465,-0.843017,0.5302067,0.08410742,-0.05026465,-0.9949638,46.16876
push,-0.06401778,-0.007158407,0.02649223,0.081317,0.033762,-0.844666,0.5280029,0.1096045,-0.03620508,-0.9591357,46.2687
push,-0.01271586,-0.03898375,-0.05287228,0.079531,0.033377,-0.84663,0.5251461,0.1581104,-0.06671973,-1.039045,46.36863
push,-0.1322878,0.01374577,-0.008698179,0.08042,0.029755,-0.844568,0.5285378,0.09565918,-0.08420216,-0.9791132,46.46856
push,-0.07050318,-0.001713123,0.05033319,0.080721,0.028572,-0.843886,0.5296453,0.1396572,-0.06193261,-0.9665947,46.56849
push,-0.07458204,-0.02887836,0.07959904,0.079522,0.029554,-0.844731,0.5284244,0.07204101,-0.05220996,-0.9191514,46.66843
push,-0.0988003,-0.001325631,0.1126786,0.081059,0.032972,-0.845409,0.5269023,0.05775781,-0.02793359,-0.837624,46.76836
push,-0.1455747,-0.07573432,0.03319176,0.086801,0.036992,-0.843869,0.5281878,0.04029004,-0.1058057,-0.9495146,46.86829
push,0.01590757,0.02770569,-0.05580907,0.088939,0.037943,-0.842628,0.5297436,0.1798398,-0.0005625,-0.9461787,46.96821
push,-0.014378,-0.02629848,-0.0761626,0.096291,0.036231,-0.840094,0.532595,0.1866299,-0.06900196,-1.055965,47.06816
push,-0.0100748,-0.01829371,-0.06813743,0.104979,0.039353,-0.839147,0.5322247,0.2089024,-0.06523144,-1.044779,47.16809
push,-0.03394635,-0.075459,-0.04812041,0.115998,0.040078,-0.837208,0.5329362,0.2040947,-0.1333262,-1.018845,47.26802
push,-0.009932036,-0.04103338,-0.01995585,0.122327,0.038954,-0.83475,0.5354541,0.2365605,-0.1074658,-0.9874551,47.36795
push,-0.01818154,-0.0546058,-0.05298445,0.125538,0.041652,-0.835319,0.5336174,0.2365498,-0.1201006,-1.019475,47.46789
push,-0.01774306,-0.04053372,-0.08790974,0.129793,0.045965,-0.835131,0.5325385,0.2486553,-0.103123,-1.050894,47.56782
push,0.03595519,-0.01092116,-0.1201022,0.130391,0.045274,-0.835448,0.531954,0.3035703,-0.07465332,-1.082589,47.66775
push,0.04307281,-0.1103639,-0.1358364,0.131223,0.041268,-0.833526,0.5350811,0.3067578,-0.1828936,-1.099555,47.76768
push,-0.02618631,0.007321562,-0.06420133,0.128288,0.04054,-0.832645,0.537216,0.2314727,-0.06412207,-1.028577,47.86762
push,-0.03661801,-0.04414351,0.005251538,0.125442,0.040473,-0.834126,0.5355932,0.2168701,-0.112127,-0.9616826,47.96755
push,0.04002386,-0.05823599,-0.01726379,0.119566,0.036592,-0.835614,0.5348964,0.2798105,-0.1265039,-0.9871025,48.06748
push,0.01340927,-0.0004180836,-0.04738621,0.112135,0.03349,-0.83758,0.5336327,0.2377978,-0.06472462,-1.021405,48.16742
push,-0.04067648,-0.03059148,0.02277026,0.105821,0.030231,-0.83812,0.5342686,0.1704619,-0.0940791,-0.9532129,48.26735
push,-0.02868461,-0.01997624,0.0004384779,0.100955,0.032963,-0.840085,0.5319575,0.177498,-0.07261231,-0.9782851,48.36728
push,-0.08240326,0.04997629,0.03210067,0.102691,0.030013,-0.839592,0.5325778,0.1221064,-0.01017188,-0.9457003,48.46721
push,-0.06465001,0.005404496,0.01467372,0.10268,0.024839,-0.83774,0.5357533,0.1348056,-0.06382325,-0.9645976,48.56714
push,-0.08253583,-0.06257998,-0.05195454,0.102064,0.02377,-0.838174,0.5352404,0.1148379,-0.1330186,-1.031107,48.66707
push,-0.1139737,-0.007362351,-0.03007143,0.100143,0.022557,-0.837712,0.5363778,0.07904688,-0.07750488,-1.010272,48.76701
push,-0.05528901,0.01091096,0.0197519,0.096554,0.017292,-0.837285,0.537896,0.1269082,-0.0649707,-0.9623272,48.86694
push,-0.08955148,-0.0197417,0.03104016,0.093624,0.014592,-0.837723,0.5378121,0.08439551,-0.0971748,-0.9513281,48.96687
push,-0.07932372,-0.03101977,0.07822242,0.09073,0.012365,-0.837702,0.5383963,0.08710937,-0.1087354,-0.9058124,49.06681
push,-0.09331422,-0.02236238,0.1030831,0.088505,0.011131,-0.838012,0.5383111,0.06766602,-0.1000527,-0.8825381,49.16674
push,-0.1726787,0.01534673,0.1288309,0.086223,0.012163,-0.838521,0.5378663,-0.01646484,-0.05762891,-0.8568105,49.26667
push,-0.1704762,-0.03296743,0.1090688,0.09023,0.01786,-0.838328,0.5373507,0.1030234,-0.1922725,-0.8880566,49.3666
push,0.01609112,-0.03144805,0.03804561,0.09346,0.027184,-0.838719,0.5357953,0.20304,-0.08716308,-0.9434141,49.46653
push,-0.006138691,0.08370849,-0.08660449,0.099421,0.030375,-0.837697,0.5361498,0.2363906,0.001267578,-1.162497,49.56646
push,0.005628833,-0.08779757,-0.03706668,0.111048,0.026511,-0.837688,0.5340828,0.2841953,-0.1773555,-1.066183,49.66639
push,0.01228758,0.004853849,-0.09363034,0.124145,0.020194,-0.833639,0.5377975,0.2415166,-0.09629785,-1.063336,49.76633
push,-0.01540791,-0.04212448,-0.01741675,0.128713,0.02116,-0.833482,0.5369291,0.2377988,-0.1413027,-1.038273,49.86626
push,-0.0132767,0.000571041,-0.01576481,0.129792,0.02323,-0.833445,0.5366412,0.2289375,-0.1013467,-0.9822988,49.96619
push,-0.02790963,-0.06090765,-0.04317478,0.13564,0.026257,-0.831951,0.5373731,0.2274189,-0.1636504,-1.00678,50.06613
push,0.008137335,-0.001060505,-0.08049639,0.137242,0.030251,-0.83207,0.5365716,0.270501,-0.09927735,-1.041205,50.16606
push,0.04116594,-0.06599603,-0.06572071,0.140118,0.02699,-0.830619,0.5382477,0.3039629,-0.1737949,-1.025416,50.26599
push,-0.00617948,-0.08829723,-0.02196469,0.138907,0.02629,-0.831163,0.5377563,0.2543193,-0.194582,-0.9824413,50.36592
push,0.03382399,-0.08133256,-0.0564107,0.135688,0.028221,-0.832326,0.5366803,0.290498,-0.1812813,-1.019082,50.46585
push,-0.0624984,0.0008055757,-0.02609454,0.129821,0.026351,-0.832484,0.53798,0.1832334,-0.09594531,-0.9921319,50.56578
push,0.0158158,-0.0326921,-0.03948341,0.120982,0.024602,-0.833491,0.5385637,0.2442637,-0.1224229,-1.009786,50.66571
push,-0.03398714,0.006352832,-0.0391673,0.111753,0.024457,-0.835244,0.5378481,0.1802041,-0.07383887,-1.014016,50.76565
push,-0.05403476,0.004180836,0.04559151,0.104036,0.019472,-0.836795,0.5371885,0.1423184,-0.07580176,-0.933039,50.86558
push,-0.09129519,0.1068255,0.04467376,0.103362,0.02178,-0.836181,0.5381852,0.1062705,0.03251562,-0.9339512,50.96552
push,-0.03939164,-0.09248826,-0.04979274,0.101061,0.026213,-0.837484,0.5363954,0.1589922,-0.1573369,-1.028649,51.06544
push,-0.06995253,0.04408233,0.0560334,0.098948,0.026222,-0.838091,0.5358406,0.124332,-0.01915918,-0.9242108,51.16538
push,-0.009554741,-0.07693759,-0.02415708,0.097028,0.025836,-0.840035,0.5331596,0.1825146,-0.137873,-1.004997,51.26531
push,-0.07645832,-0.04172678,0.05008846,0.093586,0.026334,-0.841146,0.5319978,0.1093994,-0.09765918,-0.9323692,51.36525
push,-0.06401778,-0.0308872,0.05083285,0.096371,0.028136,-0.841099,0.5314823,0.1291943,-0.0876748,-0.9305645,51.46518
push,-0.03797423,-0.002008841,0.06226387,0.095824,0.026154,-0.840864,0.5320539,0.1523184,-0.06098047,-0.9196729,51.56511
push,-0.05667582,-0.02535014,0.0704216,0.093652,0.022742,-0.840465,0.5332267,0.1254404,-0.08828125,-0.9115341,51.66504
push,-0.1233755,0.01787562,0.1588412,0.087368,0.021015,-0.840986,0.5335426,0.04751562,-0.04051856,-0.8260019,51.76498
push,-0.1736373,-0.0657411,0.2024136,0.087699,0.02445,-0.841497,0.5325354,0.001341797,-0.1187383,-0.7816142,51.86491
push,-0.07568333,-0.02230119,-0.005129172,0.086949,0.038818,-0.842786,0.5297592,0.1125664,-0.05025489,-0.987664,51.96484
push,-0.08609463,-0.02965335,0.1352144,0.083852,0.043107,-0.845247,0.5259926,0.1024238,-0.04597461,-0.8479414,52.06477
push,0.03360984,0.05189336,-0.117869,0.093464,0.051982,-0.843001,0.5271733,0.2465273,0.04136035,-1.096066,52.1647
push,0.0348437,-0.09403823,-0.04470436,0.100968,0.046481,-0.842895,0.5264723,0.2552998,-0.1223066,-1.021328,52.26464
push,0.02481989,0.03632229,-0.06591445,0.103668,0.047053,-0.841469,0.5281751,0.2750801,-0.009230468,-1.051554,52.36457
push,0.006352832,-0.07452086,-0.08516669,0.107258,0.045632,-0.84124,0.5279477,0.2255596,-0.0969004,-1.02054,52.4645
push,-0.002518699,-0.08258681,-0.06816803,0.113965,0.039975,-0.837738,0.5325496,0.2324141,-0.1379893,-1.039406,52.56443
push,0.01650921,-0.04982333,-0.05332096,0.120016,0.035453,-0.835535,0.5349958,0.2680117,-0.1358936,-0.9950225,52.66436
push,0.02339229,-0.03873901,-0.1280967,0.123103,0.0374,-0.83502,0.5349659,0.2805303,-0.06680468,-1.066609,52.7643
push,0.02157719,-0.01372538,-0.08595187,0.12314,0.036234,-0.834993,0.5350797,0.2670059,-0.08644922,-1.053805,52.86423
push,0.04208369,-0.06522105,-0.04305242,0.121579,0.041826,-0.836022,0.5334194,0.290292,-0.126377,-1.011402,52.96416
push,0.03588381,-0.01517338,-0.03634268,0.118991,0.044873,-0.83855,0.5297749,0.2832744,-0.06663672,-1.005692,53.06409
push,-0.03928966,0.0201088,-0.04042155,0.118209,0.041681,-0.837081,0.5325267,0.2040723,-0.03692871,-1.009823,53.16403
push,-0.05692056,-0.02310677,0.0585419,0.113112,0.037854,-0.8383,0.5320017,0.1743027,-0.08026367,-0.9133154,53.26396
push,-0.006556775,0.008147532,0.02344327,0.103891,0.038513,-0.84125,0.5291709,0.210667,-0.03741601,-0.9528965,53.36389
push,-0.03118292,0.01177772,-0.001815095,0.092278,0.03732,-0.845324,0.5248994,0.1648115,-0.02289844,-0.9832227,53.46382
push,-0.01048268,-0.0657513,0.09818847,0.086322,0.030812,-0.84688,0.5238257,0.1699004,-0.1048135,-0.8860322,53.56376
push,-0.04657044,-0.06114218,0.1006868,0.082276,0.029736,-0.847164,0.5240798,0.1244121,-0.09819824,-0.8849092,53.66369
push,0.03153982,-0.05946985,0.09923878,0.077442,0.029677,-0.848695,0.5223398,0.1949776,-0.09178125,-0.8879014,53.76362
push,-0.0140007,0.00617948,0.04231822,0.077178,0.029652,-0.849074,0.521764,0.1485469,-0.02525781,-0.9443691,53.86355
push,-0.03868803,-0.09752566,0.03210067,0.077442,0.030856,-0.848842,0.5220324,0.1259043,-0.1279072,-0.9543399,53.96344
push,-0.02065945,-0.02599257,-0.00481306,0.079097,0.033932,-0.848536,0.5220909,0.149417,-0.05235351,-0.9908731,54.06342
push,-0.06761738,-0.1047452,0.07297088,0.081772,0.028723,-0.8466,0.5251255,0.1019375,-0.1434404,-0.9126953,54.16335
push,-0.01175733,0.009799472,0.1386712,0.082827,0.028277,-0.84437,0.5285635,0.1590352,-0.03099512,-0.8474335,54.26328
push,-0.04663162,-0.01735557,0.03777029,0.084563,0.031018,-0.845265,0.5267012,0.1300156,-0.0552168,-0.9471524,54.36321
push,-0.1335726,-0.04611157,0.09007153,0.078875,0.035201,-0.847718,0.5233678,0.03747559,-0.07027929,-0.8955547,54.46314
push,-0.0761626,0.03210067,0.08546241,0.081863,0.039541,-0.848935,0.5206192,0.1046992,0.01511621,-0.8987061,54.56307
push,-0.02423865,-0.02064925,-0.131472,0.082624,0.037546,-0.845854,0.5256374,0.1553457,-0.04551758,-1.115991,54.66301
push,-0.02124069,0.01818154,-0.03146844,0.086836,0.026418,-0.841018,0.5333388,0.1537393,-0.0306875,-1.015778,54.76294
push,-0.001131885,0.03417069,-0.03512922,0.099609,0.012067,-0.833344,0.5435718,0.1793154,-0.05532031,-1.016469,54.86287
push,0.04099259,-0.01701906,-0.03726043,0.107562,0.007935,-0.828739,0.549144,0.2291396,-0.1229434,-1.015531,54.9628
push,0.0305507,-0.03284506,-0.07226729,0.114022,0.011526,-0.827837,0.5491375,0.2422588,-0.157918,-1.02445,55.06673
push,-0.01171654,-0.01594836,-0.01198167,0.121604,0.014377,-0.82605,0.5501338,0.1914678,-0.09275684,-0.9893359,55.16667
push,0.02586,-0.003130529,0.01383755,0.129221,0.019459,-0.827614,0.5458739,0.2617432,-0.1129434,-0.9527637,55.2666
push,-0.02681853,0.03082602,0.00664855,0.125984,0.028325,-0.82971,0.5430534,0.2142236,-0.05981348,-0.9612246,55.36654
push,0.006607761,-0.07404159,-0.06540459,0.127705,0.029944,-0.829568,0.5427815,0.2526533,-0.1636289,-1.031868,55.46647
push,-0.01016657,-0.03110134,-0.1664177,0.127546,0.030703,-0.830941,0.5406721,0.2361474,-0.1190225,-1.133306,55.5664
push,0.03416049,-0.0362917,-0.05588045,0.125981,0.032714,-0.831438,0.5401568,0.2801982,-0.1190772,-1.022553,55.66634
push,0.01576481,-0.1159111,0.001142082,0.1205,0.037494,-0.833625,0.5377204,0.2579404,-0.1842197,-0.9681523,55.76627
push,0.04932367,-0.05894979,-0.03039774,0.113338,0.043097,-0.836461,0.5344437,0.2854424,-0.1086113,-1.002218,55.8662
push,0.03432365,-0.05376963,-0.05341274,0.112932,0.038132,-0.835988,0.5356458,0.2650644,-0.111626,-1.025545,55.96613
push,0.005108778,-0.05993892,-0.02378998,0.10749,0.029018,-0.835841,0.5375627,0.2170459,-0.1282119,-0.9992499,56.06606
push,0.007719251,-0.05823599,-0.03225362,0.099696,0.026299,-0.838025,0.5358015,0.2034473,-0.1211885,-1.011729,56.16599
push,-0.03307959,-0.03893276,-0.02349426,0.095535,0.024905,-0.840095,0.533379,0.1551992,-0.1005283,-1.005854,56.26593
push,-0.06244742,0.02848067,-0.05290287,0.091947,0.0224,-0.8404,0.5336402,0.1162217,-0.03263379,-1.035355,56.36586
push,-0.04161461,-0.1406698,0.001233857,0.08963,0.018684,-0.840477,0.534056,0.130666,-0.2054121,-0.9827793,56.46579
push,-0.06631214,-0.07532644,0.02272947,0.088138,0.019023,-0.839023,0.5365726,0.1032109,-0.1388662,-0.9626582,56.56572
push,-0.03395655,-0.001539771,0.04301163,0.083749,0.02184,-0.838612,0.5378094,0.1317295,-0.05633789,-0.9424278,56.66566
push,-0.06476218,-0.03841271,0.108304,0.086057,0.02091,-0.838144,0.5382115,0.1031621,-0.09725976,-0.8772939,56.76559
push,0.0008463644,-0.01374577,0.05069009,0.087585,0.021936,-0.835636,0.5418119,0.1727041,-0.07295996,-0.9341503,56.86552
push,-0.07775336,-0.02668597,0.01280763,0.087612,0.020455,-0.837096,0.5396073,0.09232226,-0.08801855,-0.972419,56.96545
push,-0.05923532,0.0542489,0.09408921,0.083592,0.021576,-0.836884,0.5405294,0.1054297,-0.001827148,-0.8917333,57.06539
push,-0.05980635,-0.06728087,0.1208772,0.080613,0.023703,-0.839637,0.5366092,0.1016103,-0.1142988,-0.865416,57.16532
push,-0.1362749,-0.07200216,0.2318529,0.080985,0.02267,-0.839131,0.5373887,0.02535645,-0.1215127,-0.7555361,57.26525
push,-0.03975873,0.01064584,0.13085,0.093479,0.028882,-0.838873,0.5354621,0.1489219,-0.04293847,-0.8510391,57.36518
push,-0.03387497,-0.06748481,-0.05227065,0.104242,0.035683,-0.838253,0.5340339,0.1800342,-0.1197422,-1.029142,57.46511
push,0.0966385,0.01273626,-0.1656121,0.110874,0.038929,-0.838411,0.5322204,0.3250469,-0.04016894,-1.139204,57.56505
push,0.00783142,0.00919784,-0.1367235,0.115496,0.039061,-0.838414,0.531222,0.243583,-0.04930078,-1.108235,57.66498
push,0.0409722,-0.01158398,-0.0571449,0.119719,0.035258,-0.837306,0.5322996,0.3047139,-0.1106953,-1.083837,57.76492
push,0.01915027,-0.07503071,-0.0183243,0.12698,0.032282,-0.836837,0.5315428,0.2703691,-0.1166611,-1.030116,57.86485
push,0.05895999,-0.02590079,-0.08276016,0.129478,0.033467,-0.835483,0.5329949,0.2681933,-0.04672559,-1.020596,57.96478
push,0.02271928,-0.08788934,-0.05367786,0.133034,0.033818,-0.835402,0.5322234,0.2456465,-0.1533965,-0.9877715,58.06471
push,0.04236921,-0.08756303,-0.07635634,0.133726,0.036,-0.83474,0.5329452,0.2473779,-0.07821289,-0.9975001,58.16464
push,-0.01025834,-0.03299801,-0.0700749,0.13111,0.036731,-0.835951,0.5316455,0.2482178,-0.1117861,-1.034075,58.26458
push,-0.01068663,-0.03595519,-0.0459688,0.128982,0.036738,-0.83557,0.5327634,0.2442314,-0.113251,-1.011426,58.36451
push,0.01368459,-0.005394299,-0.02626789,0.125094,0.038541,-0.836596,0.5319523,0.2656113,-0.07497071,-0.9929034,58.46444
push,-0.01181851,-0.04813061,-0.03180495,0.120777,0.036284,-0.837045,0.5324022,0.2301318,-0.117166,-1.000109,58.56438
push,0.004150245,0.007749843,-0.05343313,0.118073,0.035737,-0.83772,0.5319839,0.2403916,-0.05903222,-1.023657,58.6643
push,0.06472138,-0.04480633,-0.03050991,0.115775,0.036803,-0.838709,0.5308568,0.2990908,-0.1066436,-1.002906,58.76424
push,0.02710406,-0.02573763,0.0008055757,0.11126,0.034873,-0.840166,0.5296472,0.2527539,-0.086583,-0.9726943,58.86417
push,-0.07583629,0.1345821,0.05828697,0.103471,0.02548,-0.839211,0.533263,0.1260156,0.06829298,-0.920749,58.9641
push,-0.04352149,0.02390215,0.02890895,0.102872,0.021499,-0.83863,0.5344669,0.1529853,-0.05110254,-0.9501817,59.06403
push,-0.09005114,0.2021689,0.05414693,0.10284,0.018717,-0.842439,0.5285548,0.1039248,0.1257676,-0.9254795,59.16397
push,-0.1187561,-0.05267854,0.2656054,0.119136,-0.001186,-0.839464,0.5301937,0.08037501,-0.1823272,-0.706459,59.2639
push,-0.2523594,-0.3074342,0.1870465,0.130549,-0.020788,-0.836691,0.5314819,-0.05758692,-0.4822949,-0.7792597,59.36382
push,-0.05809323,-0.1125869,0.3062513,0.13082,-0.035451,-0.838867,0.5271921,0.1248535,-0.3110254,-0.6573467,59.46376
push,-0.01320533,-0.1942661,0.04539777,0.118066,-0.018884,-0.842874,0.5246592,0.1671631,-0.351209,-0.9276719,59.56369
push,0.03588381,-0.1221416,0.09368132,0.111957,-0.011162,-0.851028,0.5129253,0.2161182,-0.2576641,-0.8825547,59.66362
push,-0.01950717,0.005904157,0.1057344,0.11234,-0.003523,-0.846429,0.5205048,0.1689004,-0.1177695,-0.8692245,59.76356
push,-0.01459214,-0.01011558,0.003762753,0.102303,0.012344,-0.849557,0.5173342,0.1731865,-0.09666894,-0.9761201,59.86349
push,-0.1111491,0.006872887,0.04824277,0.079554,0.03235,-0.855546,0.5105543,0.05894629,-0.02020508,-0.9384404,59.96342
push,0.05737943,-0.08127138,-0.03853507,0.052586,0.05918,-0.865021,0.4954504,0.2079287,-0.03155469,-1.02693,60.05936
push,-0.00459892,0.02483009,0.07875268,0.030975,0.078496,-0.872505,0.4812629,0.1266055,0.1329385,-0.9079199,60.15929
push,-0.04182876,-0.04424549,0.1527433,0.011864,0.092113,-0.876444,0.4724621,0.06686621,0.1069023,-0.8306631,60.25922
push,-0.04226724,0.01227738,0,-0.004567,0.111697,-0.879583,0.4624248,0.05425684,0.2138897,-0.9758066,60.35915
push,-0.05284169,-0.1440961,-0.1374883,-0.008247,0.110358,-0.881341,0.4593377,0.03487695,0.05931543,-1.113873,60.45908
push,-0.08716534,-0.06531283,0.02020058,0.002462,0.096919,-0.87524,0.473873,0.01014844,0.1029697,-0.9620284,60.55902
push,0.08592129,-0.09299812,0.1497963,0.004802,0.089879,-0.871357,0.4823232,0.1821894,0.06003222,-0.8355587,60.65895
push,0.001570363,0.06584308,0.04234881,-0.011887,0.100905,-0.870666,0.4812666,0.07828223,0.2544687,-0.9381631,60.75888
push,-0.09597568,-0.002712445,-0.01031953,-0.033411,0.116392,-0.872313,0.4737158,-0.04584082,0.2330557,-0.9816347,60.85881
push,0.06385463,-0.1493272,0.06461941,-0.045259,0.118903,-0.874513,0.4680179,0.097583,0.102332,-0.9041748,60.95874
push,0.01872199,-0.08172005,0.09099947,-0.032949,0.113626,-0.874478,0.4704166,0.06919531,0.1490078,-0.8827119,61.05868
push,0.1353061,-0.2330663,0.0793849,-0.035599,0.114192,-0.873284,0.4723007,0.1820742,-0.00118457,-0.8926944,61.15861
push,-0.01670295,-0.0125629,0.001386814,-0.058901,0.129742,-0.875452,0.4618241,-0.02030273,0.2874687,-1.029458,61.25854
push,-0.0204861,0.06598583,0.09337541,-0.071851,0.138372,-0.874415,0.4594443,-0.04224805,0.2865498,-0.9502177,61.35847
push,0.03965676,0.003303881,0.04714148,-0.070545,0.143001,-0.871985,0.462835,0.07412695,0.2774688,-0.9855557,61.45841
push,-0.03792324,-0.001417405,0.009462966,-0.071337,0.148922,-0.870457,0.4637218,-0.08365528,0.3799179,-0.9851523,61.55834
push,-0.1104251,0.03347728,0.2067678,-0.069101,0.150486,-0.870491,0.4634916,-0.05568262,0.3403633,-0.9857071,61.65828
push,0.04114555,-0.1310335,-0.0474168,-0.057505,0.151346,-0.871554,0.4627971,0.08142285,0.1874473,-0.9956045,61.75821
push,-0.02341268,0.0008157729,0.0333957,-0.058915,0.155977,-0.871157,0.4618286,0.01920801,0.3279482,-0.9117061,61.85814
push,0.02470772,-0.03165199,-0.07999673,-0.061966,0.158623,-0.873696,0.455691,0.06158984,0.3027471,-1.022976,61.95807
push,-0.03140726,-0.06236584,-0.07870169,-0.062719,0.156264,-0.874572,0.4547217,0.005595703,0.2834229,-0.9192042,62.058
push,0.225653,-0.3958946,-0.1098744,-0.061611,0.152131,-0.883882,0.4379645,0.2506934,-0.0735,-1.057603,62.15793
push,0.02427944,0.03201909,0.04617275,-0.056774,0.147262,-0.878993,0.4499577,0.05841113,0.3433164,-0.9050146,62.25787
push,-0.06546578,-0.117767,0.008626799,-0.053547,0.138987,-0.877921,0.4550495,-0.03405566,0.1764697,-0.9477041,62.3578
push,-0.1599527,-0.06458882,0.09238628,-0.067463,0.119383,-0.873006,0.4680353,-0.1677451,0.2071719,-0.870166,62.45773
push,-0.5761294,0.4491544,-0.08946989,-0.091267,0.12612,-0.870108,0.4676282,-0.6176308,0.7549238,-1.04207,62.55767
push,0.02548271,0.04046234,-0.2740283,-0.100662,0.115693,-0.883542,0.4425334,-0.05173828,0.3356192,-1.22757,62.6576
push,-0.06591445,-0.22188,0.4075092,-0.032989,-0.012362,-0.89706,0.4405023,-0.1369912,-0.215835,-0.5914736,62.75753
push,0.2466184,0.2860304,0.195296,0.114468,-0.119348,-0.892791,0.4190196,0.3520195,-0.02364258,-0.7516729,62.85746
push,0.2039942,0.0714923,-0.02180153,0.14695,-0.127702,-0.878789,0.4356923,0.3525274,-0.2813066,-0.9470966,62.95739
push,-0.05501369,0.1339907,0.02366761,0.144542,-0.18377,-0.824572,0.5151866,-0.007188477,-0.3184668,-0.8678057,63.05732
push,0.1576073,0.1149322,-0.07357252,0.195358,-0.246224,-0.773686,0.5501081,0.190082,-0.481668,-0.8778145,63.15725
push,-0.1022163,0.08616602,0.1798372,0.212395,-0.271047,-0.759302,0.5521615,-0.07916015,-0.5605967,-0.5837159,63.25719
push,-0.02794022,0.09758683,-0.3441542,0.209462,-0.252395,-0.77409,0.541486,0.02411523,-0.5214229,-1.129903,63.35712
push,0.1626447,0.1270872,0.03748477,0.22405,-0.269363,-0.783294,0.513513,0.237667,-0.5263096,-0.7184453,63.47371
push,0.1060403,0.04200211,0.1357548,0.215014,-0.283525,-0.775655,0.5212887,0.1445977,-0.6228935,-0.6116875,63.57364
push,-0.03064247,-0.003008163,0.04052352,0.211621,-0.29232,-0.744436,0.5617656,-0.04561329,-0.6772676,-0.6999677,63.67357
push,-0.01357242,-0.270286,0.1056528,0.252607,-0.279035,-0.714273,0.5900367,0.01883106,-0.9679961,-0.6121435,63.7735
push,-0.1211015,-0.06085666,0.1357752,0.30126,-0.266183,-0.682365,0.6105465,-0.03517383,-0.7937129,-0.5410557,63.87344
push,0.02029235,-0.06667924,0.2105714,0.275564,-0.282448,-0.701767,0.5931363,0.07268945,-0.7907666,-0.4789512,63.97337
push,-0.02578862,0.04820199,0.05699194,0.261607,-0.272142,-0.699568,0.6067167,0.01125879,-0.6511562,-0.6590381,64.0733
push,0.04762074,0.2200344,0.1581478,0.305134,-0.259456,-0.677526,0.6168746,0.1418936,-0.5093203,-0.5215596,64.17323
