push,-0.04743184,0.01898766,0.001455993,-0.7968397,-0.4909188,-0.128625,-0.3278733,0.07037622,-0.6346915,0.7590036,12.40058
push,0.0009568932,-0.02897695,-0.001392441,-0.8032954,-0.5076381,-0.1002736,-0.294899,0.1404039,-0.6093153,0.8112202,12.50057
push,0.08708782,0.09233184,-0.04640807,-0.8098032,-0.5207109,-0.07744986,-0.2589991,0.2326352,-0.4121638,0.8148798,12.60083
push,0.04351839,-0.02945964,-0.0491453,-0.8135323,-0.5251867,-0.06988903,-0.2397073,0.1826157,-0.496343,0.832691,12.701
push,0.006328687,0.05701322,0.03107415,-0.8101957,-0.5403291,-0.06309424,-0.218281,0.1408925,-0.3677551,0.9339515,12.80118
push,0.06542513,0.05048605,0.01306299,-0.8155469,-0.5413005,-0.05707239,-0.1965189,0.1857883,-0.334084,0.9346843,12.88467
push,0.1335104,0.2251622,0.05959729,-0.824122,-0.5418975,-0.07014605,-0.1491626,0.1799316,-0.09935605,1.013007,12.98483
push,0.1611535,0.03008275,-0.1528618,-0.8174387,-0.5630131,-0.09018716,-0.08170968,0.1052672,-0.2069587,0.8253717,13.08501
push,-0.0407136,0.2293622,0.1875689,-0.8049008,-0.5857844,-0.09174231,-0.02397107,-0.161425,0.08193704,1.178684,13.20104
push,-0.0627929,-0.194157,-0.2736473,-0.8079879,-0.5854391,-0.06645653,3.949925E-05,-0.171184,-0.2725955,0.7263082,13.3012
push,-0.002562465,-0.2655415,-0.2555037,-0.8089375,-0.5870123,-0.03209938,0.002508976,-0.0574804,-0.2991915,0.7431437,13.38477
push,0.3792694,-0.05232473,-0.7263043,-0.8146403,-0.577503,-0.05232087,0.01067789,0.2831433,-0.09471928,0.253191,13.50101
push,-0.10846,0.36917,0.2890073,-0.816761,-0.5716603,-0.04969369,-0.06030405,-0.1204316,0.2171129,1.256031,13.60083
push,0.1562422,0.04468489,0.3064402,-0.8316545,-0.5535314,-0.008965066,-0.04328217,0.1887166,-0.03591475,1.286531,13.70077
push,0.009594356,-0.01368968,0.176204,-0.8289614,-0.5586467,-0.006963282,-0.02623805,0.02718735,-0.06446356,1.164775,13.801
push,-0.05192162,0.119796,0.08357245,-0.8240955,-0.5631137,-0.0325552,-0.05205635,-0.04698854,-0.001755127,1.06864,13.90052
push,0.05900244,0.091173,0.4258467,-0.8238209,-0.5612419,-0.02832054,-0.07432716,0.09575243,-0.0629994,1.412679,14.00053
push,0.03545259,-0.001026985,0.4157737,-0.8272345,-0.5559757,-0.01931171,-0.07874715,0.09160423,-0.1542551,1.412191,14.10026
push,0.01249316,0.002934559,0.2349197,-0.8287613,-0.5543709,-0.01626445,-0.07458539,0.06915635,-0.1410792,1.239684,14.2009
push,-0.005058778,0.01989537,0.1029582,-0.8270363,-0.5549868,-0.02424427,-0.0860981,0.05158797,-0.1530352,1.107924,14.30089
push,-0.02701422,0.08963966,-0.1426558,-0.8251977,-0.553147,-0.05522267,-0.1001379,-0.006972272,-0.1413235,0.8509922,14.4009
push,0.06179628,0.0884802,-0.2651866,-0.8256409,-0.5526089,-0.04249392,-0.1055214,0.1089283,-0.1359554,0.7231355,14.50089
push,-0.008536045,0.002862182,-0.3678584,-0.8291804,-0.5529626,-0.01655081,-0.08011408,0.05305213,-0.1493756,0.6257789,14.6009
push,-0.05585834,-0.05800802,-0.4972512,-0.8282044,-0.5594341,-0.01134622,-0.0313414,-0.03966773,-0.1222909,0.4954841,14.7009
push,0.0163848,-0.2100012,-0.04536042,0.821101,0.5703539,-0.02211084,-0.0008071903,0.05134368,-0.1837795,0.941515,14.80091
push,0.01690801,-0.07728396,-0.01859678,0.8194135,0.5730819,-0.008497235,0.008151968,0.03987623,-0.08081207,0.9678668,14.90091
push,0.04976951,0.1209565,0.1861467,-0.8165341,-0.5714949,-0.02547764,-0.07756647,0.09648374,-0.03371928,1.165751,15.00091
push,-0.02593592,0.2484028,0.3126764,-0.8164858,-0.5650005,-0.04627491,-0.1094711,0.02206356,0.01800872,1.281652,15.10091
push,0.008828609,0.007905011,0.345358,-0.8211782,-0.5644156,-0.02717369,-0.07976881,0.05451629,-0.1547437,1.337039,15.20093
push,0.09134869,-0.07311618,0.3602296,-0.8219826,-0.5664011,0.0004264489,-0.05944893,0.160412,-0.1718235,1.368028,15.30093
push,-0.01605552,0.002301853,0.1509303,-0.8213201,-0.5656769,-0.01317498,-0.07259034,0.04573132,-0.1347355,1.16136,15.40094
push,-0.09088237,0.1189614,-0.1151465,-0.8182685,-0.562966,-0.05240632,-0.1037273,-0.05918885,-0.1147274,0.8788081,15.50094
push,0.05586218,0.1316366,-0.3238127,-0.8196396,-0.5578394,-0.04933817,-0.1207141,0.1103925,-0.1247307,0.6553034,15.60095
push,0.03938831,0.03679344,-0.430475,-0.8256835,-0.5551153,-0.01550027,-0.09926504,0.1242997,-0.1449831,0.5528229,15.70095
push,-0.07593958,-0.1086256,-0.3195992,-0.8286047,-0.5581299,0.01019437,-0.04244313,-0.01209606,-0.1671867,0.6699434,15.80095
push,-0.09551474,-0.2183962,-0.3123498,0.8246155,0.5645802,-0.02913763,-0.02023555,-0.0706563,-0.1530352,0.6714076,15.90095
push,0.1175048,-0.1824979,0.09746633,0.8178228,0.5742186,-0.03785716,0.0023752,0.1811515,-0.143519,1.079132,16.00096
push,0.02308278,0.06879855,0.2315304,-0.8159071,-0.5729149,-0.007324968,-0.07752717,0.09916777,-0.06470785,1.209184,16.10095
push,-0.1265681,0.1986196,0.4168147,-0.8156167,-0.5652255,-0.04863189,-0.1136858,-0.07748853,-0.04128282,1.384132,16.20095
push,0.1016443,0.02623548,0.4585646,-0.8229399,-0.5615088,-0.02450525,-0.08292994,0.1547997,-0.1388837,1.450256,16.30096
push,0.06947742,-0.05080101,0.3249295,-0.8236238,-0.5629147,-0.003495991,-0.06898294,0.1425994,-0.1703593,1.33216,16.40095
push,-0.01340095,0.007556865,-0.01004063,-0.8240494,-0.5609026,-0.008951072,-0.07906154,0.06207983,-0.1357111,0.9978798,16.50095
push,-0.06402116,0.05384522,-0.1392203,-0.8218258,-0.5596127,-0.02005322,-0.1050416,0.02230785,-0.1452274,0.8578228,16.60096
push,-0.06627241,0.08962094,-0.2987996,-0.8219041,-0.5567489,-0.02664468,-0.11745,0.02181927,-0.1359554,0.6845834,16.70095
push,-0.03285262,0.02895829,-0.4860311,-0.8266118,-0.5538401,-0.01222251,-0.09911899,0.05695604,-0.148887,0.4964597,16.78548
push,-0.01111078,-0.1023055,-0.3321659,-0.8276756,-0.5583959,0.01770899,-0.05323124,0.07696418,-0.170115,0.6538392,16.88549
push,-0.01801613,-0.2087519,-0.1629742,0.8245535,0.5645973,-0.03655028,0.002323538,0.04402443,-0.1718235,0.8207349,16.9855
push,0.03169006,-0.1136821,0.07784602,0.8195972,0.5719228,-0.02550282,0.02267669,0.09843647,-0.1215596,1.060831,17.08551
push,-0.0121045,0.09312095,0.1819255,-0.8162191,-0.5707091,-0.01426162,-0.08873621,0.06500815,-0.06617201,1.154528,17.18553
push,-0.007755377,0.1632441,0.4084665,-0.8189284,-0.5607799,-0.03407485,-0.1171367,0.0674479,-0.05787561,1.37608,17.28551
push,0.07188988,-0.02313286,0.4328311,-0.8250855,-0.5596656,0.002027716,-0.0774873,0.1626075,-0.1496199,1.427808,17.38553
push,0.09265733,-0.06303118,0.2770234,-0.8239584,-0.5624593,0.01348565,-0.06745563,0.1923762,-0.1605988,1.283847,17.48553
push,0.02057785,0.08149505,0.102893,-0.8233289,-0.558416,-0.009440251,-0.1010543,0.1199072,-0.09911176,1.102556,17.58553
push,-0.0879432,0.1234612,-0.1574661,-0.8233112,-0.5543001,-0.03158272,-0.1179518,-0.007703575,-0.1100906,0.8309841,17.68552
push,-0.08065864,0.04016095,-0.2723441,-0.8266971,-0.5524249,-0.04015936,-0.09892325,-0.03722798,-0.1703593,0.7170362,17.78552
push,0.08383346,0.009777468,-0.5177737,-0.8307948,-0.5534276,-0.01354317,-0.05757093,0.1250326,-0.1008186,0.4747431,17.88552
push,0.0003669338,-0.2011452,-0.3101291,0.8262621,0.5614765,-0.04438889,0.008042259,0.08184367,-0.1649912,0.6748229,17.9854
push,-0.1230066,-0.1840502,-0.2468929,0.8252131,0.5634543,-0.03560072,-0.01658373,-0.08358791,-0.1176557,0.7338717,18.0852
push,0.04489555,-0.02961632,0.2037529,-0.8218998,-0.5678283,0.01725041,-0.04188322,0.1196645,-0.07812803,1.184539,18.1853
push,0.06526275,0.1732608,0.2698167,-0.8180859,-0.5637794,-0.03062699,-0.1093173,0.1377199,-0.03811177,1.234803,18.28535
push,-0.04287118,0.1679643,0.5121042,-0.8217494,-0.5551108,-0.04179409,-0.1217907,0.02352772,-0.07812803,1.477096,18.3854
push,0.07106238,-0.03197021,0.5527847,-0.8253557,-0.557332,-0.01345175,-0.0893758,0.1491873,-0.1959798,1.545416,18.48538
push,0.03220232,-0.06537484,0.1693556,-0.8270845,-0.5584103,0.0005176552,-0.06410024,0.106,-0.1727991,1.17966,18.58536
push,-0.0096255,0.01731833,-0.07175773,-0.82645,-0.556887,-0.01748101,-0.08094249,0.05280784,-0.1388837,0.9334629,18.68536
push,-0.03099253,0.08117826,-0.2334891,-0.8238098,-0.5554524,-0.03644062,-0.1071547,0.0288958,-0.139128,0.7555883,18.78549
push,-0.02629173,0.08182425,-0.3541909,-0.8256135,-0.5518233,-0.03949106,-0.1108782,0.03133555,-0.1466916,0.6260232,18.88557
push,-0.01323494,-0.004170979,-0.3957005,-0.8311011,-0.5501873,-0.007539034,-0.08067178,0.06281113,-0.146203,0.588691,18.98567
push,-0.07129743,-0.1612752,-0.2802353,0.8334683,0.5514584,-0.02525384,0.02421803,-0.003312646,-0.1735319,0.7050802,19.08576
push,0.006499909,-0.2052445,-0.0260407,0.8271232,0.5598439,-0.04799559,-0.01177152,0.0715961,-0.1332714,0.9522512,19.18585
push,0.05243513,-0.05397483,0.3763385,-0.8228619,-0.5657997,0.01287253,-0.05102102,0.1303991,-0.1225352,1.358756,19.28594
push,0.02208268,0.2289317,0.1839196,-0.8179024,-0.5592757,-0.04573032,-0.1271023,0.0889202,-0.02810692,1.139888,19.38545
push,-0.03524158,0.1237333,0.5166535,-0.8239115,-0.5510464,-0.03665328,-0.127178,0.04451144,-0.1261949,1.481487,19.48528
push,-0.04793455,-0.07272563,0.3822874,-0.8311324,-0.5521205,-0.00397349,-0.06607658,0.01913524,-0.188172,1.384132,19.58547
push,0.06997968,-0.1124457,0.1762898,-0.8290408,-0.5570172,0.01091415,-0.04800103,0.1428437,-0.1810955,1.189419,19.6852
push,0.01997827,0.09251559,-0.1064071,-0.8255236,-0.5560831,-0.02180355,-0.09384543,0.0896515,-0.09008406,0.8936909,19.7853
push,-0.05083852,0.1597446,-0.3113711,-0.8242617,-0.5509366,-0.04551154,-0.1224348,0.009863252,-0.09569486,0.6677479,19.88522
push,-0.0055098,0.06973561,-0.3431058,-0.8290429,-0.5471696,-0.02414022,-0.112741,0.07818405,-0.1444961,0.6343196,19.98515
push,-0.007114084,-0.03967199,-0.3532458,-0.833627,-0.5472146,0.0153963,-0.07338367,0.09819219,-0.1444961,0.6291958,20.08525
push,-0.0685616,-0.1986564,-0.212671,0.8344108,0.5497165,-0.03824109,0.01038765,0.005715054,-0.1742632,0.7714482,20.18555
push,-0.002789174,-0.1779444,-0.07155497,0.8296808,0.5562609,-0.04630272,-0.007722452,0.06427529,-0.1147274,0.9068668,20.28564
push,0.07700368,0.03868609,0.1785156,-0.825346,-0.5603812,0.01031125,-0.06834178,0.1694397,-0.06129095,1.156479,20.38599
push,-0.05037903,0.199273,0.3010092,-0.8204323,-0.5563083,-0.03959123,-0.1258745,0.02425903,-0.0498235,1.260424,20.48621
push,-0.01155756,0.1042387,0.553122,-0.8220607,-0.5534173,-0.04007489,-0.1278254,0.06427529,-0.1510841,1.520284,20.58533
push,0.07044595,-0.01201689,0.2884485,-0.8292013,-0.5519025,-0.002137944,-0.08845434,0.1657801,-0.1630401,1.2858,20.68546
push,-0.008437552,-0.07983882,0.05809793,-0.83008,-0.5533489,0.01736122,-0.0668634,0.09623945,-0.1732876,1.066443,20.78556
push,-0.05867358,0.01805183,-0.1093268,-0.8294815,-0.5516428,-0.005032506,-0.08732367,0.03084853,-0.1349798,0.8924711,20.88566
push,-0.0326703,0.1028483,-0.2574437,-0.8274249,-0.5479345,-0.03484913,-0.1179888,0.05256356,-0.1274147,0.7028831,20.98577
push,0.04018356,0.08507714,-0.4457824,-0.8303794,-0.5452526,-0.01792079,-0.1133511,0.1340602,-0.1227795,0.5281796,21.0859
push,0.001732395,-0.05885274,-0.2843956,-0.8341042,-0.5461613,0.01487627,-0.07587332,0.1084398,-0.1681639,0.6945883,21.186
push,-0.099635,-0.1645278,-0.2322547,0.8357202,0.548036,-0.03146248,0.0154345,-0.0311286,-0.1559636,0.7509515,21.28533
push,0.002941543,-0.1155514,0.06268646,0.8298298,0.5565277,-0.03351296,0.02316071,0.08306355,-0.1166801,1.043751,21.38536
push,0.03204552,0.07806183,0.1547172,-0.826374,-0.5570908,0.001910474,-0.0821715,0.1257638,-0.05421599,1.13086,21.4854
push,-0.02208904,0.1764649,0.2426588,-0.823616,-0.5533931,-0.0367274,-0.1185909,0.04817107,-0.05787561,1.205036,21.58544
push,0.003448805,-0.00390886,0.4403264,-0.8279015,-0.5527904,-0.01581736,-0.09355055,0.08086809,-0.176703,1.424635,21.68548
push,0.07510743,-0.08688073,0.2766809,-0.8303954,-0.5536559,0.01513392,-0.06065944,0.1684642,-0.1718235,1.280188,21.78552
push,0.02307048,-0.04400938,0.1427469,-0.828222,-0.5553209,0.01448873,-0.07387164,0.1308876,-0.1520596,1.14794,21.88555
push,-0.07478981,0.08931524,-0.04394274,-0.8266485,-0.5524094,-0.02158408,-0.1050254,0.006936485,-0.1115548,0.9498114,21.98559
push,-0.04768346,0.1400097,-0.2557018,-0.8262208,-0.5492837,-0.04839724,-0.1153442,-0.000384323,-0.1066753,0.7245997,22.08561
push,0.05799946,0.08526976,-0.3201917,-0.8300604,-0.5459802,-0.0294912,-0.1097066,0.1328404,-0.1293675,0.6257789,22.18564
push,0.002171195,-0.09378134,-0.3500059,-0.8361433,-0.5449336,0.01785871,-0.05994164,0.09672802,-0.1740189,0.6355395,22.28568
push,-0.1223491,-0.2469746,-0.2327277,0.8357973,0.547444,-0.04153904,-0.004739622,-0.05894456,-0.1942714,0.7507072,22.38571
push,-0.03409886,-0.1912566,0.03443269,0.8305323,0.555298,-0.0421902,-0.008959448,0.02499188,-0.1305873,1.013495,22.48574
push,0.09004355,-0.03582699,0.2963077,-0.8246251,-0.5621083,0.009993786,-0.06267162,0.1757834,-0.1266834,1.274575,22.58577
push,0.003840689,0.2425432,0.3489777,-0.8235192,-0.5517039,-0.04101203,-0.1255273,0.07428014,-0.007611773,1.307028,22.6858
push,-0.04703261,0.08064984,0.4674998,-0.8275373,-0.5493132,-0.04042023,-0.1086428,0.005472323,-0.1437632,1.441471,22.78583
push,0.05960876,-0.06801707,0.2213295,-0.8315513,-0.5527279,-0.001246758,-0.05488966,0.1189316,-0.1618186,1.227484,22.88586
push,0.0002350477,-0.07797772,0.09402239,-0.8290865,-0.5567421,-0.002199885,-0.05146776,0.05476058,-0.1671867,1.104751,22.98589
push,-0.02181488,0.0252961,-0.05361685,-0.8267901,-0.5555433,-0.02493932,-0.0846627,0.03182412,-0.1449831,0.9459075,23.08593
push,-0.01991063,0.09710488,-0.2223417,-0.8253977,-0.5515562,-0.0402145,-0.1135216,0.03963194,-0.1374196,0.7602235,23.18595
push,0.01741607,0.09167746,-0.2922691,-0.8287516,-0.5466292,-0.03092288,-0.1158062,0.0930684,-0.1349798,0.682875,23.286
push,-0.03100392,0.02654017,-0.425347,-0.8318346,-0.5480801,-0.01485653,-0.08624835,0.03841207,-0.1322958,0.5535558,23.38543
push,-0.04797876,-0.1616275,-0.1504639,-0.8323059,-0.5534524,0.01364416,-0.0277706,0.004739465,-0.1923202,0.8339108,23.48566
push,0.03739724,-0.166686,0.01183767,0.8301178,0.5564947,-0.03117796,0.0156832,0.1055114,-0.158159,0.9934873,23.58587
push,0.03731606,0.008489604,0.1401785,-0.827486,-0.5580047,0.009201733,-0.06174815,0.1203958,-0.08227468,1.11988,23.6852
push,-0.04979936,0.13639,0.1457672,-0.8246309,-0.5543578,-0.02573834,-0.1095847,0.02865151,-0.0712958,1.113048,23.78552
push,0.002300601,0.09278222,0.39226,-0.8275918,-0.5489807,-0.01668012,-0.1159038,0.1018518,-0.1171672,1.36388,23.88585
push,0.0403141,-0.0621836,0.3757997,-0.8317247,-0.5488824,0.008403219,-0.08301444,0.1462606,-0.1920759,1.369735,23.98618
push,-0.01903274,-0.07474726,0.1484999,-0.8318728,-0.5513887,0.004526064,-0.0627504,0.05890722,-0.1757274,1.156235,24.08555
push,0.01791787,0.04352321,0.06236914,-0.8296707,-0.5500174,-0.007076815,-0.09527432,0.112588,-0.1252193,1.061075,24.18562
push,-0.05617017,0.1418988,-0.205577,-0.8289497,-0.5456199,-0.03598626,-0.1176696,0.01352443,-0.09569486,0.7775476,24.28594
push,-0.01829327,0.07785022,-0.3341766,-0.8291647,-0.5465596,-0.03476231,-0.1120265,0.0469512,-0.1474229,0.6448115,24.38524
push,0.0681573,0.01952237,-0.380575,-0.8337635,-0.5459408,-3.856421E-05,-0.08238412,0.157728,-0.1174114,0.6023555,24.48512
push,0.003219404,-0.1766562,-0.2621337,0.8330601,0.5513195,-0.0352512,0.02854733,0.09233554,-0.1852437,0.7216714,24.58528
push,-0.07118496,-0.1920033,-0.1031263,0.830228,0.555922,-0.04069673,-0.003979005,-0.009167736,-0.1410792,0.8756355,24.68509
push,0.03821408,-0.02417163,0.1631912,-0.827008,-0.5600005,0.0138641,-0.04759087,0.1133193,-0.08642288,1.143548,24.78514
push,-0.02592874,0.2427724,0.1900542,-0.8243412,-0.5546139,-0.03095048,-0.1091195,0.04353586,0.03020903,1.156723,24.88511
push,-0.09025238,0.1010663,0.3424168,-0.8288268,-0.5493111,-0.04025442,-0.09840197,-0.04893972,-0.105944,1.318251,24.98537
push,0.1058031,-0.1180132,0.3043029,-0.8311752,-0.5537564,-0.0005451012,-0.05001265,0.1606563,-0.2023235,1.306051,25.08527
push,0.1389042,-0.1559657,0.1844797,-0.8296428,-0.5555965,0.02918928,-0.04640422,0.2402003,-0.2011036,1.191372,25.18515
push,-0.05604402,0.01908842,0.04587126,-0.8281971,-0.5530916,0.004056886,-0.09034739,0.05231927,-0.1283919,1.045215,25.28533
push,-0.1746628,0.168053,-0.1368178,-0.8256199,-0.5470266,-0.04241399,-0.1315855,-0.09969214,-0.09935605,0.8385476,25.38546
push,-0.007763449,0.1071599,-0.2702289,-0.8284339,-0.5447507,-0.03848803,-0.1243492,0.06451958,-0.1427877,0.703616,25.48576
push,0.09360286,0.02608044,-0.3743413,-0.8333637,-0.544431,0.00568901,-0.09522307,0.206772,-0.1264391,0.6074792,25.58601
push,-0.03432935,-0.1561112,-0.2731556,-0.8348119,-0.5474191,0.03935321,-0.04327469,0.07769547,-0.1849994,0.710691,25.68528
push,-0.1508391,-0.218404,-0.3113859,0.8349348,0.5482792,-0.04546508,-0.01437677,-0.09164003,-0.145716,0.6682349,25.78548
push,0.05316449,-0.1663516,0.07869226,0.8287708,0.5569196,-0.04722939,0.02736228,0.2162883,-0.1069196,1.065468,25.88559
push,0.07919802,0.1502252,0.1892837,-0.8268037,-0.5531077,0.001239896,-0.1023035,0.1931075,-0.01566388,1.157212,25.98572
push,-0.1404419,0.1824727,0.3121193,-0.825773,-0.550683,-0.03395703,-0.1170218,-0.06797227,-0.04713947,1.277992,26.08584
push,0.09293284,0.007544794,0.4423665,-0.8315901,-0.5483021,-0.009441227,-0.08794121,0.1740765,-0.1498642,1.431712,26.18597
push,0.08266328,-0.07722287,0.2375253,-0.8316122,-0.5515268,0.01632627,-0.0630293,0.1806645,-0.1652355,1.242611,26.28518
push,-0.09251714,-0.02456618,0.09907714,-0.8295678,-0.5534501,-0.008502081,-0.07374252,-0.0238078,-0.1586476,1.105484,26.3855
push,-0.1024975,0.09891763,-0.1886242,-0.8258573,-0.5525545,-0.04272397,-0.1040084,-0.0574804,-0.1232681,0.8002397,26.4857
push,0.06742869,0.08818885,-0.2944863,-0.827761,-0.5468568,-0.02901941,-0.1221358,0.1535798,-0.1474229,0.6809238,26.5859
push,0.02900594,0.02840596,-0.4931344,-0.8334611,-0.5438908,0.009663403,-0.09711824,0.1504072,-0.1225352,0.4849922,26.6861
push,-0.07276545,-0.1747775,-0.2578854,-0.8342034,-0.5484735,0.0332022,-0.04668088,0.03255542,-0.2157437,0.7236241,26.78542
push,-0.1016983,-0.192033,-0.2118675,0.8345628,0.5486393,-0.0499621,0.001917858,-0.01770842,-0.1413235,0.7655916,26.8852
push,0.06876115,-0.08696099,0.1265587,0.8287246,0.5559924,-0.04994689,0.03991631,0.1938404,-0.09740331,1.102067,26.98543
push,-0.03319144,0.06401316,0.2918748,-0.8243912,-0.5561193,-0.001836617,-0.1053898,0.0798925,-0.1100906,1.260179,27.08497
push,0.036024,-0.09069688,0.01202312,-0.8150805,-0.5704459,-0.01805993,-0.09954441,0.1201515,-0.273571,0.9915361,27.18562
push,0.05774866,0.08122737,0.8327876,-0.8272963,-0.5538594,-0.01072961,-0.09330408,0.1440635,-0.08642288,1.823331,27.28583
push,-0.04803177,-0.03724117,0.2472007,-0.8262513,-0.557702,-0.001399733,-0.07921623,0.03938766,-0.1718235,1.250419,27.38602
push,-0.01572613,0.02236965,0.01921887,-0.8265337,-0.5547013,-0.01205554,-0.0948853,0.07110753,-0.1508398,1.018132,27.48623
push,-0.01084512,0.06827229,-0.1662754,-0.8273858,-0.5493925,-0.02175699,-0.1145736,0.08037952,-0.1484,0.8209792,27.58547
push,-0.01427176,0.0569884,-0.3357653,-0.8301895,-0.5446926,-0.02586214,-0.1158728,0.06964336,-0.1652355,0.6433473,27.68527
push,0.004703015,0.05768421,-0.5141368,-0.8352354,-0.5433902,0.001501124,-0.08430187,0.09819219,-0.08056778,0.4649841,27.78533
push,-0.03777231,-0.2066867,-0.1196296,0.8332018,0.5509357,-0.0366521,0.03001974,0.05524759,-0.2162307,0.8639238,27.88538
push,-0.04821464,-0.1883412,-0.08820941,0.8313191,0.5542414,-0.04152856,0.0005856603,0.02035511,-0.1440075,0.8922283,27.98544
push,0.07574172,-0.02089817,0.314236,-0.8267031,-0.5592124,0.02645431,-0.05606887,0.1809072,-0.08325183,1.294583,28.08549
push,0.01061453,0.1526974,0.1029299,-0.8220758,-0.5574939,-0.02671575,-0.1125968,0.09160423,-0.06055965,1.06864,28.18554
push,-0.02278215,0.1460832,0.3537287,-0.8253514,-0.5501201,-0.02628705,-0.1243863,0.07037622,-0.08740002,1.318251,28.28559
push,-0.04748635,-0.1037029,0.3120361,-0.8316222,-0.5522603,-0.00101511,-0.05841195,0.0157199,-0.2025678,1.311176,28.38565
push,0.04551309,-0.1503771,0.1884546,-0.8295971,-0.5561839,0.0121188,-0.04776333,0.1196645,-0.2169635,1.196007,28.48571
push,0.02398025,0.03180783,0.10922,-0.8261346,-0.5553117,-0.00814832,-0.09520595,0.1177117,-0.1371753,1.10646,28.58577
push,-0.1044134,0.1560797,-0.1801193,-0.8256612,-0.5470605,-0.03940204,-0.1321206,-0.0238078,-0.1088708,0.7953603,28.68582
push,-0.06356955,0.117151,-0.3940797,-0.8283941,-0.5448288,-0.0451253,-0.1220189,-0.005019538,-0.1357111,0.5779548,28.78587
push,0.04513788,0.03424042,-0.4564415,-0.8331128,-0.5468098,-0.01123612,-0.08243692,0.1162476,-0.1147274,0.5252513,28.88593
push,0.07463223,-0.2424143,-0.1527881,0.8288145,0.5576653,-0.03726454,0.026216,0.1645602,-0.2442909,0.8312283,28.98539
push,-0.08942066,-0.2041534,0.0258745,0.8278343,0.559853,-0.03542427,-0.0002018642,-0.03185991,-0.164747,1.008616,29.08513
push,-0.01775394,-0.01792993,0.2748423,-0.8250849,-0.5620049,-0.0005745515,-0.05818072,0.04597561,-0.1135075,1.257007,29.18533
push,0.04192377,0.1989259,0.1786365,-0.8231393,-0.5542574,-0.03082285,-0.119542,0.1230798,-0.03030394,1.140864,29.28566
push,0.006598993,0.07479031,0.3424805,-0.8290052,-0.5487435,-0.02917974,-0.1038243,0.07208312,-0.1291232,1.318008,29.3858
push,0.005429206,-0.1077372,0.3489584,-0.8328354,-0.5499765,0.003106626,-0.06246042,0.0798925,-0.2091557,1.348995,29.48593
push,-0.000891877,-0.1270595,0.1942277,-0.8316879,-0.5517693,0.01351745,-0.06052323,0.0896515,-0.2140352,1.200644,29.58607
push,-0.07352962,0.07703982,-0.01981792,-0.8297585,-0.5478598,-0.01965722,-0.1047089,0.009863252,-0.1213154,0.9727479,29.6854
push,-0.06337117,0.1068951,-0.2619562,-0.8300477,-0.5440714,-0.03973683,-0.1158802,-0.002579787,-0.1313186,0.7187431,29.78597
push,0.01129518,0.04270868,-0.3122494,-0.8338935,-0.5424148,-0.0211711,-0.09979707,0.08452772,-0.1474229,0.6706762,29.88523
push,0.01710741,-0.07027732,-0.3772859,-0.8358498,-0.5463337,0.006711891,-0.05319232,0.08599187,-0.1513268,0.6104076,29.98529
push,-0.02774589,-0.1972373,-0.2093473,0.8330989,0.55197,-0.03366957,0.01190132,0.04060753,-0.1801199,0.7753521,30.08529
push,-0.01524629,-0.1114612,-0.03692282,0.8294779,0.5574411,-0.03140055,0.01548453,0.05305213,-0.1022828,0.945419,30.18526
push,0.05219653,0.072818,0.1262828,-0.8251891,-0.5587726,-0.0001416616,-0.0826814,0.1433322,-0.0622681,1.10158,30.28532
push,-0.02289203,0.1881397,0.2834073,-0.8249804,-0.5521783,-0.02077626,-0.1186377,0.07330455,-0.0293268,1.248956,30.38539
push,-0.0821269,0.02468243,0.3395874,-0.8276103,-0.5530175,-0.02095498,-0.09377553,-0.01307165,-0.1537681,1.321424,30.48547
push,0.09429974,-0.1169353,0.2798856,-0.8292794,-0.5562178,0.0112836,-0.05282196,0.1723681,-0.1925629,1.281652,30.58554
push,0.05395955,-0.1299139,0.2162611,-0.8278784,-0.557977,0.0190765,-0.05399288,0.1469919,-0.1989081,1.222603,30.68562
push,-0.08712677,0.05926718,0.1010015,-0.8264853,-0.5544989,-0.01704455,-0.09572041,-0.007947861,-0.1205841,1.097188,30.7857
push,-0.05978976,0.2046839,-0.2056566,-0.8262756,-0.5464315,-0.05687089,-0.1242857,-0.01746413,-0.06592773,0.7680313,30.88577
push,0.07635697,0.07237525,-0.266846,-0.8294557,-0.5471534,-0.02871469,-0.108636,0.1479675,-0.1403479,0.712888,30.98584
push,0.02637467,-0.06762784,-0.4342623,-0.8339487,-0.5484974,0.0120379,-0.05945778,0.1113681,-0.1532795,0.5547757,31.08593
push,-0.06622885,-0.2445118,-0.2705323,0.8344103,0.5499892,-0.03526067,-0.005287264,-0.01380451,-0.197444,0.715572,31.18582
push,-0.07787853,-0.2179103,0.03053705,0.8296888,0.556124,-0.04576012,-0.01576622,-0.02039246,-0.1420548,1.010323,31.28497
push,0.02525906,-0.003294461,0.134645,-0.8257295,-0.562278,0.00273082,-0.04479533,0.07940392,-0.07324698,1.117196,31.38509
push,0.07281999,0.1974372,0.3529447,-0.8204799,-0.5551679,-0.03266825,-0.1324163,0.1655358,-0.05421599,1.308492,31.48494
push,-0.06496199,0.08122362,0.2429789,-0.8257806,-0.5506408,-0.03037865,-0.1181443,0.01474431,-0.1466916,1.210404,31.58556
push,-0.02292775,-0.1292824,0.2698628,-0.831579,-0.5528184,-0.0005211364,-0.05355257,0.03572803,-0.2194033,1.269451,31.68594
push,0.09484243,-0.1901822,0.1701362,-0.829594,-0.5569587,0.02136268,-0.03338273,0.1682199,-0.2220873,1.17722,31.78519
push,0.01606726,-0.005638848,0.1235332,-0.8280153,-0.5552034,-0.0007585399,-0.07835281,0.1030717,-0.1381509,1.125735,31.88527
push,-0.1059127,0.1340507,0.06599493,-0.8284917,-0.5450663,-0.04237673,-0.1212776,-0.04284034,-0.1174114,1.049852,31.98543
push,0.04184132,0.08885942,0.1412926,-0.8352433,-0.5340827,-0.04189088,-0.1239732,0.1055114,-0.1679196,1.125979,32.08556
push,0.09182874,0.03563741,-0.03780378,-0.8406453,-0.5331669,-0.03213487,-0.08953097,0.1343045,-0.1537681,0.9685997,32.18569
push,-0.02114882,0.2589571,-0.8209355,-0.8422619,-0.534241,-0.05807579,-0.04252792,-0.07407164,0.1239045,0.1787709,32.28583
push,0.08695818,-0.9233656,-0.4259209,-0.8484391,-0.5291595,0.003615804,-0.01132075,0.1050244,-0.9387158,0.5711241,32.38597
push,-0.253994,0.1757777,0.003077112,-0.8591594,-0.5080957,-0.001619093,-0.06067362,-0.1955846,0.07071231,0.9878749,32.48553
push,0.06004594,-0.1138979,0.002855096,-0.863123,-0.4895421,0.00289651,-0.1239307,0.185544,-0.3235922,0.9656714,32.58496
push,0.09806801,-0.2040825,0.1718545,-0.8608014,-0.4776327,-0.003371187,-0.1757172,0.2689919,-0.5270873,1.105484,32.68522
push,-0.1393773,0.1684909,-0.0008236881,-0.847954,-0.4520193,0.05955478,-0.2703809,0.2077476,-0.2381915,0.850015,32.78514
push,0.2451668,-0.3651603,-0.08678566,-0.8328265,-0.4331445,0.07779448,-0.3357584,0.6674445,-0.8591719,0.6789711,32.88541
push,0.1678248,0.03409062,-0.1317484,-0.800618,-0.4188709,0.07022707,-0.4226418,0.6371872,-0.5875987,0.5049988,32.98572
push,-0.1541698,0.02398785,-0.09932021,-0.7684581,-0.4129859,0.08006884,-0.4821863,0.368544,-0.6527469,0.424235,33.08604
push,-0.05485894,0.08846119,-0.05003035,-0.7378677,-0.4373781,0.05542333,-0.5110575,0.4751725,-0.6188316,0.4225281,33.18592
push,-0.03736068,-0.05661713,-0.06836087,-0.7091939,-0.4664209,0.01754221,-0.5283822,0.4805391,-0.7898755,0.3727513,33.2849
push,-0.1639164,0.03504219,-0.7637073,-0.7012947,-0.4885858,-0.0527717,-0.5164154,0.2653322,-0.7383918,-0.3041037,33.38534
push,0.3244738,-0.607225,0.2521588,-0.6808844,-0.5367572,-0.08305539,-0.4913145,0.7416204,-1.370595,0.7590036,33.48524
push,0.1113613,-0.02313095,-0.05323369,-0.6957667,-0.5545877,-0.1208996,-0.4401413,0.4344234,-0.7769439,0.5357431,33.58521
push,0.04475896,-0.3639248,0.1523263,-0.7064964,-0.5477403,-0.1370752,-0.4266777,0.3224283,-1.127815,0.7592479,33.68531
push,0.07025743,-0.04643189,0.08620485,-0.7021598,-0.4979856,-0.2040212,-0.466216,0.2516677,-0.921636,0.5779548,33.78534
push,-0.001922593,-0.007224435,0.03366069,-0.6961704,-0.4436266,-0.259192,-0.5013597,0.08379641,-0.95482,0.4042268,33.88536
push,-0.03790222,-0.02313902,0.09643434,-0.6341675,-0.3779027,-0.3767915,-0.559508,-0.09407977,-1.038511,0.1882871,33.98533
push,0.02616261,0.2219964,0.05930142,-0.6120377,-0.3369925,-0.4543712,-0.5526236,-0.1599608,-0.773527,0.03530014,34.0853
push,0.04760397,0.2184504,0.09331845,-0.5858795,-0.3219579,-0.5066507,-0.5444202,-0.1975358,-0.7537631,-0.01374383,34.18531
push,-0.0006721276,0.1647136,0.1199357,-0.559846,-0.3164553,-0.551802,-0.530983,-0.283425,-0.782312,-0.05351581,34.28533
push,-0.004248558,0.07130494,0.02732471,-0.5466506,-0.3145655,-0.5838606,-0.511203,-0.3207556,-0.8542908,-0.1769799,34.38533
push,-0.2050608,0.1629263,0.2791649,-0.8432431,-0.5226947,0.04699474,-0.1162877,-0.00306836,0.0150804,1.253347,43.25609
push,0.02255206,-0.1898402,-0.2783974,-0.8383373,-0.5376657,0.03651419,-0.08229691,0.1728551,-0.288944,0.7092268,43.37228
push,-0.07487587,-0.06916288,-0.3252196,-0.8299574,-0.5526638,0.03455034,-0.06737795,0.05646747,-0.1425434,0.6596958,43.47268
push,0.138574,0.04758301,-0.4427266,-0.8276869,-0.5575087,0.02491799,-0.05913951,0.2445912,-0.02176326,0.5381829,43.55632
push,-0.0854769,0.03136333,-0.1183879,-0.8255734,-0.5627379,0.02056753,-0.03649104,-0.01160749,-0.005172023,0.8627039,43.67232
push,0.1604572,-0.01373912,0.01731408,0.8252462,0.5631703,-0.03568037,0.0231267,0.2438599,-0.01175997,0.9956843,43.77245
push,0.01361152,0.04448206,0.2056793,-0.8221266,-0.5648193,0.04090901,-0.05842599,0.1450391,-0.00468345,1.181855,43.87259
push,-0.1377647,-0.006239097,0.3108161,-0.8185419,-0.5686707,0.01374346,-0.08008684,-0.02698041,-0.1259521,1.290191,43.97271
push,0.1794667,0.1713489,0.3714944,-0.822464,-0.5615032,0.003682874,-0.09084825,0.2875358,0.02606083,1.354852,44.05616
push,0.03671864,-0.02037423,0.3101302,-0.8236529,-0.5603104,0.001312952,-0.08744374,0.1379642,-0.1645027,1.305564,44.17212
push,-0.01818501,0.04858481,0.21733,-0.8237717,-0.5573112,-0.00695423,-0.1037107,0.08770032,-0.1330271,1.212111,44.27276
push,0.01505217,0.08739147,0.09292,-0.8247076,-0.5531085,-0.01184806,-0.1174225,0.1274723,-0.1232681,1.083279,44.3565
push,-0.02394423,0.04640232,-0.01994006,-0.8274871,-0.5508384,-0.01455865,-0.1078437,0.07257169,-0.1518154,0.9749433,44.47245
push,-0.04320323,-0.008012337,-0.2700425,-0.8270712,-0.5547179,-0.02279786,-0.08787192,0.01742835,-0.1810955,0.727528,44.55622
push,0.07116845,-0.03096624,-0.4224055,-0.8226458,-0.5629606,0.004573382,-0.07942548,0.1684642,-0.1569391,0.5684401,44.67244
push,0.0122701,-0.0765323,-0.4070075,-0.8212339,-0.5667571,0.02761156,-0.05999127,0.1247883,-0.1432747,0.5769792,44.77261
push,-0.0303069,-0.1531479,-0.2438206,-0.8198609,-0.5708264,0.03014188,-0.03281631,0.05549188,-0.1723121,0.7397283,44.85614
push,0.04671696,-0.1060771,0.05086366,-0.8169137,-0.574361,0.03118041,-0.04229886,0.1447964,-0.1388837,1.03082,44.95638
push,-0.0252947,0.2419319,0.3503449,-0.8183056,-0.5662977,0.01307603,-0.09752893,0.1055114,0.09828398,1.323132,45.07204
push,-0.06220993,0.0782762,0.2038732,-0.8246277,-0.5601956,0.01142426,-0.07771372,0.04329157,-0.03664761,1.187712,45.17205
push,0.09154969,-0.04574713,0.3220745,-0.8256549,-0.5601245,0.02502419,-0.06267729,0.2035994,-0.1215596,1.31752,45.27207
push,0.0725231,0.04274404,0.3263121,-0.8254113,-0.5580379,0.01467313,-0.08411043,0.1921319,-0.08129909,1.324352,45.37202
push,-0.03604088,0.07534339,0.1422031,-0.8251467,-0.555407,-0.005455784,-0.1030833,0.07135181,-0.1039913,1.138424,45.47237
push,-0.0654961,0.1037577,-0.005330633,-0.8251808,-0.5528267,-0.02948604,-0.1122043,0.01132741,-0.1181427,0.9861681,45.57261
push,0.03482116,0.06139416,-0.1768252,-0.8258962,-0.5522147,-0.03291154,-0.108955,0.1018518,-0.1584033,0.8129271,45.65612
push,0.02557915,-0.01837261,-0.3970843,-0.8294134,-0.5504342,0.005068511,-0.09523675,0.1394283,-0.1715792,0.5899109,45.77211
push,-0.1065702,-0.1023878,-0.3322664,-0.8316237,-0.5524546,0.01123046,-0.0554071,-0.02698041,-0.1818268,0.6574988,45.87242
push,-0.07820991,-0.1608579,-0.2461872,0.8291407,0.5588107,-0.0154225,0.004282626,-0.04820842,-0.1508398,0.7414352,45.97271
push,0.1155239,-0.115603,-0.07581169,0.8245164,0.5648519,-0.03028681,0.01405926,0.1804202,-0.1047241,0.9078439,46.05629
push,0.03453229,0.05740579,0.2915775,-0.8222049,-0.5623844,0.003781073,-0.0876845,0.1384512,-0.08129909,1.2675,46.17233
push,-0.08272455,0.2299283,0.2212586,-0.8217546,-0.5566434,-0.02358726,-0.1196295,0.01108313,0.008492448,1.185272,46.27209
push,-0.02062303,-0.04643871,0.4186633,-0.8290271,-0.5510716,0.005502671,-0.09488881,0.0930684,-0.1976867,1.400479,46.37233
push,0.07332667,-0.1869561,0.3799784,-0.8291231,-0.5553458,0.02272726,-0.06024398,0.178956,-0.2623479,1.381448,46.47201
push,0.04685053,-0.03070612,0.2470956,-0.8256097,-0.5576328,0.004367739,-0.08599618,0.1518714,-0.1703593,1.250419,46.57236
push,-0.04555246,0.1717362,0.02146772,-0.8248541,-0.5514286,-0.01475473,-0.123792,0.06891207,-0.05323884,1.01008,46.67207
push,-0.07184818,0.07860161,-0.2231203,-0.8249936,-0.5497175,-0.01986045,-0.1296222,0.03963194,-0.160843,0.7577838,46.77272
push,-0.03986118,0.06396551,-0.2933227,-0.8287029,-0.545542,-0.01163772,-0.1244987,0.07793976,-0.1574277,0.6858034,46.85638
push,0.02771314,-0.02416895,-0.3486778,-0.8337375,-0.5443603,0.02529295,-0.08895984,0.1667557,-0.1449831,0.6343196,46.9726
push,-0.0586063,-0.2281343,-0.1810809,0.8291025,0.5561445,-0.04837788,0.0308507,0.05476058,-0.2255027,0.802191,47.07211
push,0.006163159,-0.1510204,-0.1040352,0.8264183,0.5603404,-0.05107605,0.02103782,0.112588,-0.1288789,0.8753912,47.17244
push,0.07353421,-0.006574432,0.1727049,-0.8220389,-0.5635799,0.0270655,-0.07679353,0.2028681,-0.1010629,1.146476,47.27275
push,-0.02793887,0.1767681,-0.03489647,-0.8192542,-0.5593351,-0.004752312,-0.1262705,0.1042916,-0.033475,0.9241909,47.35634
push,-0.03000115,0.1851547,0.2412229,-0.8207253,-0.5528569,-0.01774693,-0.1429833,0.09843647,-0.06812319,1.195764,47.47246
push,0.1265878,-0.1023384,0.03997144,-0.8261025,-0.5538185,0.003336903,-0.1040602,0.2477638,-0.2711313,1.021548,47.57228
push,0.0567328,0.008735324,0.3100097,-0.8279377,-0.5500274,0.0123258,-0.1087981,0.1987199,-0.1601118,1.29922,47.67241
push,0.01170653,0.03851037,0.1218815,-0.8295864,-0.5468272,0.00113472,-0.1129826,0.1394283,-0.1510841,1.114023,47.77238
push,-0.02036098,0.0926498,-0.07348981,-0.8305528,-0.5429415,-0.01471722,-0.1232069,0.09087138,-0.1318072,0.9124792,47.87252
push,-0.03553238,0.04825551,-0.194107,-0.8311183,-0.5416463,-0.01527994,-0.1250128,0.07598703,-0.1791427,0.7873082,47.97263
push,-0.03600519,0.002174629,-0.177397,-0.8336418,-0.5402382,-0.01535656,-0.1137899,0.06232411,-0.2062274,0.8060949,48.05606
push,-0.01042243,0.01653525,-0.4647754,-0.8370562,-0.5415875,0.003525577,-0.07750865,0.07964821,-0.1425434,0.5625834,48.15617
push,-0.001071366,-0.1299545,-0.2360704,-0.8351643,-0.5476221,0.02938979,-0.04179541,0.09282411,-0.1671867,0.7485118,48.25628
push,0.01485376,-0.112134,-0.03088539,0.8296934,0.5559517,-0.03882309,0.03192639,0.1133193,-0.1218039,0.9495671,48.37215
push,0.001583424,0.02169527,0.1703732,-0.8256675,-0.5581508,0.01384664,-0.08092624,0.1135635,-0.09520785,1.146232,48.47256
push,-0.03613819,0.1279637,0.1964059,-0.8224633,-0.5558009,-0.01705451,-0.1197854,0.06817921,-0.08642288,1.159896,48.55618
push,0.07264425,0.1772648,0.1825643,-0.8272393,-0.5456939,-0.02236053,-0.1318838,0.1792003,-0.06446356,1.143303,48.67259
push,0.07322966,0.003246554,0.2770859,-0.8330333,-0.5461996,0.006390747,-0.08764008,0.1799316,-0.1361997,1.264572,48.77234
push,0.0227193,-0.1304644,0.2542966,-0.8318895,-0.5509356,0.02778325,-0.06048169,0.1369886,-0.2013479,1.25774,48.87218
push,-0.01562492,0.005598867,0.1502555,-0.8287107,-0.5514719,0.003991149,-0.09540086,0.09819219,-0.1508398,1.149404,48.9721
push,-0.03993515,0.1610444,-0.03952604,-0.82789,-0.5425388,-0.02697948,-0.1397208,0.06891207,-0.1042355,0.9371241,49.07214
push,-0.02297366,0.1467945,-0.2494701,-0.8311375,-0.5362635,-0.0335037,-0.1432113,0.07623132,-0.1308316,0.719963,49.17215
push,0.01193189,0.04838597,-0.2814271,-0.8362007,-0.5341551,-0.01356961,-0.1235414,0.1218599,-0.1740189,0.6933669,49.27245
push,-0.03579575,-0.08472398,-0.3305075,-0.8402982,-0.5370113,0.02077797,-0.07131568,0.07550001,-0.1820711,0.6565232,49.37259
push,-0.07668942,-0.2348875,-0.2712567,0.8384704,0.542771,-0.04763396,0.009900209,0.01303586,-0.200128,0.7141079,49.45603
push,0.01424637,-0.2013739,-0.1118912,0.8332274,0.5500404,-0.05640867,0.002419913,0.1094153,-0.1442518,0.8663635,49.55617
push,0.05248819,-0.008529196,0.2195169,-0.8294164,-0.5535972,0.01780424,-0.07267345,0.1611433,-0.1081395,1.196251,49.67226
push,-0.05971345,0.1889049,0.1568036,-0.8236769,-0.5503756,-0.03428138,-0.1321659,0.02865151,-0.06470785,1.112559,49.77211
push,0.03571753,0.2192137,0.3385141,-0.8296889,-0.5397818,-0.0375074,-0.1372775,0.1213714,-0.04811506,1.294583,49.87258
push,0.01739578,-0.04491458,0.299178,-0.8364283,-0.5413231,-0.003158495,-0.08571406,0.1052672,-0.1923202,1.288484,49.97232
push,0.04460756,-0.1253638,0.2576864,-0.8359561,-0.5457551,0.02018296,-0.05404905,0.1384512,-0.1945157,1.262864,50.07226
push,0.01165119,-0.0002800734,0.1038162,-0.8317325,-0.5481417,0.0006987788,-0.08809702,0.1111238,-0.1486427,1.105728,50.1723
push,-0.0474557,0.1663048,-0.03669555,-0.8287109,-0.5420975,-0.03515112,-0.1346588,0.04182741,-0.09959877,0.941515,50.27234
push,-0.03325818,0.1628427,-0.1869584,-0.8287599,-0.5372044,-0.04900641,-0.1488849,0.04646418,-0.1403479,0.7758391,50.37237
push,0.002956762,0.02589651,-0.1944908,-0.8332269,-0.5374009,-0.03054686,-0.1264919,0.08867591,-0.2196476,0.779256,50.4724
push,0.0188705,-0.01408248,-0.4478892,-0.8398388,-0.5379174,-0.001270633,-0.0728967,0.09501957,-0.1376639,0.539647,50.57244
push,-0.0110729,-0.2428721,-0.2639828,0.8352289,0.5477369,-0.04726544,0.01195356,0.08013523,-0.2113512,0.72216,50.67247
push,-0.01414478,-0.2162672,-0.1186575,0.8315665,0.5521654,-0.05866562,-0.01298955,0.06769219,-0.1313186,0.8575801,50.7725
push,0.04655187,-0.02487818,0.2049241,-0.8278351,-0.5576771,0.02229869,-0.05646268,0.1450391,-0.09252381,1.183564,50.87253
push,-0.0372,0.1780041,0.2331142,-0.8176497,-0.5546862,-0.04135336,-0.1485331,0.0591515,-0.1083837,1.177707,50.97256
push,0.02995518,0.2656512,0.2994177,-0.8197762,-0.5438777,-0.05259792,-0.1714569,0.1296678,-0.07080723,1.229924,51.07259
push,0.02537721,-0.1710164,0.1570231,-0.8317556,-0.5442606,-0.01293197,-0.1086079,0.1223485,-0.3662909,1.13574,51.17262
push,0.02382147,-0.04940466,0.2437408,-0.8317795,-0.5474979,-0.003698476,-0.09151574,0.1189316,-0.2074473,1.237976,51.25597
push,0.04902726,-0.02059508,0.1774037,-0.8322072,-0.5458319,0.002366371,-0.09743274,0.1611433,-0.1828039,1.174536,51.35601
push,-0.04304235,0.0418083,-0.003192545,-0.8314278,-0.54404,-0.01832326,-0.1114117,0.0493925,-0.1671867,0.9893391,51.45604
push,-0.02910509,0.08876506,-0.1886105,-0.8305544,-0.5407494,-0.03225451,-0.1293408,0.0584202,-0.1645027,0.7895036,51.55605
push,0.01460066,0.0414542,-0.1900085,-0.8332995,-0.5372561,-0.02249656,-0.1283037,0.1157606,-0.1984196,0.783647,51.65609
push,-0.01917603,-0.009454933,-0.3840812,-0.8366457,-0.5388533,-0.01398651,-0.09729074,0.06232411,-0.1874391,0.5972317,51.75611
push,-0.07213783,-0.1332235,-0.303706,-0.838011,-0.5426951,0.01916439,-0.0534068,0.01718406,-0.2013479,0.6814108,51.85614
push,-0.02856571,-0.1550249,-0.2211655,0.8371653,0.5453033,-0.03314426,0.02645819,0.05451629,-0.1630401,0.7602235,51.95617
push,0.07022554,-0.08854065,0.04379366,-0.8333775,-0.549868,0.03341118,-0.04484156,0.1735879,-0.1259521,1.022036,52.05619
push,0.001456613,0.06680036,0.1059882,-0.8316028,-0.5473429,-0.002935298,-0.09404171,0.09843647,-0.09105965,1.077424,52.15622
push,-0.04624603,0.1654133,0.1734324,-0.8267087,-0.5446869,-0.0306862,-0.1375765,0.05231927,-0.09398797,1.128176,52.25625
push,0.0001860227,-0.0225179,0.1633288,-0.8327923,-0.5370709,-0.01841065,-0.1329388,0.112588,-0.2642991,1.129639,52.37232
push,0.008763539,0.01661275,0.7455627,-0.833035,-0.5375605,-0.01731939,-0.1295429,0.1201515,-0.2198919,1.719875,52.45619
push,0.07573308,-0.02094953,0.2211543,-0.8355836,-0.5384747,0.009704269,-0.1084011,0.2109202,-0.1945157,1.21382,52.55617
push,-0.03284269,-0.01291306,-0.04036568,-0.8365173,-0.5376268,0.0004895367,-0.1058118,0.08379641,-0.1925629,0.9546909,52.67236
push,-0.06377059,0.03319813,-0.2066188,-0.8368832,-0.5344597,-0.01680532,-0.1170341,0.03450816,-0.1835352,0.7785232,52.77235
push,-0.006451122,0.06697786,-0.4184177,-0.8377437,-0.5331407,-0.02628458,-0.1151329,0.07281598,-0.155475,0.560388,52.87236
push,0.0588817,0.03103775,-0.3304002,-0.8385195,-0.5344848,-0.005936019,-0.105715,0.1616319,-0.1520596,0.6443229,52.97236
push,-0.01618797,-0.09985393,-0.1701265,-0.839003,-0.5393611,0.01430806,-0.07041899,0.08281927,-0.2015922,0.8100003,53.07238
push,-0.1087817,-0.1394518,-0.1061494,-0.8379093,-0.5438582,0.02177154,-0.04064789,-0.02917587,-0.1832909,0.8761241,53.17236
push,0.05567643,-0.03046533,0.1148029,-0.834028,-0.5478193,0.01362175,-0.06407563,0.1474804,-0.1213154,1.094259,53.27235
push,0.1128737,0.09405271,0.2634529,-0.8318232,-0.5439298,-0.000898391,-0.1104972,0.230684,-0.0893512,1.231632,53.37236
push,-0.02192467,0.1061227,0.3565666,-0.8319697,-0.5400959,-0.01632082,-0.1259229,0.08672318,-0.1205841,1.322399,53.47236
push,-0.06150979,-0.01655817,0.3577527,-0.8352029,-0.5408264,-0.002292216,-0.0996867,0.04304728,-0.1864635,1.34314,53.57236
push,0.04395529,-0.08167325,0.1648018,-0.8365883,-0.5423454,0.01604094,-0.07565826,0.1540684,-0.1920759,1.1638,53.67237
push,0.04245258,-0.06298605,0.08996347,-0.8344777,-0.5437505,0.01486549,-0.08809792,0.1648045,-0.1957355,1.08816,53.77236
push,-0.08669544,0.03462675,-0.05258476,-0.8313977,-0.5417197,-0.01026368,-0.1233377,0.03157983,-0.1847551,0.9310232,53.87235
push,-0.0733827,0.1254157,-0.1482094,-0.830241,-0.5362185,-0.03286407,-0.1486256,0.03255542,-0.1596232,0.8156111,53.97236
push,0.04250142,0.09521278,-0.225458,-0.8331855,-0.5333248,-0.0246295,-0.1440835,0.1555326,-0.1720678,0.7350916,54.07236
push,0.02256687,-0.008809512,-0.3004411,-0.8372681,-0.5366515,0.01146363,-0.1041914,0.1530912,-0.1703593,0.6738473,54.17236
push,-0.045435,-0.1572369,-0.1876135,-0.838676,-0.5411474,0.03388334,-0.05132189,0.06598374,-0.2062274,0.7963359,54.27237
push,0.003434145,-0.1333906,-0.1034552,0.835235,0.5466079,-0.04548175,0.03916232,0.1206401,-0.148887,0.8761241,54.37236
push,0.05072379,0.03037468,0.08238077,-0.8310379,-0.5492921,0.02107617,-0.08491135,0.1774919,-0.08618014,1.05522,54.47236
push,-0.0432433,0.1082123,0.20706,-0.8252991,-0.5511229,-0.008258283,-0.1227868,0.07745119,-0.1017958,1.168679,54.57236
push,-0.00689,0.09332669,0.3067804,-0.8266895,-0.5475279,-0.004689477,-0.1295213,0.1267394,-0.1252193,1.26994,54.67236
push,0.08661593,-0.01603942,0.3509051,-0.8341846,-0.5416028,0.02414542,-0.1010919,0.2370277,-0.1591362,1.33338,54.77236
push,0.03166045,-0.1305547,0.2538942,-0.8331069,-0.5459458,0.03640875,-0.08093481,0.1823714,-0.2267241,1.249199,54.87236
push,-0.04927218,-0.005319693,0.1309212,-0.832269,-0.5451789,0.01293253,-0.09970452,0.08306355,-0.1596232,1.126468,54.97236
push,-0.005072185,0.1244548,-0.0473714,-0.8312308,-0.5389752,-0.02043191,-0.1346983,0.1079512,-0.1254636,0.9310232,55.07236
push,0.001305064,0.07002681,-0.1960988,-0.8341291,-0.5347425,-0.020575,-0.1336256,0.1111238,-0.1776801,0.7782789,55.17237
push,-0.03634093,0.007559089,-0.3134941,-0.8382907,-0.5347787,-0.01432667,-0.1052379,0.05256356,-0.1849994,0.6679922,55.27238
push,-0.02990791,-0.04262447,-0.4157601,-0.8411418,-0.5367581,0.002004914,-0.06608427,0.04402443,-0.1510841,0.5703913,55.37238
push,0.002068155,-0.1545725,-0.1910764,-0.8371855,-0.5449533,0.02638594,-0.03807923,0.08672318,-0.1891476,0.7926762,55.47238
push,0.02160347,-0.08511578,-0.0329449,-0.8349435,-0.5476084,0.0290318,-0.04638468,0.1194202,-0.1300988,0.9463961,55.57236
push,0.00322251,0.05878904,0.192366,-0.8335549,-0.5437975,0.01190785,-0.09658559,0.1267394,-0.08764275,1.16258,55.67236
push,-0.01652819,0.101242,0.17866,-0.8306453,-0.5418859,-0.002046123,-0.1279995,0.117956,-0.1122877,1.139888,55.77236
push,0.0514888,0.07897825,0.3268069,-0.8360376,-0.5339944,0.0008849055,-0.1260569,0.1877394,-0.1310759,1.296048,55.87237
push,0.05976487,-0.07547383,0.2791841,-0.8377757,-0.5380509,0.02216989,-0.09023042,0.1953045,-0.2040319,1.271404,55.97238
push,0.01831348,-0.1007475,0.1453732,-0.8361381,-0.5421857,0.02206224,-0.08013076,0.1440635,-0.2125711,1.147207,56.07239
push,-0.01778464,0.06548122,0.005098017,-0.8342988,-0.5396749,-0.01054386,-0.1121839,0.08745603,-0.136444,0.9961714,56.17239
push,-0.0324024,0.1537381,-0.1828074,-0.8333196,-0.5335495,-0.03004971,-0.1414229,0.0674479,-0.1237551,0.7860883,56.27239
push,-0.02218495,0.0946238,-0.3235796,-0.8373188,-0.5301362,-0.03206839,-0.129709,0.06207983,-0.1579147,0.6457871,56.37239
push,-0.01005025,-0.00269753,-0.3642554,-0.8428684,-0.5312107,0.004097361,-0.08585568,0.08770032,-0.1425434,0.6172398,56.47239
push,-0.02277957,-0.2030703,-0.235514,0.8415202,0.538029,-0.04146738,0.02547663,0.07330455,-0.2013479,0.7482675,56.57239
push,-0.008214539,-0.1732422,-0.04579648,0.8372997,0.5438207,-0.05412599,0.01608077,0.09819219,-0.1418121,0.9320003,56.67239
push,0.01014354,-0.02106348,0.2115166,-0.8344634,-0.5470678,0.01892817,-0.06347831,0.1099039,-0.1052111,1.190152,56.7724
push,0.005096042,0.1158283,0.2142285,-0.8281672,-0.5443422,-0.03126451,-0.1298202,0.1384512,-0.09081536,1.180635,56.8724
push,0.05995673,0.1622726,0.3692051,-0.8352983,-0.5294808,-0.02537483,-0.1458866,0.1718795,-0.1078952,1.323864,56.97241
push,-0.05847315,-0.0979989,0.3434067,-0.841262,-0.5340675,0.001273267,-0.08395515,0.03401959,-0.2389228,1.336552,57.07244
push,0.01722091,-0.2098315,0.1989549,-0.8387824,-0.5411095,0.02759426,-0.05369562,0.1230798,-0.270887,1.205523,57.17236
push,0.03195503,-0.01905128,0.06441037,-0.8366473,-0.5403862,0.009583198,-0.08895105,0.1460163,-0.1598675,1.064979,57.27233
push,-0.06462868,0.202324,-0.1419004,-0.8346705,-0.5318023,-0.03713479,-0.1383196,0.02181927,-0.07227139,0.8319597,57.37228
push,-0.05042557,0.1638573,-0.0802033,-0.8361724,-0.5267995,-0.05235286,-0.1433776,0.01376716,-0.134247,0.8834434,57.47223
push,0.08551996,0.03566664,-0.3693972,-0.8431974,-0.5281752,-0.01826144,-0.09856744,0.1589479,-0.1501069,0.6118717,57.57238
push,0.04877077,-0.1588961,-0.2646987,-0.8419102,-0.5360221,0.03125228,-0.05376622,0.1582166,-0.2154994,0.7202072,57.67247
push,-0.1115631,-0.2326872,-0.165752,0.8424612,0.537151,-0.0409777,0.006988628,-0.0360081,-0.2008593,0.8178082,57.77237
push,-0.07061486,-0.1553675,0.07294697,0.8379014,0.5447066,-0.03208038,0.01366758,-0.00306836,-0.143519,1.054487,57.87236
push,0.07425463,0.02847278,0.1925849,-0.8335296,-0.5476469,-0.01318739,-0.07167528,0.1301563,-0.1039913,1.171119,57.97235
push,0.08498759,0.1523121,0.3964863,-0.8279033,-0.5408067,-0.04201135,-0.1426164,0.1691955,-0.127659,1.3468,58.07235
push,-0.02266534,-0.09300076,0.04181409,-0.8329827,-0.5364612,-0.03657528,-0.130428,0.05646747,-0.349944,1.006663,58.17234
push,-0.03729668,-0.03237393,0.6117843,-0.8281463,-0.542823,-0.03916006,-0.1341024,0.04402443,-0.2989472,1.579819,58.27234
push,0.06020126,0.01166433,0.1641598,-0.8344209,-0.5392771,-0.02025079,-0.1118566,0.1482117,-0.1996394,1.151355,58.37215
push,0.06735265,-0.0959185,0.03873153,-0.8380792,-0.5377704,0.01076087,-0.09116138,0.1852997,-0.2394114,1.037652,58.47232
push,-0.04101225,-0.04624423,-0.1034848,-0.8408946,-0.5329111,0.006738666,-0.09410964,0.07232741,-0.1996394,0.8936909,58.5724
push,-0.07392448,0.02670427,-0.2314753,-0.8392919,-0.5303888,-0.01386205,-0.1186791,0.0296271,-0.1891476,0.7487561,58.67234
push,0.01941977,0.111062,-0.3837611,-0.8380677,-0.5297478,-0.01770589,-0.129214,0.1267394,-0.124488,0.5830802,58.77232
push,0.01266185,0.02061033,-0.2386696,-0.8382353,-0.5323994,0.00368521,-0.117894,0.1433322,-0.1715792,0.7258196,58.87234
push,-0.06814488,-0.06921272,-0.1475306,-0.8400859,-0.5359107,0.008007795,-0.08361416,0.0337753,-0.1996394,0.8273228,58.95607
push,-0.04468143,-0.08982614,-0.05232997,-0.8393835,-0.539664,0.02406672,-0.06015662,0.0591515,-0.1637714,0.9251681,59.05642
push,0.04256177,-0.00200357,0.1335861,-0.8370693,-0.5409102,0.02081023,-0.07936022,0.1621205,-0.1113121,1.110852,59.17253
push,0.02655055,0.03552725,0.1839543,-0.8348188,-0.5413237,0.01322729,-0.09935392,0.1552883,-0.1149717,1.156968,59.27225
push,-0.09056134,-0.05305835,0.2359789,-0.8355414,-0.5385905,0.01168368,-0.107955,0.0452443,-0.2208675,1.212355,59.37223
push,0.1745996,0.03428908,0.3732612,-0.8369973,-0.534915,0.02142896,-0.1133232,0.3326759,-0.1335157,1.352655,59.45588
push,-0.003458615,0.009998377,0.259198,-0.837913,-0.5333033,0.02136721,-0.1141612,0.1565081,-0.1610873,1.247004,59.57208
push,-0.09860136,0.01237904,-0.04302842,-0.8378909,-0.5346956,0.009849232,-0.1092819,0.03694791,-0.1630401,0.9488358,59.67203
push,-0.02371829,0.03038158,-0.1562405,-0.8375184,-0.5326418,0.005129784,-0.1217754,0.1164919,-0.1708479,0.8273228,59.77251
push,0.01789241,0.05761312,-0.3069124,-0.8392122,-0.5290061,-0.003935147,-0.1259362,0.1455277,-0.1596232,0.6689678,59.87256
push,-0.01329177,0.03104481,-0.3925694,-0.8413414,-0.5285481,0.003567841,-0.1129995,0.1120994,-0.1552307,0.5813717,59.9561
push,-0.05119354,-0.1002592,-0.1685314,-0.8413937,-0.5335904,0.01845249,-0.08365038,0.06817921,-0.2203789,0.8090232,60.05635
push,-0.03907994,-0.1102925,-0.1427664,-0.8407631,-0.5382409,0.03130426,-0.04933765,0.06525244,-0.1588919,0.8370834,60.17228
push,0.04914922,-0.03523497,0.05937537,-0.8367807,-0.5423121,0.03101561,-0.06880145,0.1740765,-0.115703,1.035456,60.27238
push,-0.01445875,0.06826171,0.1586963,-0.8341969,-0.542044,0.002915762,-0.1014651,0.09941206,-0.09642772,1.129639,60.37249
push,-0.05837045,0.09297178,0.2224798,-0.833029,-0.540772,-0.0112457,-0.1161976,0.04792834,-0.1115548,1.189419,60.45591
push,0.06686285,0.0633405,0.3804821,-0.8369513,-0.5344881,-0.009282894,-0.1172559,0.1767606,-0.1430319,1.353632,60.55602
push,0.2440683,-0.04289773,0.2989972,-0.838727,-0.5365463,0.02618355,-0.08927206,0.3851352,-0.1657241,1.291168,60.65613
push,-0.09289447,-0.06291387,0.1944533,-0.8370949,-0.53947,0.01185668,-0.09002058,0.02596747,-0.2030548,1.193811,60.75623
push,-0.1461579,0.08312593,-0.03167212,-0.834363,-0.5377092,-0.02120667,-0.1194048,-0.05162375,-0.1425434,0.9546909,60.85584
push,-0.006603436,0.09432493,-0.2111518,-0.833779,-0.5326973,-0.01636906,-0.1441467,0.1211271,-0.1664554,0.7577838,60.97217
push,0.004351398,0.06105241,-0.3614164,-0.8396013,-0.5288613,-0.001541987,-0.1239876,0.1335717,-0.1498642,0.6128473,61.07206
push,0.002291314,-0.05720237,-0.2437567,-0.8426269,-0.5323969,0.01312093,-0.07975745,0.1089283,-0.1771916,0.7394841,61.15619
push,-0.03903734,-0.1950794,-0.1868489,0.8393758,0.541833,-0.03562286,0.02441896,0.04621989,-0.197444,0.7978,61.27247
push,0.06471484,-0.1348538,-0.05069727,0.8348228,0.547834,-0.04452587,0.0310826,0.1713925,-0.1379081,0.9276078,61.37236
push,0.03224675,0.01939095,0.2379628,-0.8334544,-0.5456654,0.01294222,-0.08622997,0.1465033,-0.108628,1.210647,61.47244
push,-0.05836237,0.1289085,0.1460793,-0.8301263,-0.543317,-0.02246185,-0.123258,0.03743648,-0.09813617,1.106215,61.55584
push,0.1209861,-0.06640606,0.7763382,-0.8297344,-0.5406278,-0.02734374,-0.1360682,0.2228762,-0.322128,1.739152,61.65591
push,0.009600854,-0.03435691,0.5674813,-0.8345059,-0.5367811,-0.0116211,-0.1238178,0.1240554,-0.2552713,1.54444,61.75599
push,0.02175732,0.001170717,0.1323725,-0.8379245,-0.5362638,0.01053761,-0.1009587,0.1494316,-0.1588919,1.125248,61.85604
push,-0.0250209,-0.03469031,-0.05201897,-0.8379496,-0.5372195,0.01235685,-0.09530503,0.09989908,-0.1832909,0.9439548,61.95611
push,-0.05863054,0.00905702,-0.09700255,-0.8364451,-0.5365431,-0.009302936,-0.1113307,0.04670846,-0.1898789,0.8914955,62.05618
push,0.031958,0.07003865,-0.2044076,-0.8345023,-0.5342732,-0.03202606,-0.1308906,0.1191759,-0.1849994,0.7682756,62.15625
push,0.004924053,0.08678237,-0.4252163,-0.8352793,-0.5340071,-0.02618288,-0.1282935,0.09819219,-0.155475,0.5403799,62.27245
push,-0.04290878,-0.00926073,-0.2609041,-0.8376732,-0.5366934,-0.008455772,-0.1009563,0.05036809,-0.1857307,0.7089841,62.37228
push,-0.03709228,-0.1006633,-0.115826,-0.8385011,-0.541405,0.01980821,-0.05834532,0.05793163,-0.1759717,0.8624597,62.47232
push,0.1204923,-0.07269148,0.1513264,-0.8354039,-0.5439786,0.04352862,-0.06552026,0.2626482,-0.1340027,1.126223,62.57234
push,0.02274494,0.0167096,0.1934176,-0.8335644,-0.5428307,0.03496403,-0.09634683,0.1843241,-0.1049668,1.164531,62.67237
push,-0.1331048,0.09548774,0.1481843,-0.8318241,-0.5427001,-8.596107E-05,-0.1163847,-0.007460845,-0.09740331,1.116951,62.7724
push,0.06421991,0.0101575,-0.03555882,-0.823254,-0.5600024,0.009017557,-0.09256789,0.1828599,-0.1322958,0.948103,62.87241
push,-0.06506789,0.02561966,0.6311829,-0.8326275,-0.5452845,-0.001941938,-0.09691483,0.03816778,-0.139128,1.619836,62.97245
push,0.003682722,-0.09357817,0.2710861,-0.8328472,-0.5464336,0.0127638,-0.0872519,0.1218599,-0.2267241,1.26872,63.0558
push,0.1144819,-0.02459712,0.03814308,-0.8340842,-0.5432494,0.002261605,-0.09580474,0.2240961,-0.1845108,1.035699,63.15581
push,0.056263,0.0561598,0.02506443,-0.8337523,-0.5373862,-0.009287655,-0.1264383,0.1787117,-0.1684081,1.009347,63.25584
push,-0.03158137,0.1071672,0.09283685,-0.8382116,-0.5260536,-0.03584273,-0.139227,0.05646747,-0.1691394,1.06986,63.35587
push,-0.0196532,0.1229903,-0.05835972,-0.8384283,-0.5262008,-0.04263358,-0.1354,0.05280784,-0.1544994,0.9210199,63.45589
push,0.01507263,0.2637182,-0.4797461,-0.8418981,-0.528469,-0.06166208,-0.09014432,0.006447912,0.04484909,0.5049988,63.55591
push,-0.03477707,-0.9863746,-0.4670543,-0.8517956,-0.5228938,-0.00912418,-0.03070742,-0.01819544,-1.048271,0.5315949,63.65594
push,-0.1133383,0.1212431,0.04940398,-0.8574693,-0.5086734,-0.006335214,-0.07718515,-0.04601295,-0.01688376,1.032528,63.75597
push,0.03751024,-0.1020209,-0.2099542,-0.8663407,-0.4788547,0.01585289,-0.1410697,0.1989641,-0.3296915,0.7431437,63.85599
push,0.02792153,0.2876579,-0.1200855,-0.8640965,-0.4681747,-0.01769479,-0.1839471,0.1699283,-0.04762804,0.8139042,63.95601
push,0.2195845,0.04649197,0.2254136,-0.8696657,-0.4290966,0.03172362,-0.2419736,0.4829804,-0.3479912,1.108168,64.05604
push,0.1205715,-0.2033626,-0.09477645,-0.8637434,-0.405169,0.04103288,-0.2968193,0.432228,-0.6832469,0.7263082,64.15607
push,-0.06290165,-0.07379497,-0.1930193,-0.8479357,-0.4024699,0.02194569,-0.3442982,0.2521563,-0.6412795,0.5706356,64.25609
push,-0.00691723,-0.01954421,-0.01844716,-0.8262668,-0.4226313,-0.03800972,-0.3704336,0.2441042,-0.6656801,0.7063,64.35611
push,0.1565528,0.1588821,-0.04231117,-0.8014234,-0.4392589,-0.1008157,-0.3932028,0.3404837,-0.5602713,0.628463,64.45612
push,0.1248814,0.1266608,-0.3413731,-0.7841697,-0.4585866,-0.1693019,-0.3822474,0.2099446,-0.6281036,0.3090672,64.55614
push,-0.2373302,0.04558647,-0.003153354,-0.7774718,-0.4668443,-0.1671728,-0.3868425,-0.1360488,-0.7122827,0.6418831,64.65617
push,0.1391623,0.1419354,0.1252722,-0.7708145,-0.4703678,-0.1847552,-0.3878977,0.2192166,-0.6295677,0.755831,64.77229
push,-0.006297803,0.07580061,-0.0415363,-0.7489494,-0.4175618,-0.2417838,-0.4541557,0.05695604,-0.7420514,0.4427789,64.87227
push,0.02759344,0.002204995,-0.1465117,-0.7127885,-0.379621,-0.2798488,-0.5191388,0.02279642,-0.9509162,0.1580314,64.97215
push,-0.03182218,0.05699786,-0.01732784,-0.6714184,-0.351169,-0.3136675,-0.5722677,-0.05113674,-0.9335921,0.1311911,65.07217
push,-0.002416369,0.03613949,0.1029597,-0.637799,-0.3088208,-0.3392504,-0.6186689,-0.05308792,-0.9633592,0.107279,65.17216
push,-0.07300121,0.05840426,-0.02891717,-0.6085112,-0.2915437,-0.3613046,-0.6435646,-0.1375129,-0.9362761,-0.1184197,65.2721
push,-0.01436079,0.03019347,0.1184866,-0.5825818,-0.281236,-0.3759348,-0.6634589,-0.07919542,-0.9540872,-0.04448811,65.37237
push,-0.04192327,-0.05135409,-0.009513793,-0.5842319,-0.2867495,-0.3782206,-0.658329,-0.1062801,-1.037048,-0.1623399,65.47221
push,-0.005894864,-0.09713977,0.007587668,-0.5950513,-0.2897343,-0.3802067,-0.6460733,-0.08407649,-1.087312,-0.1164685,65.57208
push,-0.01223804,0.04658642,-0.02911696,-0.6069573,-0.2743434,-0.3885277,-0.6366984,-0.1345846,-0.9399357,-0.1418447,65.6722
push,-0.04153465,0.03689705,-0.01724855,-0.6083572,-0.2647832,-0.3914117,-0.6376427,-0.179969,-0.9453038,-0.136721,65.77213
push,0.05722843,-0.01487219,0.01071801,-0.6057483,-0.2591148,-0.3933797,-0.6412339,-0.0870048,-0.9953234,-0.1211037,65.87227
push,-0.004962502,0.04372841,-0.004716222,-0.6098068,-0.2625153,-0.3970055,-0.6337254,-0.1562996,-0.9367631,-0.1230565,65.97236
push,0.06716084,-0.06357443,0.04304563,-0.7799254,-0.4202744,-0.2045082,-0.4162476,0.09819219,-0.888939,0.6157756,81.54165
push,-0.02154109,0.02550555,-0.05511995,-0.7922016,-0.4276998,-0.1895422,-0.3918715,0.01352443,-0.7613267,0.5689271,81.64169
push,-0.07297346,-0.03235057,-0.004185979,-0.8022423,-0.4325621,-0.1742556,-0.3727362,-0.02990873,-0.7845074,0.6601828,81.74174
push,0.1823037,0.02117598,-0.06404836,-0.7968273,-0.4529258,-0.1605021,-0.3662834,0.2587443,-0.71204,0.6199238,81.84177
push,-0.06934213,-0.02290855,-0.0357045,-0.8092831,-0.4708038,-0.1241373,-0.3286252,0.03963194,-0.6744635,0.7206958,81.94182
push,-0.003965263,-0.135869,0.0007978202,-0.8202779,-0.4851549,-0.09725192,-0.2868988,0.1155163,-0.7039879,0.8217121,82.04186
push,0.09297132,0.02905207,-0.1165548,-0.825886,-0.5039558,-0.07475241,-0.2415636,0.2138485,-0.4487632,0.761932,82.15816
push,0.09503783,-0.276098,0.0909022,-0.837781,-0.5160266,-0.04412669,-0.1728941,0.2004283,-0.6141948,1.035212,82.24186
push,-0.04845246,0.302471,-0.1034222,-0.8392285,-0.5346972,-0.0364169,-0.09202288,-0.01087618,0.107556,0.8846632,82.35809
push,-0.02463134,0.1877142,0.01147581,-0.8395963,-0.5398355,-0.02517758,-0.05497123,-0.007460845,0.06754126,1.009836,82.4575
push,0.1172466,0.2013724,-0.03352012,-0.8522058,-0.5217393,0.01460276,-0.03633265,0.1804202,0.1544045,0.969331,82.55785
push,-0.1957859,-0.04658197,0.05138268,0.862704,0.4889487,-0.1030226,0.07782754,0.05964008,-0.0803235,1.023987,82.65777
push,0.1741584,-0.02774029,-0.2104322,0.8595511,0.4907212,-0.1298445,0.05920301,0.4563843,-0.001999413,0.7519271,82.75793
push,0.03499663,-0.3952049,-0.1027435,0.8425049,0.5263441,-0.112319,0.02306436,0.2480081,-0.3160271,0.868559,82.8415
push,0.1599566,-0.04959983,-0.2918628,0.839619,0.5422204,-0.03216582,-0.001511431,0.2118958,-0.01249127,0.6977593,82.94173
push,-0.1592304,0.1285175,-0.2446193,-0.8414846,-0.5395249,0.00195459,-0.02850874,-0.1255569,0.08315691,0.7426551,83.04195
push,-0.05456443,-0.05627094,-0.150573,-0.8381258,-0.5445656,-0.008479425,-0.03035659,-0.0360081,-0.1154587,0.8319597,83.15804
push,0.09624963,-0.02313352,-0.09440847,-0.8405477,-0.5413348,-0.001180552,-0.02084629,0.1164919,-0.0588512,0.8880801,83.24174
push,0.01431844,0.116776,0.1300291,-0.8422892,-0.5364441,-0.01202087,-0.05130339,0.04865965,0.01874002,1.111583,83.35809
push,-0.05072251,0.1574937,0.2773362,-0.8421121,-0.5349052,-0.00498857,-0.06854762,0.01376716,0.03752828,1.261155,83.45797
push,0.04645264,-0.02653782,0.2913293,-0.8484944,-0.5261893,0.02455647,-0.05078313,0.1416238,-0.08691145,1.285556,83.55795
push,0.04795418,-0.06104677,0.3433897,-0.847717,-0.5272631,0.02873736,-0.05043431,0.1506515,-0.1166801,1.34436,83.64144
push,0.05032144,0.03238637,0.2604111,-0.8468066,-0.5254748,0.01177813,-0.08158357,0.157728,-0.09545213,1.262864,83.74165
push,-0.002502852,0.09393114,0.1146196,-0.8466109,-0.5210232,-0.005289771,-0.1084289,0.1035603,-0.09886747,1.110119,83.84184
push,-0.03306945,0.05702639,-0.1236354,-0.8483143,-0.5177528,-0.01111164,-0.1103242,0.06403256,-0.1452274,0.8692918,83.95776
push,-0.003457776,0.02836815,-0.2586078,-0.850767,-0.5154787,0.007508427,-0.102082,0.1160033,-0.139615,0.7324076,84.05786
push,-0.01440902,0.01672556,-0.6180907,-0.8524609,-0.5172977,0.01328656,-0.07441051,0.08526057,-0.09642772,0.3708001,84.15783
push,-0.007571829,-0.1140771,-0.2928588,-0.8489386,-0.5248765,0.03975186,-0.04719715,0.1081955,-0.1520596,0.6887317,84.25785
push,-0.01667547,-0.1465402,-0.07184768,0.8469232,0.5296711,-0.04299323,0.01791677,0.07379156,-0.1315629,0.9093081,84.35786
push,0.05160235,-0.01453414,0.2152782,-0.8450547,-0.5315763,0.03243988,-0.04750555,0.1557753,-0.0598268,1.197715,84.45786
push,-0.004433384,0.1653961,0.1960266,-0.8456135,-0.5272383,0.002395596,-0.08337745,0.08696746,0.02776928,1.176,84.55787
push,0.04342292,0.07172392,0.4911761,-0.8476735,-0.5236652,0.0008449145,-0.08499165,0.1340602,-0.07178282,1.478803,84.65787
push,0.04396439,0.01977114,0.3317088,-0.849854,-0.5210671,0.009830888,-0.07836181,0.1435765,-0.1047241,1.331671,84.75787
push,0.02036687,0.04135155,0.2025517,-0.8502634,-0.5188656,0.005494796,-0.0883193,0.1233241,-0.105944,1.206012,84.85789
push,-0.02038578,0.08657209,-0.01641104,-0.8503987,-0.5157416,-0.005526494,-0.1039324,0.07940392,-0.09959877,0.9817756,84.95779
push,-0.01412864,0.03777838,-0.2736821,-0.8531899,-0.511942,-0.003743716,-0.09984098,0.08306355,-0.1388837,0.7202072,85.05771
push,-0.03104791,-0.01859272,-0.4578145,-0.8567317,-0.5095181,0.01061601,-0.07930505,0.06842349,-0.1442518,0.5340362,85.15768
push,-0.02454895,-0.06270138,-0.4431313,-0.857164,-0.5116603,0.02613062,-0.05282582,0.07379156,-0.1261949,0.5447708,85.2418
push,-0.05141462,-0.1442457,-0.1084872,0.8537326,0.519378,-0.03499263,0.01274768,0.0205994,-0.129856,0.8753912,85.35799
push,0.06157336,-0.09898762,0.115323,0.8505281,0.524218,-0.03759222,0.01960185,0.1447964,-0.09301083,1.096699,85.45789
push,0.04608084,0.04543869,0.1545719,-0.8510136,-0.5215711,0.01832364,-0.05834036,0.1372313,-0.03396357,1.137448,85.55793
push,0.0174027,0.1807281,0.4098233,-0.8523067,-0.5130079,0.002067678,-0.1019406,0.1252753,0.009468038,1.386816,85.65796
push,0.05510594,0.03637534,0.4702663,-0.8538619,-0.5110507,0.01179956,-0.09801887,0.1765163,-0.1203398,1.459528,85.75798
push,0.0724984,-0.01696195,0.3326002,-0.8565861,-0.508365,0.02372522,-0.08521959,0.2021352,-0.1410792,1.335088,85.85803
push,0.008700814,0.0146103,0.06597081,-0.8570186,-0.5068255,0.01663597,-0.09148806,0.1325961,-0.1283919,1.070103,85.94141
push,-0.06567737,0.06526605,-0.2519238,-0.8562003,-0.5058759,-0.005053822,-0.1048095,0.03353257,-0.1227795,0.7443635,86.04144
push,-0.03593682,0.03506393,-0.3499385,-0.8581831,-0.5053436,-0.01139269,-0.08955289,0.03572803,-0.1318072,0.6435916,86.14147
push,0.02912549,-0.02347331,-0.4995193,-0.8599151,-0.5068331,0.01363333,-0.05899489,0.1120994,-0.1108235,0.4898717,86.24152
push,-0.01015656,-0.1182604,-0.2071092,0.8567761,0.513312,-0.03538813,0.0345424,0.084772,-0.1408349,0.7758391,86.34155
push,-0.07558205,-0.1074864,-0.07731251,0.8546745,0.5182412,-0.02525884,0.01787788,-0.0147801,-0.1117991,0.9061355,86.44159
push,0.04184452,0.005359966,0.07648396,-0.8533285,-0.51931,0.01671243,-0.0432239,0.1142964,-0.05031208,1.059124,86.54163
push,0.04512566,0.09184683,0.1714788,-0.8527515,-0.5155585,-0.002768766,-0.08370596,0.1260081,-0.05250754,1.148916,86.64166
push,0.09968144,0.2579234,0.479335,-0.8557609,-0.495889,-0.02731159,-0.1449881,0.1970114,-0.01810363,1.438544,86.7417
push,0.1945658,-0.03177195,0.6915821,-0.8574057,-0.5038361,0.01074073,-0.1043514,0.3197443,-0.2020792,1.6823,86.84173
push,-0.03552433,0.02019132,0.2688703,-0.8553257,-0.5080732,0.006405342,-0.101186,0.0806238,-0.1498642,1.26872,86.94176
push,-0.0712348,0.07633182,-0.07608058,-0.8542352,-0.5064694,-0.008885022,-0.1170125,0.03426387,-0.136931,0.9166274,87.04182
push,-0.008534715,0.09778017,-0.3105289,-0.8554883,-0.5020319,-0.007263374,-0.1266922,0.1079512,-0.1296118,0.6716518,87.14185
push,-0.01959408,0.05800461,-0.4729559,-0.8589305,-0.5001054,0.004567459,-0.1100554,0.09892349,-0.1274147,0.5076829,87.24145
push,-0.0438827,-0.03983343,-0.4229241,-0.8625844,-0.5005846,0.01781197,-0.07103575,0.05720033,-0.1437632,0.5589238,87.34209
push,-0.06545008,-0.1677142,-0.1487236,0.8602136,0.5081821,-0.03698342,0.02038904,0.01767108,-0.1652355,0.8331795,87.44143
push,0.03317551,-0.1093735,0.01568411,0.8557955,0.5152481,-0.03632883,0.02852396,0.1233241,-0.1205841,0.995927,87.54167
push,0.05833594,0.06104015,0.2599417,-0.8524606,-0.5142279,0.003036097,-0.09418789,0.1594365,-0.09496356,1.233095,87.65793
push,0.007526767,0.1282338,0.4659593,-0.8517898,-0.5090564,-0.01887554,-0.1223087,0.09989908,-0.09935605,1.435372,87.75749
push,0.0406711,0.0555985,0.2527193,-0.8564615,-0.5048129,-0.009682614,-0.1074428,0.1335717,-0.1403479,1.240171,87.85751
push,0.07083787,-0.02612508,0.2083362,-0.8582999,-0.5052983,0.009534962,-0.08890433,0.1787117,-0.1713349,1.20772,87.94136
push,-0.03431588,-0.03646751,0.01820205,-0.8576179,-0.5067107,0.01326626,-0.08694658,0.07867107,-0.1747518,1.021548,88.04151
push,-0.05453021,0.07899551,-0.2911249,-0.8564433,-0.5046148,-0.01696206,-0.1076152,0.02621176,-0.1254636,0.6997121,88.14168
push,0.001928349,0.02680694,-0.288616,-0.8549573,-0.5045694,-0.003176033,-0.1201983,0.1186873,-0.1835352,0.6899515,88.24183
push,-0.04551503,0.03829416,-0.4785295,-0.8602374,-0.5007509,0.01781904,-0.09445974,0.07915964,-0.1056997,0.4984109,88.3578
push,-0.08161868,-0.1041957,-0.2495561,-0.8606786,-0.5064276,0.02322775,-0.04715852,0.004983751,-0.1610873,0.731919,88.45747
push,0.02246422,-0.1618501,-0.05287864,0.8574708,0.5119128,-0.04682187,0.02228847,0.1238111,-0.1523039,0.9246795,88.55763
push,0.1110955,-0.1140962,0.2148523,0.8549773,0.514819,-0.05095199,0.037137,0.2345879,-0.124975,1.192103,88.64141
push,-0.0005194001,0.05975651,0.3058246,-0.8537793,-0.5120624,0.01202993,-0.09331812,0.1145391,-0.08593586,1.279212,88.74156
push,-0.004147262,0.3157767,0.8259892,-0.8478805,-0.5133798,-0.01792891,-0.1312188,0.1003876,0.07437194,1.792832,88.84171
push,0.1737585,0.1802004,0.5874456,-0.8528968,-0.5071152,0.008397602,-0.1238165,0.3153518,-0.02493587,1.568352,88.94184
push,0.01596493,-0.002248853,0.1544562,-0.8548974,-0.5079152,0.02952879,-0.1014911,0.1726124,-0.1486427,1.1516,89.05805
push,-0.0882363,-0.01570715,-0.09789334,-0.8568314,-0.5066204,0.01332718,-0.09485845,0.033044,-0.1676753,0.9029629,89.14174
push,0.005356319,0.008746459,-0.2105486,-0.8583621,-0.5014418,0.008753993,-0.1081387,0.1303991,-0.1703593,0.7782789,89.2579
push,-0.00212338,0.01411433,-0.3393691,-0.8579051,-0.4985711,0.0311409,-0.1202332,0.1718795,-0.1618186,0.6335883,89.34141
push,-0.08547076,0.06131192,-0.4449522,-0.8609921,-0.4967187,0.03213884,-0.1045478,0.07281598,-0.08593586,0.5254955,89.4416
push,-0.1391464,-0.0585056,-0.2924418,-0.8607651,-0.5043325,0.02947797,-0.06215453,-0.02722469,-0.1347355,0.6848277,89.54182
push,0.1217529,-0.1374255,0.1404772,0.8574282,0.510331,-0.0483022,0.0452334,0.2487394,-0.1652355,1.11622,89.65795
push,0.1605093,0.0240374,0.2137574,-0.8583467,-0.5045958,0.04826826,-0.07933654,0.3216954,-0.06251083,1.186004,89.75768
push,-0.08063444,0.0882465,0.2188451,-0.8576542,-0.5044907,0.002662465,-0.09955461,0.02377201,-0.07885934,1.193323,89.85792
push,-0.06676139,0.02462975,0.3416388,-0.8547974,-0.5067867,-0.01132096,-0.1111778,0.02670033,-0.1771916,1.318008,89.94135
push,0.2021238,0.03508054,0.3989537,-0.8577092,-0.5016586,0.02301623,-0.1101994,0.3539039,-0.1327828,1.384863,90.04146
push,-0.003350901,2.27195E-05,0.1999878,-0.8591598,-0.5007875,0.02239404,-0.102736,0.1406482,-0.1569391,1.196007,90.14157
push,-0.138516,0.02871293,-0.1032488,-0.860049,-0.4994692,0.002187628,-0.1041221,-0.02868885,-0.1515711,0.8936909,90.24169
push,-0.01334028,0.06552522,-0.3112614,-0.8596059,-0.4965569,0.002440453,-0.1204278,0.1120994,-0.1418121,0.6726274,90.3418
push,0.009403271,0.05734203,-0.4339469,-0.8606052,-0.4928479,0.02037958,-0.1266663,0.1699283,-0.1413235,0.5367203,90.44139
push,-0.03846437,-0.06771053,-0.29451,-0.8624861,-0.4970724,0.03048331,-0.09004162,0.1023404,-0.1915873,0.6784841,90.55748
push,-0.07376959,-0.1745769,-0.2273663,0.8628895,0.5027681,-0.03711727,0.03561229,0.02230785,-0.1806069,0.753147,90.65754
push,0.05637882,-0.1543849,0.1101184,0.859152,0.5078542,-0.05535915,0.02961881,0.1796873,-0.1491313,1.087184,90.74148
push,0.03403854,0.0206661,0.2294727,-0.8584116,-0.507273,0.02559159,-0.07175547,0.1494316,-0.075444,1.2065,90.84185
push,-0.01952954,0.1258897,0.3173229,-0.8539094,-0.506332,-0.01329576,-0.1195396,0.07818405,-0.09032679,1.28214,90.94132
push,-0.02751127,0.005653156,0.1511639,-0.8543617,-0.5028431,-0.01087257,-0.1307542,0.08574758,-0.2294081,1.119635,91.04132
push,0.01756682,-0.03377322,0.2777382,-0.8600482,-0.5011554,0.00519849,-0.09556812,0.1238111,-0.195247,1.2736,91.14144
push,-0.001080908,-0.06084299,0.06546959,-0.8625467,-0.4992251,0.01593987,-0.08082893,0.1091711,-0.1867078,1.070592,91.24154
push,-0.02329447,-0.0274418,-0.133731,-0.8623998,-0.4976666,0.01188264,-0.09194142,0.09062709,-0.176703,0.8658749,91.34165
push,-0.0433226,0.03173897,-0.3763955,-0.8618447,-0.4964334,-0.009383276,-0.1033901,0.04402443,-0.157672,0.6118717,91.44176
push,-0.001875228,0.0746352,-0.4521806,-0.862142,-0.4951152,0.009492543,-0.1071537,0.1201515,-0.1000873,0.521103,91.55779
push,0.002179722,-0.02297001,-0.2987784,-0.8625207,-0.4976407,0.02758819,-0.08746788,0.1352801,-0.1449831,0.673116,91.64181
push,-0.0803536,-0.1317131,-0.144634,-0.8627952,-0.503136,0.03351017,-0.03627231,0.01254729,-0.1601118,0.835375,91.74162
push,0.05810449,-0.04404828,0.20202,-0.8571249,-0.5097283,0.04163504,-0.06148414,0.1904235,-0.1061867,1.178196,91.85757
push,0.03478396,0.04998282,0.2360437,-0.8542516,-0.5100846,0.01733653,-0.09882978,0.1640717,-0.09984306,1.207232,91.94148
push,-0.01247141,-0.00637308,0.51179,-0.8516616,-0.507185,-0.007604606,-0.1318256,0.1081955,-0.2384358,1.476119,92.04184
push,0.1772544,0.1121069,0.6231757,-0.8535018,-0.5034146,0.02102733,-0.1329146,0.3482915,-0.09520785,1.59446,92.14167
push,0.008769058,-0.03685505,0.2256874,-0.8557099,-0.5038258,0.04916077,-0.1072539,0.2040879,-0.1730434,1.213575,92.25757
push,-0.09967659,-0.05292506,-0.007361166,-0.8577586,-0.5025864,0.04087453,-0.09993134,0.07379156,-0.185488,0.9859238,92.35772
push,0.01344182,0.05725697,-0.2739042,-0.8576387,-0.4978431,0.02489127,-0.1264455,0.1840798,-0.1371753,0.7045916,92.45763
push,0.03958815,0.09496059,-0.4129303,-0.8583071,-0.4927389,0.02911486,-0.1402485,0.2284886,-0.1179,0.5496519,92.55754
push,-0.05148193,0.06442948,-0.4484625,-0.8589353,-0.4957963,0.03462476,-0.1233584,0.1289365,-0.1117991,0.511344,92.65788
push,-0.1323487,-0.08011387,-0.1162449,-0.8603007,-0.5028542,0.03003735,-0.07821786,-0.003799663,-0.1830467,0.856116,92.75795
push,-0.07797459,-0.1065948,-0.04926832,-0.8600191,-0.5063113,0.03781474,-0.05085286,0.03670362,-0.154988,0.9268749,92.84135
push,0.1239906,-0.02895058,0.2371836,-0.857331,-0.5081488,0.05108943,-0.06448384,0.2753355,-0.08691145,1.212111,92.94144
push,-0.01174592,-0.1050349,0.3318875,-0.8535188,-0.511622,0.0199807,-0.09669215,0.1206401,-0.2489277,1.307515,93.0415
push,-0.0117315,-0.01964195,0.4853593,-0.8523082,-0.5137275,0.01327822,-0.09735693,0.1116124,-0.1727991,1.471484,93.14144
push,0.017263,-0.04877632,0.2233467,-0.8565655,-0.5073195,0.01602203,-0.09309007,0.1408925,-0.1940271,1.219432,93.24162
push,-0.001946279,0.009327369,0.01044829,-0.8562405,-0.5062728,0.012619,-0.1018864,0.1250326,-0.1552307,1.006663,93.34169
push,-0.03324542,0.0398021,-0.08624987,-0.8565816,-0.5019723,0.001162183,-0.1195424,0.09062709,-0.166944,0.9000362,93.44176
push,-0.009891868,0.04447828,-0.2388417,-0.8608615,-0.4937649,0.001128994,-0.1229324,0.1145391,-0.1679196,0.7394841,93.54183
push,-0.02992786,0.05660594,-0.5119969,-0.8645557,-0.4922115,0.009744678,-0.1008775,0.08599187,-0.1078952,0.4654711,93.6419
push,-0.0341515,-0.1408355,-0.2194105,-0.8632904,-0.5001178,0.03510233,-0.05813451,0.08306355,-0.2052518,0.7585151,93.75797
push,-0.03799708,-0.1577212,-0.1150957,0.8621047,0.5039911,-0.04051268,0.0335729,0.06403256,-0.1745075,0.8634352,93.84151
push,0.01037505,-0.09551062,0.2413506,-0.8583635,-0.5093642,0.03439103,-0.05076848,0.1196645,-0.1469359,1.220652,93.9418
push,0.008362927,0.06117332,0.2026277,-0.8556638,-0.509171,-0.005205143,-0.0925048,0.0930684,-0.1013072,1.178684,94.04135
push,0.1102642,0.1426711,0.3195132,-0.8549302,-0.5014145,-0.01265007,-0.1323547,0.221412,-0.09642772,1.28458,94.15765
push,0.00691238,0.01563027,0.3178679,-0.8606335,-0.4980303,0.007158868,-0.1059463,0.1257638,-0.1610873,1.303611,94.25763
push,-0.1154847,-0.1123323,0.1443756,-0.8633253,-0.500261,0.01149728,-0.06539212,-0.02893158,-0.2152551,1.15038,94.35787
push,-0.005497626,-0.04134423,-0.07433596,-0.8613585,-0.5026837,-0.01191125,-0.07230984,0.04743977,-0.1798756,0.9293163,94.45763
push,0.1460542,0.1003866,-0.1766809,-0.8595526,-0.4978483,-0.01442447,-0.114491,0.2362964,-0.1132632,0.8080476,94.55766
push,-0.02571259,0.1190382,-0.2945907,-0.8599097,-0.4917223,-0.01525094,-0.1361316,0.08257654,-0.1315629,0.673603,94.6578
push,-0.1523596,0.05940722,-0.4240841,-0.8621438,-0.4940428,-0.03757269,-0.1059147,-0.1126237,-0.1596232,0.5474548,94.75806
push,-0.1015307,-0.09687899,-0.2353596,-0.8635579,-0.5005563,-0.01926324,-0.05779243,-0.07724424,-0.2145238,0.7450949,94.84155
push,0.1729634,-0.165682,-0.003693371,0.8610526,0.5056386,-0.04041189,0.03584443,0.2772882,-0.1862193,0.9761632,94.94175
push,0.03905341,-0.04764317,0.3000737,-0.8600214,-0.5051361,0.03729358,-0.06172472,0.164316,-0.1154587,1.279943,95.05789
push,-0.1981342,0.08545932,0.1318358,-0.8561618,-0.5067921,-0.02077567,-0.09857538,-0.134096,-0.1035027,1.106948,95.15772
push,0.07178652,0.1390433,0.2649042,-0.8565524,-0.5015552,-0.02281279,-0.1193312,0.1523599,-0.08813132,1.234803,95.25752
push,0.2170712,0.01297387,0.4380073,-0.8600891,-0.4982352,0.0152967,-0.1085098,0.3524397,-0.1596232,1.420732,95.34161
push,-0.06824508,-0.1274519,0.1636378,-0.8619413,-0.5016108,0.01788307,-0.0715818,0.03597232,-0.2345319,1.167948,95.44204
push,-0.1017123,0.05395467,-0.1216163,-0.8593519,-0.5023299,-0.01778306,-0.09414203,-0.03674097,-0.1283919,0.87466,95.5579
push,0.02161719,0.09699227,-0.1347219,-0.8584658,-0.4972585,-0.01797843,-0.1242867,0.1155163,-0.1371753,0.8458669,95.64135
push,0.02445447,0.1163329,-0.4366956,-0.8608786,-0.4913151,-0.006914198,-0.1320973,0.1428437,-0.1188756,0.5323278,95.74149
push,-0.02807217,0.04542938,-0.3339854,-0.8629563,-0.493399,0.004648581,-0.108822,0.08648045,-0.136444,0.6350509,95.84162
push,-0.06026456,-0.1093138,-0.1634912,-0.8663555,-0.4964091,0.02248379,-0.0500057,0.02718735,-0.1727991,0.8175639,95.94176
push,0.02775235,-0.1889443,0.1183454,0.8621454,0.5039709,-0.04877241,0.01843604,0.1289365,-0.1718235,1.098408,96.05788
push,0.03298601,0.003159347,0.2136657,-0.8582548,-0.5083611,0.02018305,-0.06752996,0.1352801,-0.09130394,1.194056,96.15749
push,-0.0001642271,0.2240644,0.2043294,-0.8532072,-0.4982974,-0.03417655,-0.1502303,0.09087138,-0.06519487,1.153064,96.25772
push,0.01070768,-0.3288687,0.1333531,-0.856623,-0.4955438,-0.02458182,-0.1415243,0.1089283,-0.5958951,1.092795,96.35796
push,0.1099477,0.0621946,0.4520116,-0.8640088,-0.4853119,0.001144901,-0.1340148,0.24264,-0.1693837,1.420732,96.45754
push,-0.02683917,0.02865505,0.2502662,-0.86512,-0.490923,0.006976847,-0.1025341,0.08745603,-0.1442518,1.242611,96.55782
push,-0.04854668,-0.06942064,-0.001570356,-0.8662492,-0.4922119,0.01891033,-0.08355922,0.06817921,-0.197444,0.9983684,96.65802
push,0.008426892,-0.02943093,-0.09911351,-0.8647996,-0.489564,0.02948617,-0.1076074,0.167,-0.1889033,0.889787,96.74126
push,-0.05351347,0.10771,-0.1917222,-0.8644887,-0.4821101,0.004901879,-0.1421449,0.09331112,-0.1354668,0.7763277,96.85777
push,-0.04648846,0.1453994,-0.489162,-0.866244,-0.4814219,-0.007818967,-0.1333906,0.06817921,-0.0927681,0.4732789,96.95782
push,-0.003708542,-0.004502375,-0.2913088,-0.8665458,-0.4877388,0.01362311,-0.104993,0.1211271,-0.1715792,0.6770199,97.04125
push,0.01969165,-0.1639603,-0.1298659,-0.8667566,-0.4941181,0.03997285,-0.05461315,0.1413795,-0.2184277,0.8483081,97.14154
push,-0.03372355,-0.1121433,0.1519229,-0.8640964,-0.4990203,0.04088151,-0.05142771,0.08672318,-0.1596232,1.13086,97.25774
push,-0.02175207,0.08527184,0.1343465,-0.8602058,-0.4995322,0.004880246,-0.1024192,0.08794305,-0.0844717,1.104264,97.35776
push,0.2807219,0.08503421,1.131365,-0.8599543,-0.4917403,-0.001234666,-0.1366328,0.4131954,-0.1515711,2.095635,97.45766
push,0.005334414,0.04250277,-0.04896491,-0.8618445,-0.4894096,0.003581472,-0.1330018,0.1418681,-0.1835352,0.9168717,97.54143
push,0.2138289,-0.01675106,0.6876847,-0.8665479,-0.4828416,0.02556175,-0.1237142,0.3792801,-0.2084229,1.665707,97.64165
push,-0.07431705,-0.1115614,0.2359244,-0.8668971,-0.4896402,0.03092503,-0.08823518,0.06769219,-0.2359961,1.232363,97.74123
push,-0.1148152,-0.06181377,-0.04698183,-0.8664777,-0.491231,0.003918882,-0.08884333,-0.01941687,-0.2140352,0.9510313,97.84138
push,0.05096041,0.1152185,-0.0952481,-0.8640978,-0.4863262,-0.0104865,-0.1292746,0.1599235,-0.1213154,0.8831991,97.94165
push,0.08916453,0.1581412,0.001420886,-0.8646953,-0.4788869,-0.01527839,-0.1507846,0.2084804,-0.1203398,0.9661599,98.04192
push,-0.09407409,0.03331811,0.1656931,-0.8659688,-0.4811175,-0.02131684,-0.1347942,-0.0001400367,-0.2237958,1.140375,98.14153
push,-0.02188494,0.002935058,0.3003804,-0.8697845,-0.4784563,-0.002898436,-0.1206068,0.09038436,-0.2133039,1.287995,98.24121
push,-0.1646661,0.1077389,-0.05413459,0.879082,0.4602609,-0.08822201,0.08713019,0.07598703,0.03411294,0.9371241,98.35779
push,0.2372156,-0.5153465,-0.3172696,0.8732583,0.4446445,-0.1989343,0.01167228,0.6008322,-0.3562876,0.6182154,98.45774
push,0.06412718,0.2067077,0.07564394,0.8485067,0.4594812,-0.2624468,0.005909026,0.5203111,0.4406162,0.948103,98.54122
push,-0.3581693,-0.2089815,-0.3399976,0.8229869,0.4738128,-0.3120093,-0.02905431,0.1294235,0.1356162,0.466204,98.64125
push,0.1759274,-0.2293287,0.2347547,0.8192087,0.5050454,-0.2673463,-0.04849792,0.5666726,0.121709,1.090844,98.74127
push,-0.2829652,0.01285014,0.3442084,0.8165589,0.5275279,-0.233772,-0.01722263,0.08452772,0.290556,1.243831,98.84129
push,0.1250859,-0.2127315,0.1240879,0.820187,0.5499532,-0.1565612,0.01825774,0.4051433,-0.06885605,1.085232,98.94133
push,-0.008090305,-0.1590601,0.1699694,-0.8146474,-0.5666932,0.05588827,-0.1099311,0.2106759,-0.2764994,1.153551,99.04134
push,-0.1222637,-0.006710068,-0.1530081,-0.8050754,-0.5676548,-0.03992982,-0.167413,0.005472323,-0.3265189,0.8024352,99.14137
push,0.01520952,-0.1298313,-0.3121661,-0.7836605,-0.5757675,-0.1319773,-0.192224,0.02987139,-0.5880873,0.5889353,99.24138
push,-0.1335198,-0.02931206,-0.3048427,-0.7481017,-0.5714401,-0.2216971,-0.2542646,-0.1748436,-0.6664113,0.4715721,99.34141
push,-0.0858867,0.3978126,-0.1387825,-0.7069993,-0.5536174,-0.2933965,-0.3279912,-0.1375129,-0.3897159,0.4730362,99.44142
push,-0.1975264,-0.1886265,1.460067,-0.6296211,-0.4850397,-0.4024745,-0.4542335,-0.2636596,-1.150507,1.723292,99.54146
push,0.1835504,-0.1636221,0.1475043,-0.6283587,-0.4798287,-0.4122357,-0.4527597,0.09965634,-1.131963,0.398616,99.64147
push,0.1090405,0.4094633,0.2131363,-0.5255561,-0.4714043,-0.4821474,-0.5187511,0.09135995,-0.5888201,0.2100037,99.7415
push,-0.08086978,-0.1300173,0.1005177,-0.4933984,-0.4718622,-0.5138975,-0.5194356,-0.09774096,-1.125375,0.03285884,99.84152
push,0.04060916,0.07756478,-0.008470464,-0.4796024,-0.491594,-0.5232447,-0.5045115,0.03475244,-0.9187077,-0.06498481,99.94155
push,0.03174432,0.0199315,0.08886284,-0.4390555,-0.4889528,-0.559552,-0.5050317,0.03426387,-0.9687273,-0.04717214,100.0416
push,0.08564758,-0.1098875,0.02327117,-0.417078,-0.4908244,-0.5854337,-0.4923462,0.0806238,-1.093656,-0.1467242,100.1416
push,0.02338842,0.07663431,0.0377245,-0.3917723,-0.4874902,-0.6149527,-0.4803134,0.009863252,-0.897724,-0.179664,100.2416
push,-0.003620098,-0.0223801,-0.01714054,-0.3808518,-0.4817813,-0.6352878,-0.4682394,-0.03625239,-0.9884911,-0.2621363,100.3416
